customer_id,n_cards
C00001,1
C00002,1
C00003,1
C00004,1
C00005,2
C00006,1
C00007,1
C00008,2
C00009,1
C00010,1
C00011,1
C00012,1
C00013,1
C00014,1
C00015,2
C00016,1
C00017,1
C00018,1
C00019,1
C00020,1
C00021,1
C00022,1
C00023,1
C00024,1
C00025,1
C00026,1
C00027,1
C00028,1
C00029,1
C00030,1
C00031,2
C00032,1
C00033,1
C00034,1
C00035,1
C00036,1
C00037,1
C00038,1
C00039,1
C00040,1
C00041,1
C00042,1
C00043,1
C00044,1
C00045,1
C00046,1
C00047,1
C00048,1
C00049,1
C00050,2
C00051,1
C00052,1
C00053,1
C00054,1
C00055,1
C00056,1
C00057,2
C00058,1
C00059,2
C00060,1
C00061,1
C00062,1
C00063,1
C00064,1
C00065,1
C00066,1
C00067,1
C00068,1
C00069,2
C00070,1
C00071,1
C00072,2
C00073,2
C00074,1
C00075,1
C00076,1
C00077,1
C00078,2
C00079,1
C00080,1
C00081,2
C00082,1
C00083,1
C00084,1
C00085,1
C00086,1
C00087,1
C00088,1
C00089,2
C00090,1
C00091,1
C00092,1
C00093,1
C00094,4
C00095,2
C00096,1
C00097,1
C00098,1
C00099,1
C00100,1
C00101,1
C00102,1
C00103,1
C00104,1
C00105,1
C00106,1
C00107,2
C00108,1
C00109,1
C00110,1
C00111,1
C00112,1
C00113,1
C00114,1
C00115,1
C00116,1
C00117,1
C00118,1
C00119,1
C00120,1
C00121,1
C00122,1
C00123,1
C00124,1
C00125,1
C00126,1
C00127,1
C00128,1
C00129,2
C00130,1
C00131,1
C00132,1
C00133,1
C00134,1
C00135,1
C00136,1
C00137,1
C00138,1
C00139,1
C00140,1
C00141,1
C00142,1
C00143,2
C00144,1
C00145,1
C00146,1
C00147,1
C00148,1
C00149,1
C00150,1
C00151,1
C00152,1
C00153,1
C00154,1
C00155,1
C00156,2
C00157,1
C00158,1
C00159,1
C00160,1
C00161,1
C00162,1
C00163,1
C00164,2
C00165,1
C00166,1
C00167,2
C00168,3
C00169,1
C00170,2
C00171,1
C00172,1
C00173,1
C00174,1
C00175,1
C00176,1
C00177,1
C00178,1
C00179,1
C00180,1
C00181,1
C00182,1
C00183,1
C00184,1
C00185,1
C00186,1
C00187,1
C00188,1
C00189,2
C00190,1
C00191,1
C00192,1
C00193,1
C00194,1
C00195,1
C00196,1
C00197,1
C00198,1
C00199,1
C00200,1
C00201,1
C00202,1
C00203,1
C00204,1
C00205,1
C00206,1
C00207,1
C00208,1
C00209,1
C00210,1
C00211,1
C00212,1
C00213,1
C00214,2
C00215,1
C00216,1
C00217,1
C00218,1
C00219,1
C00220,1
C00221,1
C00222,1
C00223,1
C00224,1
C00225,1
C00226,1
C00227,1
C00228,1
C00229,1
C00230,1
C00231,2
C00232,3
C00233,1
C00234,1
C00235,2
C00236,1
C00237,1
C00238,1
C00239,1
C00240,1
C00241,1
C00242,1
C00243,1
C00244,1
C00245,1
C00246,1
C00247,1
C00248,1
C00249,1
C00250,1
C00251,1
C00252,1
C00253,1
C00254,1
C00255,1
C00256,2
C00257,1
C00258,1
C00259,1
C00260,1
C00261,1
C00262,1
C00263,1
C00264,1
C00265,1
C00266,1
C00267,1
C00268,2
C00269,1
C00270,1
C00271,1
C00272,1
C00273,1
C00274,1
C00275,1
C00276,1
C00277,1
C00278,1
C00279,1
C00280,2
C00281,1
C00282,1
C00283,1
C00284,1
C00285,1
C00286,1
C00287,1
C00288,1
C00289,1
C00290,1
C00291,1
C00292,1
C00293,1
C00294,2
C00295,1
C00296,1
C00297,1
C00298,1
C00299,1
C00300,1
C00301,2
C00302,1
C00303,1
C00304,1
C00305,1
C00306,1
C00307,1
C00308,1
C00309,1
C00310,1
C00311,1
C00312,1
C00313,1
C00314,1
C00315,2
C00316,1
C00317,1
C00318,1
C00319,1
C00320,1
C00321,1
C00322,1
C00323,1
C00324,1
C00325,1
C00326,1
C00327,1
C00328,1
C00329,2
C00330,1
C00331,1
C00332,2
C00333,1
C00334,1
C00335,1
C00336,1
C00337,1
C00338,1
C00339,1
C00340,1
C00341,1
C00342,1
C00343,1
C00344,1
C00345,1
C00346,1
C00347,1
C00348,1
C00349,1
C00350,1
C00351,1
C00352,1
C00353,1
C00354,1
C00355,1
C00356,1
C00357,1
C00358,1
C00359,1
C00360,1
C00361,1
C00362,1
C00363,1
C00364,1
C00365,1
C00366,1
C00367,1
C00368,1
C00369,1
C00370,2
C00371,1
C00372,1
C00373,1
C00374,1
C00375,1
C00376,1
C00377,1
C00378,1
C00379,1
C00380,1
C00381,1
C00382,1
C00383,1
C00384,1
C00385,1
C00386,1
C00387,1
C00388,1
C00389,1
C00390,1
C00391,1
C00392,1
C00393,1
C00394,1
C00395,1
C00396,1
C00397,1
C00398,1
C00399,1
C00400,1
C00401,1
C00402,1
C00403,1
C00404,1
C00405,2
C00406,1
C00407,1
C00408,1
C00409,1
C00410,1
C00411,1
C00412,1
C00413,1
C00414,1
C00415,1
C00416,1
C00417,1
C00418,1
C00419,2
C00420,1
C00421,1
C00422,1
C00423,1
C00424,1
C00425,1
C00426,2
C00427,1
C00428,1
C00429,1
C00430,1
C00431,1
C00432,1
C00433,1
C00434,1
C00435,1
C00436,1
C00437,1
C00438,1
C00439,1
C00440,1
C00441,1
C00442,1
C00443,1
C00444,1
C00445,1
C00446,1
C00447,1
C00448,1
C00449,1
C00450,1
C00451,1
C00452,2
C00453,1
C00454,1
C00455,1
C00456,1
C00457,1
C00458,1
C00459,1
C00460,1
C00461,1
C00462,1
C00463,1
C00464,1
C00465,1
C00466,1
C00467,1
C00468,1
C00469,1
C00470,1
C00471,1
C00472,1
C00473,1
C00474,1
C00475,1
C00476,1
C00477,2
C00478,1
C00479,1
C00480,1
C00481,1
C00482,1
C00483,1
C00484,1
C00485,1
C00486,1
C00487,1
C00488,1
C00489,1
C00490,1
C00491,1
C00492,1
C00493,1
C00494,1
C00495,2
C00496,1
C00497,1
C00498,1
C00499,1
C00500,1
C00501,1
C00502,1
C00503,1
C00504,1
C00505,1
C00506,1
C00507,1
C00508,1
C00509,1
C00510,1
C00511,1
C00512,1
C00513,1
C00514,1
C00515,1
C00516,1
C00517,1
C00518,1
C00519,1
C00520,2
C00521,1
C00522,1
C00523,1
C00524,1
C00525,1
C00526,1
C00527,1
C00528,1
C00529,1
C00530,1
C00531,1
C00532,1
C00533,1
C00534,2
C00535,1
C00536,1
C00537,1
C00538,1
C00539,1
C00540,2
C00541,1
C00542,1
C00543,1
C00544,1
C00545,1
C00546,1
C00547,1
C00548,1
C00549,1
C00550,1
C00551,1
C00552,1
C00553,2
C00554,1
C00555,1
C00556,1
C00557,1
C00558,1
C00559,1
C00560,1
C00561,1
C00562,1
C00563,1
C00564,1
C00565,2
C00566,1
C00567,1
C00568,1
C00569,1
C00570,1
C00571,1
C00572,1
C00573,1
C00574,1
C00575,1
C00576,1
C00577,1
C00578,1
C00579,1
C00580,1
C00581,1
C00582,1
C00583,1
C00584,1
C00585,1
C00586,1
C00587,1
C00588,1
C00589,1
C00590,1
C00591,1
C00592,1
C00593,1
C00594,1
C00595,1
C00596,1
C00597,1
C00598,1
C00599,2
C00600,1
C00601,1
C00602,1
C00603,1
C00604,1
C00605,1
C00606,1
C00607,1
C00608,1
C00609,1
C00610,1
C00611,1
C00612,1
C00613,2
C00614,2
C00615,1
C00616,1
C00617,1
C00618,1
C00619,1
C00620,1
C00621,2
C00622,1
C00623,1
C00624,1
C00625,1
C00626,1
C00627,1
C00628,1
C00629,1
C00630,1
C00631,1
C00632,1
C00633,1
C00634,1
C00635,1
C00636,1
C00637,1
C00638,1
C00639,1
C00640,1
C00641,2
C00642,2
C00643,1
C00644,1
C00645,1
C00646,1
C00647,1
C00648,1
C00649,1
C00650,1
C00651,1
C00652,1
C00653,1
C00654,1
C00655,1
C00656,1
C00657,1
C00658,1
C00659,1
C00660,1
C00661,1
C00662,1
C00663,1
C00664,1
C00665,1
C00666,1
C00667,1
C00668,1
C00669,1
C00670,1
C00671,1
C00672,1
C00673,1
C00674,1
C00675,1
C00676,1
C00677,1
C00678,1
C00679,1
C00680,1
C00681,1
C00682,1
C00683,1
C00684,1
C00685,1
C00686,1
C00687,1
C00688,1
C00689,1
C00690,1
C00691,1
C00692,1
C00693,1
C00694,1
C00695,1
C00696,1
C00697,2
C00698,1
C00699,1
C00700,1
C00701,1
C00702,1
C00703,1
C00704,1
C00705,1
C00706,1
C00707,1
C00708,1
C00709,1
C00710,1
C00711,1
C00712,1
C00713,1
C00714,1
C00715,1
C00716,1
C00717,1
C00718,1
C00719,1
C00720,1
C00721,1
C00722,1
C00723,2
C00724,1
C00725,1
C00726,1
C00727,1
C00728,2
C00729,1
C00730,3
C00731,1
C00732,1
C00733,1
C00734,1
C00735,1
C00736,1
C00737,1
C00738,1
C00739,1
C00740,1
C00741,1
C00742,1
C00743,1
C00744,1
C00745,1
C00746,1
C00747,1
C00748,1
C00749,1
C00750,4
C00751,1
C00752,1
C00753,1
C00754,2
C00755,1
C00756,1
C00757,1
C00758,1
C00759,1
C00760,1
C00761,1
C00762,1
C00763,1
C00764,1
C00765,1
C00766,1
C00767,1
C00768,2
C00769,2
C00770,1
C00771,1
C00772,1
C00773,2
C00774,1
C00775,1
C00776,1
C00777,1
C00778,1
C00779,1
C00780,1
C00781,2
C00782,1
C00783,1
C00784,1
C00785,1
C00786,1
C00787,1
C00788,1
C00789,1
C00790,1
C00791,1
C00792,1
C00793,1
C00794,1
C00795,1
C00796,1
C00797,1
C00798,1
C00799,1
C00800,1
C00801,1
C00802,1
C00803,2
C00804,1
C00805,1
C00806,1
C00807,1
C00808,1
C00809,1
C00810,1
C00811,1
C00812,1
C00813,1
C00814,2
C00815,1
C00816,1
C00817,1
C00818,1
C00819,1
C00820,1
C00821,1
C00822,1
C00823,1
C00824,1
C00825,1
C00826,1
C00827,1
C00828,1
C00829,1
C00830,1
C00831,1
C00832,1
C00833,1
C00834,2
C00835,1
C00836,1
C00837,1
C00838,1
C00839,1
C00840,1
C00841,1
C00842,2
C00843,1
C00844,1
C00845,1
C00846,1
C00847,1
C00848,1
C00849,1
C00850,1
C00851,1
C00852,1
C00853,1
C00854,2
C00855,1
C00856,1
C00857,2
C00858,1
C00859,1
C00860,1
C00861,1
C00862,1
C00863,1
C00864,1
C00865,1
C00866,1
C00867,1
C00868,1
C00869,1
C00870,1
C00871,1
C00872,1
C00873,1
C00874,1
C00875,2
C00876,1
C00877,1
C00878,1
C00879,3
C00880,1
C00881,1
C00882,1
C00883,1
C00884,1
C00885,1
C00886,1
C00887,1
C00888,1
C00889,2
C00890,1
C00891,1
C00892,1
C00893,1
C00894,1
C00895,1
C00896,1
C00897,1
C00898,1
C00899,1
C00900,1
C00901,1
C00902,1
C00903,1
C00904,1
C00905,1
C00906,1
C00907,1
C00908,1
C00909,1
C00910,1
C00911,1
C00912,1
C00913,1
C00914,1
C00915,2
C00916,1
C00917,1
C00918,1
C00919,1
C00920,1
C00921,1
C00922,1
C00923,1
C00924,1
C00925,1
C00926,1
C00927,1
C00928,2
C00929,1
C00930,1
C00931,1
C00932,1
C00933,2
C00934,1
C00935,1
C00936,1
C00937,1
C00938,1
C00939,2
C00940,1
C00941,1
C00942,2
C00943,1
C00944,1
C00945,1
C00946,1
C00947,1
C00948,1
C00949,1
C00950,1
C00951,1
C00952,1
C00953,1
C00954,1
C00955,1
C00956,1
C00957,1
C00958,1
C00959,1
C00960,1
C00961,1
C00962,2
C00963,1
C00964,1
C00965,1
C00966,1
C00967,1
C00968,1
C00969,2
C00970,1
C00971,1
C00972,1
C00973,1
C00974,1
C00975,1
C00976,1
C00977,1
C00978,1
C00979,1
C00980,1
C00981,1
C00982,1
C00983,1
C00984,1
C00985,1
C00986,1
C00987,2
C00988,1
C00989,1
C00990,1
C00991,1
C00992,1
C00993,1
C00994,1
C00995,1
C00996,1
C00997,1
C00998,1
C00999,1
C01000,1
C01001,1
C01002,1
C01003,1
C01004,1
C01005,1
C01006,1
C01007,1
C01008,2
C01009,1
C01010,1
C01011,1
C01012,1
C01013,1
C01014,1
C01015,1
C01016,1
C01017,1
C01018,1
C01019,1
C01020,1
C01021,1
C01022,1
C01023,1
C01024,1
C01025,2
C01026,1
C01027,1
C01028,1
C01029,1
C01030,1
C01031,1
C01032,1
C01033,1
C01034,1
C01035,1
C01036,1
C01037,1
C01038,1
C01039,1
C01040,2
C01041,1
C01042,1
C01043,1
C01044,1
C01045,1
C01046,1
C01047,1
C01048,2
C01049,1
C01050,1
C01051,1
C01052,1
C01053,1
C01054,1
C01055,1
C01056,1
C01057,2
C01058,1
C01059,1
C01060,1
C01061,1
C01062,1
C01063,2
C01064,1
C01065,1
C01066,1
C01067,1
C01068,1
C01069,1
C01070,1
C01071,1
C01072,2
C01073,1
C01074,1
C01075,1
C01076,1
C01077,1
C01078,1
C01079,1
C01080,1
C01081,1
C01082,1
C01083,1
C01084,1
C01085,1
C01086,1
C01087,1
C01088,1
C01089,1
C01090,1
C01091,1
C01092,1
C01093,1
C01094,1
C01095,1
C01096,1
C01097,1
C01098,1
C01099,1
C01100,1
C01101,1
C01102,2
C01103,1
C01104,2
C01105,1
C01106,1
C01107,1
C01108,1
C01109,2
C01110,1
C01111,1
C01112,1
C01113,1
C01114,1
C01115,1
C01116,2
C01117,1
C01118,1
C01119,2
C01120,1
C01121,1
C01122,1
C01123,1
C01124,1
C01125,1
C01126,1
C01127,1
C01128,2
C01129,1
C01130,1
C01131,1
C01132,1
C01133,1
C01134,2
C01135,1
C01136,1
C01137,1
C01138,2
C01139,1
C01140,1
C01141,1
C01142,1
C01143,1
C01144,1
C01145,1
C01146,1
C01147,1
C01148,1
C01149,1
C01150,1
C01151,1
C01152,1
C01153,1
C01154,1
C01155,2
C01156,1
C01157,2
C01158,1
C01159,1
C01160,2
C01161,1
C01162,1
C01163,2
C01164,1
C01165,1
C01166,1
C01167,1
C01168,1
C01169,1
C01170,1
C01171,1
C01172,1
C01173,1
C01174,1
C01175,1
C01176,1
C01177,1
C01178,1
C01179,1
C01180,1
C01181,1
C01182,1
C01183,1
C01184,1
C01185,1
C01186,1
C01187,1
C01188,1
C01189,1
C01190,1
C01191,1
C01192,1
C01193,1
C01194,1
C01195,1
C01196,1
C01197,1
C01198,1
C01199,1
C01200,1
C01201,1
C01202,1
C01203,1
C01204,1
C01205,1
C01206,2
C01207,1
C01208,1
C01209,2
C01210,1
C01211,1
C01212,1
C01213,1
C01214,1
C01215,1
C01216,1
C01217,1
C01218,2
C01219,1
C01220,1
C01221,1
C01222,1
C01223,1
C01224,1
C01225,2
C01226,1
C01227,1
C01228,1
C01229,1
C01230,1
C01231,1
C01232,1
C01233,1
C01234,1
C01235,1
C01236,1
C01237,1
C01238,1
C01239,1
C01240,1
C01241,1
C01242,1
C01243,1
C01244,1
C01245,1
C01246,1
C01247,1
C01248,1
C01249,1
C01250,1
C01251,1
C01252,1
C01253,1
C01254,1
C01255,1
C01256,1
C01257,1
C01258,1
C01259,2
C01260,1
C01261,1
C01262,1
C01263,1
C01264,1
C01265,1
C01266,1
C01267,1
C01268,1
C01269,1
C01270,1
C01271,2
C01272,1
C01273,1
C01274,1
C01275,1
C01276,1
C01277,1
C01278,1
C01279,1
C01280,1
C01281,1
C01282,1
C01283,1
C01284,1
C01285,1
C01286,1
C01287,1
C01288,1
C01289,2
C01290,1
C01291,1
C01292,1
C01293,1
C01294,1
C01295,1
C01296,1
C01297,1
C01298,1
C01299,1
C01300,2
C01301,1
C01302,1
C01303,1
C01304,1
C01305,1
C01306,1
C01307,1
C01308,1
C01309,1
C01310,1
C01311,1
C01312,1
C01313,1
C01314,1
C01315,2
C01316,1
C01317,1
C01318,1
C01319,1
C01320,2
C01321,1
C01322,1
C01323,1
C01324,1
C01325,1
C01326,2
C01327,1
C01328,1
C01329,1
C01330,1
C01331,1
C01332,1
C01333,2
C01334,1
C01335,1
C01336,1
C01337,2
C01338,1
C01339,1
C01340,1
C01341,1
C01342,2
C01343,1
C01344,1
C01345,1
C01346,1
C01347,2
C01348,2
C01349,2
C01350,1
C01351,1
C01352,1
C01353,1
C01354,1
C01355,1
C01356,1
C01357,1
C01358,1
C01359,1
C01360,1
C01361,1
C01362,1
C01363,1
C01364,1
C01365,2
C01366,1
C01367,1
C01368,1
C01369,1
C01370,1
C01371,1
C01372,2
C01373,1
C01374,2
C01375,1
C01376,1
C01377,1
C01378,1
C01379,1
C01380,1
C01381,1
C01382,1
C01383,1
C01384,1
C01385,1
C01386,1
C01387,1
C01388,1
C01389,1
C01390,1
C01391,1
C01392,1
C01393,2
C01394,1
C01395,1
C01396,1
C01397,1
C01398,2
C01399,1
C01400,1
C01401,1
C01402,1
C01403,1
C01404,1
C01405,1
C01406,1
C01407,1
C01408,1
C01409,1
C01410,1
C01411,1
C01412,1
C01413,1
C01414,1
C01415,1
C01416,1
C01417,1
C01418,1
C01419,1
C01420,1
C01421,1
C01422,1
C01423,1
C01424,1
C01425,1
C01426,1
C01427,1
C01428,1
C01429,2
C01430,2
C01431,1
C01432,1
C01433,1
C01434,1
C01435,1
C01436,1
C01437,1
C01438,1
C01439,1
C01440,1
C01441,1
C01442,1
C01443,1
C01444,1
C01445,1
C01446,1
C01447,1
C01448,1
C01449,1
C01450,1
C01451,1
C01452,1
C01453,2
C01454,1
C01455,1
C01456,1
C01457,1
C01458,1
C01459,1
C01460,1
C01461,1
C01462,1
C01463,1
C01464,1
C01465,1
C01466,1
C01467,1
C01468,1
C01469,1
C01470,1
C01471,1
C01472,1
C01473,1
C01474,1
C01475,1
C01476,1
C01477,1
C01478,1
C01479,1
C01480,1
C01481,1
C01482,1
C01483,1
C01484,1
C01485,1
C01486,1
C01487,1
C01488,3
C01489,1
C01490,1
C01491,1
C01492,1
C01493,2
C01494,1
C01495,1
C01496,1
C01497,1
C01498,1
C01499,1
C01500,1
C01501,1
C01502,1
C01503,1
C01504,1
C01505,1
C01506,1
C01507,1
C01508,1
C01509,1
C01510,1
C01511,1
C01512,1
C01513,1
C01514,1
C01515,1
C01516,1
C01517,1
C01518,1
C01519,1
C01520,1
C01521,3
C01522,2
C01523,1
C01524,1
C01525,2
C01526,1
C01527,1
C01528,1
C01529,1
C01530,1
C01531,1
C01532,1
C01533,1
C01534,1
C01535,1
C01536,1
C01537,1
C01538,1
C01539,1
C01540,1
C01541,1
C01542,1
C01543,1
C01544,1
C01545,1
C01546,1
C01547,1
C01548,1
C01549,2
C01550,1
C01551,1
C01552,1
C01553,1
C01554,1
C01555,1
C01556,1
C01557,1
C01558,1
C01559,1
C01560,1
C01561,1
C01562,1
C01563,1
C01564,1
C01565,1
C01566,1
C01567,1
C01568,1
C01569,1
C01570,1
C01571,1
C01572,1
C01573,1
C01574,1
C01575,1
C01576,1
C01577,1
C01578,1
C01579,1
C01580,1
C01581,1
C01582,1
C01583,1
C01584,1
C01585,1
C01586,1
C01587,1
C01588,1
C01589,1
C01590,1
C01591,2
C01592,1
C01593,1
C01594,1
C01595,1
C01596,2
C01597,1
C01598,1
C01599,1
C01600,1
C01601,1
C01602,1
C01603,1
C01604,1
C01605,1
C01606,1
C01607,1
C01608,1
C01609,1
C01610,1
C01611,1
C01612,1
C01613,1
C01614,1
C01615,1
C01616,1
C01617,1
C01618,3
C01619,2
C01620,1
C01621,1
C01622,1
C01623,1
C01624,1
C01625,1
C01626,1
C01627,1
C01628,1
C01629,1
C01630,1
C01631,1
C01632,1
C01633,1
C01634,1
C01635,1
C01636,1
C01637,1
C01638,1
C01639,2
C01640,1
C01641,1
C01642,1
C01643,1
C01644,1
C01645,1
C01646,1
C01647,1
C01648,1
C01649,1
C01650,1
C01651,1
C01652,1
C01653,1
C01654,1
C01655,1
C01656,1
C01657,1
C01658,1
C01659,1
C01660,1
C01661,1
C01662,1
C01663,1
C01664,1
C01665,1
C01666,1
C01667,1
C01668,1
C01669,1
C01670,1
C01671,1
C01672,1
C01673,2
C01674,1
C01675,1
C01676,1
C01677,1
C01678,1
C01679,1
C01680,1
C01681,1
C01682,2
C01683,1
C01684,1
C01685,1
C01686,1
C01687,1
C01688,1
C01689,1
C01690,1
C01691,1
C01692,1
C01693,1
C01694,1
C01695,2
C01696,1
C01697,1
C01698,1
C01699,1
C01700,1
C01701,1
C01702,1
C01703,1
C01704,1
C01705,1
C01706,1
C01707,1
C01708,1
C01709,1
C01710,1
C01711,1
C01712,1
C01713,1
C01714,1
C01715,1
C01716,1
C01717,1
C01718,1
C01719,1
C01720,2
C01721,3
C01722,1
C01723,1
C01724,1
C01725,1
C01726,1
C01727,2
C01728,1
C01729,1
C01730,1
C01731,2
C01732,1
C01733,1
C01734,1
C01735,1
C01736,1
C01737,1
C01738,1
C01739,1
C01740,1
C01741,1
C01742,2
C01743,1
C01744,2
C01745,1
C01746,1
C01747,1
C01748,1
C01749,2
C01750,1
C01751,1
C01752,1
C01753,1
C01754,1
C01755,3
C01756,1
C01757,1
C01758,1
C01759,1
C01760,1
C01761,1
C01762,1
C01763,1
C01764,1
C01765,1
C01766,1
C01767,2
C01768,1
C01769,1
C01770,1
C01771,1
C01772,1
C01773,1
C01774,1
C01775,1
C01776,1
C01777,1
C01778,1
C01779,1
C01780,1
C01781,1
C01782,4
C01783,1
C01784,1
C01785,2
C01786,1
C01787,1
C01788,1
C01789,1
C01790,1
C01791,1
C01792,1
C01793,1
C01794,1
C01795,1
C01796,1
C01797,1
C01798,1
C01799,2
C01800,1
C01801,1
C01802,1
C01803,1
C01804,1
C01805,1
C01806,1
C01807,1
C01808,1
C01809,1
C01810,1
C01811,1
C01812,1
C01813,1
C01814,1
C01815,1
C01816,1
C01817,1
C01818,2
C01819,1
C01820,1
C01821,1
C01822,1
C01823,1
C01824,1
C01825,2
C01826,1
C01827,1
C01828,2
C01829,1
C01830,1
C01831,1
C01832,1
C01833,1
C01834,1
C01835,1
C01836,1
C01837,1
C01838,1
C01839,1
C01840,1
C01841,1
C01842,1
C01843,1
C01844,1
C01845,1
C01846,1
C01847,1
C01848,1
C01849,1
C01850,1
C01851,1
C01852,1
C01853,1
C01854,1
C01855,2
C01856,1
C01857,1
C01858,1
C01859,1
C01860,1
C01861,1
C01862,1
C01863,1
C01864,1
C01865,1
C01866,1
C01867,1
C01868,1
C01869,1
C01870,2
C01871,1
C01872,1
C01873,1
C01874,1
C01875,1
C01876,1
C01877,1
C01878,1
C01879,1
C01880,1
C01881,1
C01882,1
C01883,1
C01884,1
C01885,1
C01886,1
C01887,1
C01888,1
C01889,1
C01890,1
C01891,1
C01892,1
C01893,1
C01894,1
C01895,1
C01896,1
C01897,1
C01898,1
C01899,1
C01900,1
C01901,1
C01902,1
C01903,1
C01904,1
C01905,1
C01906,1
C01907,1
C01908,1
C01909,2
C01910,1
C01911,1
C01912,1
C01913,1
C01914,1
C01915,1
C01916,1
C01917,1
C01918,1
C01919,1
C01920,1
C01921,1
C01922,2
C01923,1
C01924,1
C01925,1
C01926,1
C01927,1
C01928,1
C01929,2
C01930,1
C01931,1
C01932,2
C01933,2
C01934,1
C01935,1
C01936,2
C01937,1
C01938,1
C01939,1
C01940,1
C01941,1
C01942,1
C01943,1
C01944,1
C01945,1
C01946,1
C01947,1
C01948,1
C01949,1
C01950,1
C01951,1
C01952,1
C01953,2
C01954,1
C01955,1
C01956,1
C01957,1
C01958,1
C01959,1
C01960,1
C01961,1
C01962,1
C01963,1
C01964,1
C01965,2
C01966,1
C01967,1
C01968,1
C01969,1
C01970,1
C01971,1
C01972,1
C01973,1
C01974,1
C01975,1
C01976,1
C01977,1
C01978,1
C01979,1
C01980,1
C01981,1
C01982,2
C01983,1
C01984,1
C01985,1
C01986,1
C01987,1
C01988,1
C01989,1
C01990,1
C01991,1
C01992,2
C01993,1
C01994,1
C01995,1
C01996,2
C01997,1
C01998,1
C01999,3
C02000,2
C02001,1
C02002,1
C02003,1
C02004,1
C02005,1
C02006,1
C02007,1
C02008,1
C02009,2
C02010,1
C02011,1
C02012,1
C02013,1
C02014,3
C02015,1
C02016,1
C02017,1
C02018,2
C02019,1
C02020,1
C02021,1
C02022,1
C02023,1
C02024,1
C02025,2
C02026,1
C02027,1
C02028,1
C02029,1
C02030,1
C02031,1
C02032,1
C02033,1
C02034,1
C02035,1
C02036,1
C02037,1
C02038,2
C02039,1
C02040,1
C02041,1
C02042,1
C02043,1
C02044,2
C02045,1
C02046,1
C02047,1
C02048,1
C02049,1
C02050,1
C02051,1
C02052,1
C02053,1
C02054,1
C02055,1
C02056,1
C02057,1
C02058,1
C02059,1
C02060,1
C02061,2
C02062,1
C02063,1
C02064,1
C02065,1
C02066,1
C02067,1
C02068,1
C02069,1
C02070,1
C02071,1
C02072,1
C02073,1
C02074,1
C02075,1
C02076,1
C02077,1
C02078,1
C02079,1
C02080,1
C02081,1
C02082,1
C02083,2
C02084,2
C02085,1
C02086,1
C02087,2
C02088,1
C02089,1
C02090,1
C02091,1
C02092,1
C02093,1
C02094,1
C02095,2
C02096,1
C02097,1
C02098,1
C02099,1
C02100,1
C02101,1
C02102,1
C02103,1
C02104,1
C02105,2
C02106,1
C02107,1
C02108,1
C02109,1
C02110,1
C02111,1
C02112,1
C02113,1
C02114,1
C02115,1
C02116,1
C02117,1
C02118,1
C02119,1
C02120,1
C02121,1
C02122,1
C02123,1
C02124,1
C02125,1
C02126,1
C02127,2
C02128,1
C02129,1
C02130,1
C02131,1
C02132,1
C02133,1
C02134,2
C02135,1
C02136,1
C02137,1
C02138,1
C02139,1
C02140,1
C02141,1
C02142,1
C02143,1
C02144,1
C02145,2
C02146,1
C02147,2
C02148,1
C02149,1
C02150,1
C02151,1
C02152,1
C02153,1
C02154,1
C02155,1
C02156,2
C02157,1
C02158,1
C02159,1
C02160,1
C02161,1
C02162,1
C02163,1
C02164,1
C02165,1
C02166,1
C02167,2
C02168,1
C02169,1
C02170,1
C02171,1
C02172,1
C02173,1
C02174,1
C02175,1
C02176,1
C02177,1
C02178,1
C02179,1
C02180,1
C02181,2
C02182,1
C02183,1
C02184,1
C02185,1
C02186,1
C02187,1
C02188,1
C02189,2
C02190,1
C02191,1
C02192,1
C02193,1
C02194,1
C02195,1
C02196,1
C02197,1
C02198,1
C02199,1
C02200,1
C02201,1
C02202,1
C02203,1
C02204,1
C02205,1
C02206,1
C02207,1
C02208,1
C02209,1
C02210,1
C02211,1
C02212,1
C02213,1
C02214,2
C02215,1
C02216,2
C02217,1
C02218,1
C02219,2
C02220,1
C02221,1
C02222,1
C02223,1
C02224,1
C02225,1
C02226,1
C02227,1
C02228,1
C02229,1
C02230,1
C02231,3
C02232,1
C02233,1
C02234,2
C02235,1
C02236,1
C02237,1
C02238,1
C02239,2
C02240,1
C02241,1
C02242,1
C02243,1
C02244,1
C02245,2
C02246,1
C02247,1
C02248,1
C02249,1
C02250,2
C02251,1
C02252,1
C02253,1
C02254,1
C02255,1
C02256,1
C02257,1
C02258,1
C02259,1
C02260,1
C02261,1
C02262,1
C02263,1
C02264,1
C02265,1
C02266,2
C02267,1
C02268,1
C02269,1
C02270,1
C02271,1
C02272,2
C02273,1
C02274,1
C02275,1
C02276,1
C02277,1
C02278,1
C02279,1
C02280,1
C02281,1
C02282,1
C02283,1
C02284,1
C02285,2
C02286,1
C02287,2
C02288,1
C02289,1
C02290,1
C02291,1
C02292,1
C02293,1
C02294,1
C02295,1
C02296,1
C02297,1
C02298,1
C02299,1
C02300,1
C02301,1
C02302,1
C02303,1
C02304,1
C02305,1
C02306,1
C02307,1
C02308,1
C02309,2
C02310,1
C02311,1
C02312,1
C02313,1
C02314,1
C02315,1
C02316,1
C02317,1
C02318,1
C02319,1
C02320,2
C02321,2
C02322,1
C02323,1
C02324,1
C02325,1
C02326,1
C02327,1
C02328,1
C02329,1
C02330,1
C02331,1
C02332,1
C02333,2
C02334,1
C02335,1
C02336,1
C02337,1
C02338,1
C02339,1
C02340,2
C02341,1
C02342,1
C02343,1
C02344,1
C02345,1
C02346,1
C02347,1
C02348,1
C02349,2
C02350,1
C02351,1
C02352,1
C02353,1
C02354,2
C02355,1
C02356,1
C02357,1
C02358,1
C02359,1
C02360,1
C02361,1
C02362,1
C02363,1
C02364,1
C02365,1
C02366,1
C02367,1
C02368,1
C02369,1
C02370,1
C02371,2
C02372,1
C02373,1
C02374,1
C02375,1
C02376,1
C02377,1
C02378,1
C02379,1
C02380,1
C02381,1
C02382,1
C02383,1
C02384,1
C02385,1
C02386,1
C02387,1
C02388,1
C02389,1
C02390,1
C02391,1
C02392,1
C02393,2
C02394,1
C02395,1
C02396,1
C02397,1
C02398,1
C02399,1
C02400,2
C02401,1
C02402,1
C02403,1
C02404,1
C02405,1
C02406,1
C02407,1
C02408,1
C02409,1
C02410,1
C02411,1
C02412,1
C02413,1
C02414,1
C02415,1
C02416,1
C02417,1
C02418,1
C02419,1
C02420,1
C02421,1
C02422,1
C02423,1
C02424,1
C02425,1
C02426,1
C02427,1
C02428,1
C02429,1
C02430,1
C02431,1
C02432,1
C02433,3
C02434,1
C02435,1
C02436,1
C02437,1
C02438,1
C02439,1
C02440,2
C02441,1
C02442,1
C02443,1
C02444,1
C02445,1
C02446,1
C02447,1
C02448,1
C02449,1
C02450,1
C02451,1
C02452,1
C02453,1
C02454,1
C02455,1
C02456,1
C02457,1
C02458,1
C02459,1
C02460,2
C02461,1
C02462,1
C02463,1
C02464,1
C02465,1
C02466,1
C02467,1
C02468,1
C02469,1
C02470,1
C02471,1
C02472,1
C02473,1
C02474,2
C02475,1
C02476,1
C02477,1
C02478,1
C02479,2
C02480,1
C02481,2
C02482,1
C02483,1
C02484,2
C02485,1
C02486,1
C02487,1
C02488,1
C02489,1
C02490,1
C02491,1
C02492,1
C02493,1
C02494,1
C02495,1
C02496,1
C02497,1
C02498,1
C02499,1
C02500,1
C02501,1
C02502,2
C02503,1
C02504,1
C02505,1
C02506,1
C02507,1
C02508,1
C02509,2
C02510,1
C02511,1
C02512,1
C02513,1
C02514,1
C02515,2
C02516,1
C02517,1
C02518,1
C02519,1
C02520,1
C02521,1
C02522,1
C02523,1
C02524,1
C02525,1
C02526,1
C02527,1
C02528,1
C02529,1
C02530,1
C02531,1
C02532,1
C02533,2
C02534,1
C02535,1
C02536,1
C02537,1
C02538,1
C02539,1
C02540,1
C02541,1
C02542,1
C02543,1
C02544,1
C02545,2
C02546,1
C02547,1
C02548,1
C02549,1
C02550,1
C02551,1
C02552,1
C02553,1
C02554,1
C02555,1
C02556,1
C02557,1
C02558,1
C02559,1
C02560,1
C02561,1
C02562,1
C02563,1
C02564,1
C02565,1
C02566,1
C02567,1
C02568,1
C02569,1
C02570,1
C02571,1
C02572,1
C02573,2
C02574,1
C02575,2
C02576,1
C02577,1
C02578,1
C02579,1
C02580,1
C02581,1
C02582,1
C02583,1
C02584,1
C02585,1
C02586,1
C02587,1
C02588,1
C02589,1
C02590,1
C02591,1
C02592,1
C02593,1
C02594,1
C02595,2
C02596,1
C02597,2
C02598,1
C02599,1
C02600,1
C02601,1
C02602,1
C02603,1
C02604,2
C02605,1
C02606,1
C02607,1
C02608,1
C02609,1
C02610,1
C02611,1
C02612,1
C02613,1
C02614,1
C02615,1
C02616,1
C02617,1
C02618,2
C02619,2
C02620,1
C02621,1
C02622,1
C02623,1
C02624,1
C02625,1
C02626,1
C02627,1
C02628,2
C02629,1
C02630,1
C02631,1
C02632,2
C02633,1
C02634,1
C02635,1
C02636,1
C02637,1
C02638,1
C02639,1
C02640,1
C02641,1
C02642,1
C02643,1
C02644,1
C02645,1
C02646,1
C02647,1
C02648,1
C02649,1
C02650,1
C02651,1
C02652,1
C02653,1
C02654,1
C02655,1
C02656,1
C02657,1
C02658,1
C02659,1
C02660,1
C02661,1
C02662,1
C02663,1
C02664,1
C02665,1
C02666,2
C02667,1
C02668,1
C02669,1
C02670,1
C02671,1
C02672,1
C02673,2
C02674,1
C02675,1
C02676,1
C02677,1
C02678,1
C02679,1
C02680,1
C02681,1
C02682,1
C02683,1
C02684,1
C02685,2
C02686,1
C02687,1
C02688,1
C02689,1
C02690,1
C02691,1
C02692,1
C02693,1
C02694,1
C02695,1
C02696,1
C02697,1
C02698,1
C02699,1
C02700,1
C02701,1
C02702,2
C02703,1
C02704,1
C02705,1
C02706,1
C02707,1
C02708,1
C02709,1
C02710,1
C02711,1
C02712,1
C02713,1
C02714,1
C02715,1
C02716,2
C02717,1
C02718,1
C02719,1
C02720,2
C02721,2
C02722,1
C02723,1
C02724,2
C02725,1
C02726,1
C02727,1
C02728,1
C02729,1
C02730,1
C02731,1
C02732,1
C02733,1
C02734,1
C02735,1
C02736,1
C02737,1
C02738,1
C02739,1
C02740,1
C02741,1
C02742,2
C02743,1
C02744,1
C02745,1
C02746,1
C02747,1
C02748,1
C02749,1
C02750,3
C02751,1
C02752,1
C02753,1
C02754,1
C02755,1
C02756,1
C02757,1
C02758,1
C02759,1
C02760,1
C02761,1
C02762,1
C02763,1
C02764,1
C02765,1
C02766,1
C02767,1
C02768,1
C02769,1
C02770,1
C02771,1
C02772,1
C02773,1
C02774,1
C02775,1
C02776,2
C02777,1
C02778,1
C02779,1
C02780,2
C02781,1
C02782,2
C02783,1
C02784,1
C02785,1
C02786,1
C02787,1
C02788,1
C02789,1
C02790,1
C02791,1
C02792,1
C02793,1
C02794,1
C02795,1
C02796,1
C02797,1
C02798,2
C02799,1
C02800,2
C02801,1
C02802,1
C02803,1
C02804,1
C02805,1
C02806,1
C02807,1
C02808,1
C02809,2
C02810,1
C02811,1
C02812,2
C02813,1
C02814,1
C02815,1
C02816,1
C02817,1
C02818,1
C02819,1
C02820,1
C02821,1
C02822,1
C02823,1
C02824,2
C02825,1
C02826,1
C02827,1
C02828,2
C02829,1
C02830,1
C02831,1
C02832,1
C02833,1
C02834,1
C02835,1
C02836,1
C02837,1
C02838,1
C02839,1
C02840,1
C02841,1
C02842,1
C02843,1
C02844,1
C02845,1
C02846,1
C02847,1
C02848,1
C02849,1
C02850,1
C02851,2
C02852,1
C02853,2
C02854,1
C02855,1
C02856,1
C02857,1
C02858,1
C02859,1
C02860,1
C02861,1
C02862,1
C02863,1
C02864,1
C02865,1
C02866,1
C02867,1
C02868,1
C02869,2
C02870,1
C02871,1
C02872,1
C02873,1
C02874,1
C02875,1
C02876,1
C02877,1
C02878,1
C02879,1
C02880,1
C02881,1
C02882,1
C02883,2
C02884,1
C02885,1
C02886,1
C02887,1
C02888,1
C02889,1
C02890,2
C02891,1
C02892,1
C02893,1
C02894,1
C02895,1
C02896,2
C02897,1
C02898,1
C02899,1
C02900,1
C02901,1
C02902,2
C02903,1
C02904,1
C02905,1
C02906,1
C02907,1
C02908,1
C02909,1
C02910,1
C02911,1
C02912,2
C02913,1
C02914,2
C02915,1
C02916,1
C02917,1
C02918,1
C02919,1
C02920,1
C02921,2
C02922,1
C02923,1
C02924,1
C02925,1
C02926,1
C02927,1
C02928,1
C02929,1
C02930,1
C02931,2
C02932,1
C02933,1
C02934,1
C02935,2
C02936,1
C02937,1
C02938,1
C02939,1
C02940,1
C02941,1
C02942,1
C02943,1
C02944,1
C02945,1
C02946,1
C02947,1
C02948,1
C02949,1
C02950,2
C02951,1
C02952,1
C02953,1
C02954,1
C02955,1
C02956,1
C02957,1
C02958,1
C02959,1
C02960,1
C02961,1
C02962,1
C02963,1
C02964,1
C02965,1
C02966,1
C02967,1
C02968,1
C02969,1
C02970,1
C02971,1
C02972,1
C02973,1
C02974,1
C02975,1
C02976,1
C02977,1
C02978,1
C02979,1
C02980,1
C02981,1
C02982,1
C02983,1
C02984,1
C02985,1
C02986,2
C02987,1
C02988,1
C02989,1
C02990,2
C02991,1
C02992,1
C02993,1
C02994,1
C02995,1
C02996,1
C02997,1
C02998,1
C02999,2
C03000,1
C03001,1
C03002,2
C03003,1
C03004,1
C03005,1
C03006,1
C03007,2
C03008,1
C03009,1
C03010,1
C03011,1
C03012,1
C03013,1
C03014,1
C03015,2
C03016,1
C03017,1
C03018,1
C03019,3
C03020,1
C03021,1
C03022,1
C03023,1
C03024,2
C03025,1
C03026,1
C03027,1
C03028,1
C03029,1
C03030,1
C03031,1
C03032,1
C03033,1
C03034,1
C03035,1
C03036,1
C03037,1
C03038,1
C03039,1
C03040,2
C03041,1
C03042,1
C03043,1
C03044,1
C03045,1
C03046,1
C03047,2
C03048,1
C03049,1
C03050,1
C03051,1
C03052,1
C03053,1
C03054,1
C03055,1
C03056,1
C03057,1
C03058,1
C03059,1
C03060,1
C03061,2
C03062,1
C03063,1
C03064,1
C03065,1
C03066,1
C03067,1
C03068,1
C03069,1
C03070,1
C03071,1
C03072,1
C03073,1
C03074,1
C03075,1
C03076,1
C03077,1
C03078,1
C03079,1
C03080,2
C03081,1
C03082,1
C03083,1
C03084,1
C03085,1
C03086,1
C03087,2
C03088,1
C03089,2
C03090,1
C03091,1
C03092,1
C03093,1
C03094,1
C03095,2
C03096,1
C03097,1
C03098,1
C03099,1
C03100,3
C03101,1
C03102,1
C03103,1
C03104,1
C03105,1
C03106,1
C03107,1
C03108,2
C03109,1
C03110,1
C03111,1
C03112,1
C03113,1
C03114,1
C03115,1
C03116,1
C03117,1
C03118,1
C03119,1
C03120,1
C03121,1
C03122,1
C03123,1
C03124,1
C03125,2
C03126,2
C03127,1
C03128,1
C03129,1
C03130,1
C03131,1
C03132,1
C03133,1
C03134,1
C03135,1
C03136,1
C03137,2
C03138,1
C03139,1
C03140,1
C03141,1
C03142,1
C03143,1
C03144,1
C03145,1
C03146,1
C03147,1
C03148,1
C03149,1
C03150,1
C03151,2
C03152,1
C03153,1
C03154,2
C03155,1
C03156,1
C03157,2
C03158,1
C03159,1
C03160,1
C03161,1
C03162,1
C03163,1
C03164,1
C03165,1
C03166,1
C03167,1
C03168,1
C03169,2
C03170,1
C03171,1
C03172,1
C03173,1
C03174,1
C03175,1
C03176,1
C03177,1
C03178,1
C03179,1
C03180,1
C03181,1
C03182,1
C03183,1
C03184,1
C03185,1
C03186,1
C03187,1
C03188,1
C03189,1
C03190,1
C03191,1
C03192,1
C03193,1
C03194,1
C03195,1
C03196,1
C03197,1
C03198,1
C03199,1
C03200,1
C03201,1
C03202,1
C03203,1
C03204,2
C03205,1
C03206,1
C03207,1
C03208,1
C03209,1
C03210,1
C03211,2
C03212,1
C03213,1
C03214,1
C03215,1
C03216,1
C03217,2
C03218,2
C03219,2
C03220,1
C03221,1
C03222,1
C03223,1
C03224,1
C03225,1
C03226,1
C03227,1
C03228,1
C03229,1
C03230,1
C03231,2
C03232,1
C03233,1
C03234,1
C03235,1
C03236,1
C03237,1
C03238,1
C03239,1
C03240,1
C03241,1
C03242,1
C03243,1
C03244,1
C03245,1
C03246,1
C03247,1
C03248,1
C03249,1
C03250,1
C03251,3
C03252,1
C03253,1
C03254,1
C03255,1
C03256,1
C03257,1
C03258,2
C03259,1
C03260,1
C03261,1
C03262,1
C03263,1
C03264,1
C03265,1
C03266,1
C03267,1
C03268,1
C03269,1
C03270,1
C03271,1
C03272,1
C03273,1
C03274,1
C03275,1
C03276,1
C03277,1
C03278,2
C03279,1
C03280,1
C03281,1
C03282,1
C03283,1
C03284,1
C03285,2
C03286,1
C03287,1
C03288,1
C03289,1
C03290,1
C03291,1
C03292,1
C03293,1
C03294,1
C03295,2
C03296,1
C03297,1
C03298,1
C03299,2
C03300,1
C03301,2
C03302,1
C03303,1
C03304,1
C03305,1
C03306,1
C03307,1
C03308,1
C03309,1
C03310,1
C03311,1
C03312,1
C03313,2
C03314,1
C03315,3
C03316,2
C03317,1
C03318,1
C03319,1
C03320,1
C03321,1
C03322,1
C03323,1
C03324,1
C03325,1
C03326,1
C03327,1
C03328,1
C03329,1
C03330,1
C03331,2
C03332,1
C03333,1
C03334,2
C03335,1
C03336,1
C03337,1
C03338,1
C03339,1
C03340,1
C03341,2
C03342,1
C03343,1
C03344,2
C03345,2
C03346,1
C03347,1
C03348,1
C03349,1
C03350,1
C03351,2
C03352,1
C03353,1
C03354,1
C03355,1
C03356,1
C03357,1
C03358,1
C03359,2
C03360,1
C03361,1
C03362,1
C03363,3
C03364,1
C03365,1
C03366,1
C03367,1
C03368,1
C03369,1
C03370,1
C03371,1
C03372,1
C03373,1
C03374,2
C03375,1
C03376,1
C03377,1
C03378,1
C03379,1
C03380,1
C03381,1
C03382,1
C03383,1
C03384,2
C03385,1
C03386,1
C03387,1
C03388,2
C03389,1
C03390,1
C03391,1
C03392,1
C03393,1
C03394,2
C03395,1
C03396,1
C03397,1
C03398,1
C03399,1
C03400,1
C03401,1
C03402,1
C03403,1
C03404,1
C03405,2
C03406,2
C03407,1
C03408,1
C03409,1
C03410,1
C03411,2
C03412,1
C03413,1
C03414,1
C03415,1
C03416,1
C03417,1
C03418,1
C03419,1
C03420,1
C03421,1
C03422,1
C03423,1
C03424,1
C03425,1
C03426,1
C03427,3
C03428,1
C03429,1
C03430,1
C03431,1
C03432,2
C03433,1
C03434,1
C03435,1
C03436,1
C03437,1
C03438,1
C03439,1
C03440,1
C03441,3
C03442,1
C03443,3
C03444,1
C03445,1
C03446,1
C03447,1
C03448,1
C03449,1
C03450,1
C03451,1
C03452,1
C03453,1
C03454,1
C03455,1
C03456,1
C03457,1
C03458,1
C03459,1
C03460,1
C03461,1
C03462,1
C03463,1
C03464,1
C03465,1
C03466,1
C03467,1
C03468,1
C03469,1
C03470,1
C03471,1
C03472,1
C03473,1
C03474,2
C03475,2
C03476,1
C03477,1
C03478,1
C03479,1
C03480,1
C03481,1
C03482,1
C03483,1
C03484,1
C03485,1
C03486,2
C03487,1
C03488,2
C03489,1
C03490,1
C03491,1
C03492,1
C03493,2
C03494,1
C03495,1
C03496,1
C03497,1
C03498,1
C03499,1
C03500,1
C03501,1
C03502,1
C03503,1
C03504,1
C03505,1
C03506,1
C03507,1
C03508,1
C03509,1
C03510,1
C03511,1
C03512,1
C03513,1
C03514,1
C03515,1
C03516,1
C03517,1
C03518,1
C03519,1
C03520,1
C03521,1
C03522,1
C03523,1
C03524,1
C03525,1
C03526,1
C03527,1
C03528,1
C03529,1
C03530,1
C03531,1
C03532,2
C03533,1
C03534,1
C03535,1
C03536,2
C03537,1
C03538,1
C03539,1
C03540,1
C03541,2
C03542,1
C03543,1
C03544,1
C03545,1
C03546,1
C03547,1
C03548,1
C03549,1
C03550,1
C03551,2
C03552,1
C03553,1
C03554,1
C03555,1
C03556,2
C03557,1
C03558,1
C03559,1
C03560,1
C03561,1
C03562,1
C03563,1
C03564,1
C03565,1
C03566,1
C03567,1
C03568,1
C03569,1
C03570,1
C03571,1
C03572,1
C03573,1
C03574,1
C03575,2
C03576,1
C03577,1
C03578,1
C03579,1
C03580,1
C03581,1
C03582,1
C03583,1
C03584,1
C03585,1
C03586,1
C03587,1
C03588,1
C03589,2
C03590,1
C03591,1
C03592,1
C03593,1
C03594,1
C03595,1
C03596,1
C03597,1
C03598,2
C03599,1
C03600,1
C03601,1
C03602,1
C03603,1
C03604,1
C03605,1
C03606,1
C03607,1
C03608,1
C03609,1
C03610,1
C03611,2
C03612,1
C03613,1
C03614,1
C03615,1
C03616,1
C03617,1
C03618,1
C03619,1
C03620,1
C03621,1
C03622,1
C03623,1
C03624,1
C03625,1
C03626,1
C03627,1
C03628,1
C03629,1
C03630,1
C03631,1
C03632,1
C03633,1
C03634,2
C03635,1
C03636,1
C03637,1
C03638,1
C03639,2
C03640,1
C03641,1
C03642,1
C03643,1
C03644,1
C03645,1
C03646,1
C03647,1
C03648,1
C03649,1
C03650,1
C03651,2
C03652,1
C03653,1
C03654,1
C03655,1
C03656,2
C03657,1
C03658,1
C03659,1
C03660,1
C03661,1
C03662,1
C03663,1
C03664,1
C03665,1
C03666,1
C03667,1
C03668,1
C03669,1
C03670,1
C03671,1
C03672,1
C03673,1
C03674,1
C03675,1
C03676,2
C03677,1
C03678,2
C03679,1
C03680,1
C03681,1
C03682,1
C03683,1
C03684,1
C03685,2
C03686,1
C03687,1
C03688,1
C03689,1
C03690,1
C03691,1
C03692,1
C03693,1
C03694,1
C03695,1
C03696,1
C03697,1
C03698,1
C03699,1
C03700,1
C03701,1
C03702,1
C03703,1
C03704,1
C03705,1
C03706,1
C03707,1
C03708,2
C03709,1
C03710,1
C03711,2
C03712,1
C03713,1
C03714,1
C03715,1
C03716,1
C03717,1
C03718,1
C03719,1
C03720,1
C03721,1
C03722,1
C03723,1
C03724,1
C03725,1
C03726,1
C03727,1
C03728,1
C03729,1
C03730,1
C03731,1
C03732,1
C03733,1
C03734,1
C03735,1
C03736,1
C03737,1
C03738,2
C03739,1
C03740,1
C03741,1
C03742,1
C03743,1
C03744,2
C03745,1
C03746,1
C03747,1
C03748,1
C03749,1
C03750,1
C03751,1
C03752,1
C03753,1
C03754,1
C03755,1
C03756,2
C03757,1
C03758,1
C03759,1
C03760,1
C03761,1
C03762,1
C03763,1
C03764,1
C03765,1
C03766,1
C03767,1
C03768,1
C03769,1
C03770,1
C03771,1
C03772,1
C03773,2
C03774,1
C03775,2
C03776,1
C03777,1
C03778,1
C03779,1
C03780,1
C03781,1
C03782,2
C03783,3
C03784,1
C03785,1
C03786,2
C03787,1
C03788,1
C03789,1
C03790,1
C03791,1
C03792,1
C03793,1
C03794,1
C03795,1
C03796,1
C03797,1
C03798,1
C03799,1
C03800,1
C03801,1
C03802,1
C03803,1
C03804,1
C03805,1
C03806,1
C03807,1
C03808,1
C03809,1
C03810,1
C03811,1
C03812,1
C03813,1
C03814,1
C03815,1
C03816,1
C03817,1
C03818,1
C03819,1
C03820,1
C03821,1
C03822,1
C03823,1
C03824,1
C03825,1
C03826,1
C03827,1
C03828,1
C03829,1
C03830,1
C03831,1
C03832,1
C03833,1
C03834,1
C03835,1
C03836,1
C03837,1
C03838,1
C03839,1
C03840,2
C03841,1
C03842,1
C03843,1
C03844,1
C03845,1
C03846,1
C03847,1
C03848,1
C03849,1
C03850,1
C03851,3
C03852,1
C03853,1
C03854,1
C03855,1
C03856,1
C03857,1
C03858,1
C03859,1
C03860,1
C03861,1
C03862,1
C03863,1
C03864,1
C03865,1
C03866,1
C03867,1
C03868,1
C03869,1
C03870,1
C03871,1
C03872,1
C03873,1
C03874,1
C03875,1
C03876,1
C03877,1
C03878,1
C03879,1
C03880,1
C03881,1
C03882,1
C03883,1
C03884,1
C03885,1
C03886,1
C03887,1
C03888,1
C03889,1
C03890,1
C03891,1
C03892,2
C03893,1
C03894,1
C03895,1
C03896,1
C03897,1
C03898,1
C03899,1
C03900,1
C03901,1
C03902,1
C03903,1
C03904,1
C03905,1
C03906,1
C03907,1
C03908,1
C03909,1
C03910,1
C03911,1
C03912,1
C03913,1
C03914,1
C03915,1
C03916,1
C03917,1
C03918,1
C03919,1
C03920,1
C03921,1
C03922,1
C03923,1
C03924,1
C03925,1
C03926,1
C03927,1
C03928,1
C03929,2
C03930,1
C03931,1
C03932,1
C03933,1
C03934,1
C03935,1
C03936,1
C03937,1
C03938,1
C03939,1
C03940,1
C03941,1
C03942,1
C03943,1
C03944,1
C03945,1
C03946,1
C03947,1
C03948,1
C03949,1
C03950,2
C03951,1
C03952,1
C03953,1
C03954,2
C03955,1
C03956,1
C03957,1
C03958,1
C03959,1
C03960,1
C03961,1
C03962,1
C03963,1
C03964,1
C03965,1
C03966,1
C03967,1
C03968,1
C03969,1
C03970,1
C03971,1
C03972,1
C03973,1
C03974,1
C03975,1
C03976,1
C03977,2
C03978,1
C03979,1
C03980,1
C03981,1
C03982,1
C03983,1
C03984,1
C03985,1
C03986,1
C03987,1
C03988,1
C03989,1
C03990,1
C03991,1
C03992,2
C03993,1
C03994,1
C03995,1
C03996,1
C03997,1
C03998,1
C03999,1
C04000,1
C04001,1
C04002,1
C04003,1
C04004,2
C04005,1
C04006,1
C04007,1
C04008,1
C04009,1
C04010,1
C04011,1
C04012,1
C04013,1
C04014,1
C04015,1
C04016,1
C04017,1
C04018,1
C04019,1
C04020,1
C04021,1
C04022,1
C04023,1
C04024,2
C04025,1
C04026,1
C04027,1
C04028,1
C04029,1
C04030,1
C04031,1
C04032,1
C04033,3
C04034,2
C04035,1
C04036,1
C04037,1
C04038,2
C04039,1
C04040,1
C04041,1
C04042,1
C04043,1
C04044,1
C04045,1
C04046,2
C04047,1
C04048,1
C04049,1
C04050,1
C04051,1
C04052,1
C04053,1
C04054,1
C04055,1
C04056,1
C04057,1
C04058,1
C04059,1
C04060,1
C04061,1
C04062,1
C04063,1
C04064,1
C04065,1
C04066,1
C04067,1
C04068,1
C04069,1
C04070,1
C04071,1
C04072,3
C04073,1
C04074,1
C04075,1
C04076,1
C04077,1
C04078,1
C04079,1
C04080,1
C04081,1
C04082,1
C04083,1
C04084,1
C04085,1
C04086,1
C04087,1
C04088,1
C04089,1
C04090,1
C04091,1
C04092,2
C04093,1
C04094,1
C04095,1
C04096,2
C04097,1
C04098,1
C04099,1
C04100,1
C04101,1
C04102,1
C04103,1
C04104,1
C04105,2
C04106,1
C04107,1
C04108,2
C04109,1
C04110,1
C04111,1
C04112,1
C04113,1
C04114,1
C04115,1
C04116,1
C04117,2
C04118,2
C04119,1
C04120,1
C04121,1
C04122,1
C04123,1
C04124,1
C04125,2
C04126,2
C04127,1
C04128,1
C04129,1
C04130,1
C04131,2
C04132,1
C04133,1
C04134,1
C04135,1
C04136,1
C04137,1
C04138,1
C04139,1
C04140,1
C04141,1
C04142,2
C04143,1
C04144,1
C04145,1
C04146,1
C04147,1
C04148,1
C04149,1
C04150,1
C04151,1
C04152,1
C04153,1
C04154,1
C04155,1
C04156,1
C04157,1
C04158,1
C04159,1
C04160,1
C04161,1
C04162,1
C04163,1
C04164,1
C04165,1
C04166,1
C04167,1
C04168,1
C04169,1
C04170,1
C04171,1
C04172,2
C04173,1
C04174,1
C04175,1
C04176,1
C04177,1
C04178,1
C04179,1
C04180,1
C04181,1
C04182,1
C04183,1
C04184,1
C04185,2
C04186,1
C04187,1
C04188,1
C04189,1
C04190,1
C04191,1
C04192,1
C04193,1
C04194,1
C04195,1
C04196,2
C04197,1
C04198,1
C04199,1
C04200,1
C04201,1
C04202,1
C04203,1
C04204,1
C04205,1
C04206,1
C04207,1
C04208,1
C04209,1
C04210,1
C04211,1
C04212,1
C04213,1
C04214,1
C04215,1
C04216,1
C04217,1
C04218,1
C04219,1
C04220,1
C04221,1
C04222,1
C04223,1
C04224,1
C04225,1
C04226,1
C04227,1
C04228,1
C04229,2
C04230,1
C04231,1
C04232,1
C04233,1
C04234,1
C04235,1
C04236,1
C04237,1
C04238,1
C04239,1
C04240,1
C04241,2
C04242,1
C04243,1
C04244,1
C04245,1
C04246,1
C04247,1
C04248,2
C04249,1
C04250,1
C04251,1
C04252,1
C04253,1
C04254,1
C04255,1
C04256,1
C04257,1
C04258,1
C04259,1
C04260,1
C04261,1
C04262,1
C04263,1
C04264,1
C04265,1
C04266,1
C04267,2
C04268,1
C04269,1
C04270,1
C04271,1
C04272,1
C04273,1
C04274,1
C04275,1
C04276,3
C04277,1
C04278,1
C04279,1
C04280,1
C04281,1
C04282,1
C04283,1
C04284,1
C04285,1
C04286,1
C04287,1
C04288,1
C04289,1
C04290,1
C04291,1
C04292,1
C04293,1
C04294,2
C04295,1
C04296,1
C04297,1
C04298,1
C04299,1
C04300,1
C04301,1
C04302,1
C04303,1
C04304,1
C04305,1
C04306,1
C04307,1
C04308,1
C04309,2
C04310,1
C04311,1
C04312,1
C04313,1
C04314,1
C04315,1
C04316,1
C04317,1
C04318,1
C04319,1
C04320,1
C04321,1
C04322,1
C04323,1
C04324,1
C04325,1
C04326,1
C04327,1
C04328,1
C04329,1
C04330,2
C04331,1
C04332,1
C04333,1
C04334,1
C04335,1
C04336,1
C04337,1
C04338,1
C04339,1
C04340,1
C04341,1
C04342,1
C04343,1
C04344,1
C04345,1
C04346,2
C04347,1
C04348,1
C04349,1
C04350,1
C04351,1
C04352,1
C04353,1
C04354,1
C04355,1
C04356,1
C04357,1
C04358,1
C04359,2
C04360,1
C04361,2
C04362,1
C04363,1
C04364,1
C04365,1
C04366,1
C04367,1
C04368,1
C04369,1
C04370,1
C04371,1
C04372,1
C04373,1
C04374,1
C04375,1
C04376,1
C04377,1
C04378,1
C04379,1
C04380,1
C04381,1
C04382,1
C04383,1
C04384,1
C04385,1
C04386,1
C04387,1
C04388,1
C04389,1
C04390,1
C04391,1
C04392,1
C04393,1
C04394,1
C04395,1
C04396,1
C04397,1
C04398,1
C04399,1
C04400,1
C04401,1
C04402,1
C04403,1
C04404,1
C04405,1
C04406,1
C04407,1
C04408,1
C04409,1
C04410,1
C04411,1
C04412,1
C04413,1
C04414,1
C04415,1
C04416,1
C04417,1
C04418,1
C04419,2
C04420,1
C04421,1
C04422,1
C04423,1
C04424,1
C04425,1
C04426,1
C04427,1
C04428,1
C04429,1
C04430,1
C04431,1
C04432,1
C04433,1
C04434,1
C04435,1
C04436,1
C04437,1
C04438,2
C04439,1
C04440,2
C04441,1
C04442,1
C04443,1
C04444,1
C04445,1
C04446,1
C04447,1
C04448,1
C04449,1
C04450,1
C04451,1
C04452,1
C04453,1
C04454,1
C04455,1
C04456,2
C04457,1
C04458,1
C04459,1
C04460,1
C04461,1
C04462,1
C04463,1
C04464,1
C04465,1
C04466,1
C04467,1
C04468,1
C04469,1
C04470,1
C04471,2
C04472,1
C04473,1
C04474,1
C04475,1
C04476,1
C04477,1
C04478,1
C04479,1
C04480,1
C04481,1
C04482,1
C04483,1
C04484,1
C04485,1
C04486,1
C04487,1
C04488,1
C04489,1
C04490,1
C04491,1
C04492,1
C04493,1
C04494,1
C04495,1
C04496,1
C04497,2
C04498,1
C04499,2
C04500,2
C04501,1
C04502,1
C04503,1
C04504,1
C04505,1
C04506,1
C04507,1
C04508,1
C04509,1
C04510,1
C04511,1
C04512,1
C04513,1
C04514,1
C04515,1
C04516,1
C04517,2
C04518,1
C04519,1
C04520,1
C04521,1
C04522,1
C04523,1
C04524,1
C04525,1
C04526,1
C04527,1
C04528,1
C04529,1
C04530,1
C04531,1
C04532,1
C04533,1
C04534,1
C04535,1
C04536,2
C04537,1
C04538,1
C04539,1
C04540,1
C04541,1
C04542,1
C04543,2
C04544,1
C04545,1
C04546,2
C04547,1
C04548,1
C04549,1
C04550,1
C04551,1
C04552,1
C04553,2
C04554,1
C04555,1
C04556,2
C04557,1
C04558,1
C04559,1
C04560,1
C04561,1
C04562,1
C04563,1
C04564,1
C04565,1
C04566,1
C04567,1
C04568,1
C04569,1
C04570,1
C04571,2
C04572,1
C04573,1
C04574,1
C04575,2
C04576,1
C04577,1
C04578,1
C04579,1
C04580,1
C04581,1
C04582,1
C04583,1
C04584,1
C04585,1
C04586,1
C04587,1
C04588,1
C04589,1
C04590,1
C04591,1
C04592,1
C04593,1
C04594,1
C04595,1
C04596,1
C04597,2
C04598,1
C04599,1
C04600,1
C04601,2
C04602,1
C04603,1
C04604,1
C04605,1
C04606,1
C04607,1
C04608,1
C04609,1
C04610,1
C04611,1
C04612,1
C04613,1
C04614,1
C04615,1
C04616,1
C04617,1
C04618,1
C04619,1
C04620,1
C04621,1
C04622,2
C04623,1
C04624,1
C04625,1
C04626,1
C04627,1
C04628,1
C04629,1
C04630,1
C04631,1
C04632,1
C04633,1
C04634,1
C04635,1
C04636,1
C04637,1
C04638,1
C04639,1
C04640,1
C04641,1
C04642,1
C04643,1
C04644,1
C04645,1
C04646,1
C04647,1
C04648,1
C04649,1
C04650,1
C04651,1
C04652,1
C04653,1
C04654,1
C04655,1
C04656,2
C04657,1
C04658,1
C04659,1
C04660,1
C04661,2
C04662,1
C04663,1
C04664,1
C04665,1
C04666,1
C04667,1
C04668,1
C04669,1
C04670,1
C04671,1
C04672,1
C04673,1
C04674,1
C04675,1
C04676,2
C04677,1
C04678,1
C04679,1
C04680,1
C04681,1
C04682,1
C04683,1
C04684,1
C04685,1
C04686,1
C04687,1
C04688,1
C04689,1
C04690,1
C04691,2
C04692,1
C04693,1
C04694,1
C04695,1
C04696,1
C04697,1
C04698,1
C04699,1
C04700,1
C04701,2
C04702,1
C04703,1
C04704,1
C04705,1
C04706,1
C04707,1
C04708,1
C04709,2
C04710,1
C04711,1
C04712,1
C04713,1
C04714,1
C04715,1
C04716,1
C04717,1
C04718,1
C04719,1
C04720,1
C04721,1
C04722,1
C04723,1
C04724,1
C04725,1
C04726,1
C04727,2
C04728,1
C04729,1
C04730,1
C04731,1
C04732,2
C04733,1
C04734,1
C04735,1
C04736,1
C04737,1
C04738,1
C04739,1
C04740,2
C04741,1
C04742,1
C04743,1
C04744,1
C04745,1
C04746,1
C04747,2
C04748,2
C04749,1
C04750,1
C04751,1
C04752,1
C04753,1
C04754,1
C04755,1
C04756,1
C04757,1
C04758,1
C04759,1
C04760,1
C04761,1
C04762,1
C04763,1
C04764,1
C04765,1
C04766,1
C04767,1
C04768,1
C04769,1
C04770,1
C04771,1
C04772,1
C04773,2
C04774,1
C04775,1
C04776,1
C04777,1
C04778,1
C04779,1
C04780,1
C04781,1
C04782,1
C04783,1
C04784,1
C04785,1
C04786,1
C04787,1
C04788,1
C04789,1
C04790,1
C04791,1
C04792,1
C04793,1
C04794,1
C04795,1
C04796,1
C04797,1
C04798,2
C04799,1
C04800,1
C04801,1
C04802,1
C04803,1
C04804,1
C04805,2
C04806,1
C04807,1
C04808,1
C04809,1
C04810,1
C04811,1
C04812,1
C04813,1
C04814,1
C04815,1
C04816,1
C04817,1
C04818,1
C04819,1
C04820,1
C04821,1
C04822,1
C04823,1
C04824,1
C04825,1
C04826,1
C04827,1
C04828,3
C04829,1
C04830,1
C04831,1
C04832,1
C04833,2
C04834,1
C04835,1
C04836,2
C04837,1
C04838,1
C04839,1
C04840,2
C04841,1
C04842,1
C04843,1
C04844,1
C04845,1
C04846,1
C04847,2
C04848,1
C04849,1
C04850,1
C04851,1
C04852,1
C04853,1
C04854,2
C04855,1
C04856,1
C04857,1
C04858,1
C04859,1
C04860,1
C04861,2
C04862,1
C04863,1
C04864,1
C04865,1
C04866,1
C04867,1
C04868,1
C04869,1
C04870,1
C04871,1
C04872,1
C04873,1
C04874,1
C04875,1
C04876,1
C04877,1
C04878,1
C04879,1
C04880,1
C04881,1
C04882,1
C04883,1
C04884,1
C04885,2
C04886,1
C04887,1
C04888,1
C04889,1
C04890,1
C04891,1
C04892,1
C04893,1
C04894,4
C04895,1
C04896,1
C04897,1
C04898,1
C04899,1
C04900,1
C04901,1
C04902,1
C04903,1
C04904,1
C04905,1
C04906,1
C04907,1
C04908,1
C04909,1
C04910,1
C04911,1
C04912,1
C04913,1
C04914,1
C04915,1
C04916,1
C04917,1
C04918,1
C04919,1
C04920,1
C04921,2
C04922,1
C04923,1
C04924,1
C04925,1
C04926,1
C04927,1
C04928,1
C04929,1
C04930,1
C04931,1
C04932,1
C04933,1
C04934,1
C04935,1
C04936,1
C04937,1
C04938,1
C04939,1
C04940,1
C04941,1
C04942,1
C04943,1
C04944,1
C04945,1
C04946,1
C04947,2
C04948,1
C04949,1
C04950,2
C04951,1
C04952,1
C04953,1
C04954,1
C04955,1
C04956,1
C04957,1
C04958,1
C04959,1
C04960,1
C04961,1
C04962,2
C04963,1
C04964,1
C04965,2
C04966,1
C04967,1
C04968,1
C04969,1
C04970,1
C04971,1
C04972,1
C04973,2
C04974,3
C04975,1
C04976,1
C04977,1
C04978,1
C04979,1
C04980,1
C04981,1
C04982,1
C04983,1
C04984,2
C04985,1
C04986,1
C04987,1
C04988,1
C04989,1
C04990,1
C04991,1
C04992,1
C04993,1
C04994,1
C04995,1
C04996,1
C04997,2
C04998,1
C04999,1
C05000,1
C05001,1
C05002,1
C05003,1
C05004,1
C05005,1
C05006,1
C05007,1
C05008,1
C05009,1
C05010,1
C05011,1
C05012,1
C05013,1
C05014,1
C05015,1
C05016,1
C05017,1
C05018,1
C05019,1
C05020,1
C05021,1
C05022,1
C05023,1
C05024,1
C05025,1
C05026,1
C05027,1
C05028,1
C05029,1
C05030,1
C05031,3
C05032,1
C05033,1
C05034,1
C05035,1
C05036,1
C05037,1
C05038,1
C05039,1
C05040,1
C05041,1
C05042,1
C05043,1
C05044,1
C05045,1
C05046,2
C05047,1
C05048,1
C05049,1
C05050,1
C05051,1
C05052,1
C05053,1
C05054,2
C05055,1
C05056,1
C05057,1
C05058,1
C05059,1
C05060,1
C05061,1
C05062,2
C05063,1
C05064,1
C05065,1
C05066,1
C05067,1
C05068,1
C05069,1
C05070,1
C05071,1
C05072,2
C05073,1
C05074,1
C05075,1
C05076,1
C05077,2
C05078,1
C05079,2
C05080,1
C05081,1
C05082,1
C05083,1
C05084,1
C05085,2
C05086,1
C05087,1
C05088,1
C05089,1
C05090,1
C05091,1
C05092,1
C05093,1
C05094,2
C05095,1
C05096,1
C05097,2
C05098,1
C05099,1
C05100,1
C05101,1
C05102,1
C05103,1
C05104,1
C05105,1
C05106,1
C05107,2
C05108,1
C05109,1
C05110,1
C05111,1
C05112,1
C05113,2
C05114,1
C05115,2
C05116,1
C05117,1
C05118,1
C05119,1
C05120,2
C05121,1
C05122,2
C05123,1
C05124,1
C05125,1
C05126,2
C05127,1
C05128,1
C05129,2
C05130,1
C05131,1
C05132,1
C05133,1
C05134,1
C05135,2
C05136,1
C05137,1
C05138,1
C05139,1
C05140,1
C05141,1
C05142,1
C05143,1
C05144,1
C05145,1
C05146,1
C05147,1
C05148,1
C05149,1
C05150,1
C05151,1
C05152,1
C05153,2
C05154,1
C05155,1
C05156,1
C05157,1
C05158,1
C05159,1
C05160,1
C05161,1
C05162,1
C05163,1
C05164,1
C05165,1
C05166,1
C05167,1
C05168,1
C05169,1
C05170,1
C05171,1
C05172,1
C05173,1
C05174,1
C05175,1
C05176,1
C05177,1
C05178,1
C05179,1
C05180,1
C05181,1
C05182,1
C05183,1
C05184,1
C05185,1
C05186,1
C05187,1
C05188,1
C05189,1
C05190,1
C05191,1
C05192,2
C05193,1
C05194,1
C05195,2
C05196,1
C05197,1
C05198,1
C05199,1
C05200,1
C05201,1
C05202,1
C05203,1
C05204,1
C05205,2
C05206,1
C05207,1
C05208,1
C05209,1
C05210,1
C05211,1
C05212,2
C05213,1
C05214,1
C05215,1
C05216,1
C05217,1
C05218,1
C05219,1
C05220,1
C05221,1
C05222,1
C05223,1
C05224,1
C05225,1
C05226,1
C05227,1
C05228,1
C05229,1
C05230,1
C05231,1
C05232,1
C05233,1
C05234,1
C05235,1
C05236,1
C05237,1
C05238,1
C05239,2
C05240,1
C05241,1
C05242,1
C05243,1
C05244,1
C05245,2
C05246,1
C05247,1
C05248,1
C05249,1
C05250,1
C05251,1
C05252,1
C05253,1
C05254,1
C05255,1
C05256,1
C05257,1
C05258,2
C05259,1
C05260,1
C05261,1
C05262,1
C05263,2
C05264,1
C05265,1
C05266,1
C05267,1
C05268,1
C05269,1
C05270,1
C05271,1
C05272,2
C05273,1
C05274,1
C05275,1
C05276,2
C05277,1
C05278,1
C05279,2
C05280,1
C05281,1
C05282,2
C05283,1
C05284,2
C05285,1
C05286,1
C05287,1
C05288,1
C05289,2
C05290,2
C05291,1
C05292,1
C05293,1
C05294,1
C05295,2
C05296,1
C05297,1
C05298,1
C05299,1
C05300,1
C05301,1
C05302,1
C05303,1
C05304,1
C05305,1
C05306,1
C05307,3
C05308,1
C05309,2
C05310,1
C05311,1
C05312,2
C05313,1
C05314,1
C05315,1
C05316,1
C05317,1
C05318,2
C05319,1
C05320,1
C05321,1
C05322,1
C05323,1
C05324,1
C05325,1
C05326,2
C05327,1
C05328,1
C05329,1
C05330,2
C05331,1
C05332,2
C05333,1
C05334,1
C05335,1
C05336,1
C05337,1
C05338,1
C05339,1
C05340,1
C05341,1
C05342,1
C05343,1
C05344,1
C05345,1
C05346,1
C05347,2
C05348,1
C05349,1
C05350,1
C05351,2
C05352,1
C05353,1
C05354,1
C05355,1
C05356,1
C05357,1
C05358,1
C05359,1
C05360,1
C05361,1
C05362,1
C05363,2
C05364,1
C05365,1
C05366,2
C05367,1
C05368,1
C05369,2
C05370,1
C05371,1
C05372,1
C05373,1
C05374,1
C05375,1
C05376,1
C05377,1
C05378,2
C05379,1
C05380,1
C05381,2
C05382,1
C05383,1
C05384,1
C05385,2
C05386,1
C05387,1
C05388,1
C05389,1
C05390,1
C05391,1
C05392,1
C05393,1
C05394,1
C05395,2
C05396,1
C05397,1
C05398,1
C05399,1
C05400,1
C05401,1
C05402,2
C05403,1
C05404,1
C05405,1
C05406,1
C05407,1
C05408,1
C05409,1
C05410,1
C05411,1
C05412,1
C05413,1
C05414,1
C05415,1
C05416,1
C05417,1
C05418,1
C05419,1
C05420,1
C05421,1
C05422,1
C05423,1
C05424,1
C05425,1
C05426,1
C05427,1
C05428,1
C05429,1
C05430,1
C05431,1
C05432,1
C05433,2
C05434,1
C05435,2
C05436,1
C05437,1
C05438,1
C05439,1
C05440,1
C05441,1
C05442,1
C05443,1
C05444,1
C05445,1
C05446,1
C05447,1
C05448,2
C05449,1
C05450,1
C05451,1
C05452,1
C05453,2
C05454,1
C05455,1
C05456,1
C05457,1
C05458,1
C05459,2
C05460,1
C05461,1
C05462,1
C05463,1
C05464,1
C05465,1
C05466,1
C05467,1
C05468,1
C05469,1
C05470,2
C05471,1
C05472,1
C05473,1
C05474,1
C05475,1
C05476,1
C05477,1
C05478,1
C05479,1
C05480,1
C05481,1
C05482,1
C05483,1
C05484,1
C05485,1
C05486,1
C05487,1
C05488,1
C05489,1
C05490,1
C05491,1
C05492,1
C05493,1
C05494,1
C05495,1
C05496,1
C05497,1
C05498,1
C05499,1
C05500,2
C05501,1
C05502,1
C05503,1
C05504,1
C05505,1
C05506,1
C05507,1
C05508,1
C05509,4
C05510,1
C05511,1
C05512,1
C05513,2
C05514,2
C05515,1
C05516,1
C05517,1
C05518,1
C05519,2
C05520,1
C05521,1
C05522,1
C05523,1
C05524,1
C05525,1
C05526,1
C05527,1
C05528,1
C05529,1
C05530,2
C05531,1
C05532,1
C05533,1
C05534,1
C05535,1
C05536,1
C05537,1
C05538,1
C05539,1
C05540,2
C05541,2
C05542,1
C05543,1
C05544,1
C05545,1
C05546,1
C05547,1
C05548,1
C05549,1
C05550,1
C05551,2
C05552,1
C05553,1
C05554,1
C05555,1
C05556,1
C05557,1
C05558,1
C05559,1
C05560,2
C05561,1
C05562,1
C05563,1
C05564,1
C05565,1
C05566,1
C05567,1
C05568,1
C05569,1
C05570,1
C05571,1
C05572,1
C05573,1
C05574,1
C05575,1
C05576,1
C05577,1
C05578,1
C05579,1
C05580,1
C05581,1
C05582,1
C05583,1
C05584,1
C05585,1
C05586,1
C05587,1
C05588,1
C05589,1
C05590,1
C05591,1
C05592,1
C05593,1
C05594,2
C05595,2
C05596,2
C05597,1
C05598,1
C05599,1
C05600,1
C05601,1
C05602,1
C05603,1
C05604,2
C05605,1
C05606,1
C05607,1
C05608,1
C05609,1
C05610,1
C05611,1
C05612,1
C05613,1
C05614,1
C05615,1
C05616,1
C05617,1
C05618,1
C05619,1
C05620,1
C05621,1
C05622,2
C05623,1
C05624,1
C05625,2
C05626,1
C05627,1
C05628,1
C05629,1
C05630,1
C05631,1
C05632,1
C05633,1
C05634,1
C05635,1
C05636,2
C05637,1
C05638,1
C05639,1
C05640,1
C05641,1
C05642,1
C05643,1
C05644,1
C05645,1
C05646,1
C05647,1
C05648,1
C05649,1
C05650,1
C05651,1
C05652,1
C05653,1
C05654,1
C05655,1
C05656,1
C05657,1
C05658,1
C05659,1
C05660,1
C05661,1
C05662,1
C05663,1
C05664,1
C05665,1
C05666,1
C05667,1
C05668,1
C05669,1
C05670,1
C05671,1
C05672,1
C05673,1
C05674,1
C05675,1
C05676,1
C05677,1
C05678,1
C05679,1
C05680,2
C05681,1
C05682,1
C05683,2
C05684,1
C05685,1
C05686,1
C05687,1
C05688,1
C05689,2
C05690,1
C05691,2
C05692,1
C05693,1
C05694,1
C05695,1
C05696,1
C05697,1
C05698,1
C05699,1
C05700,1
C05701,1
C05702,1
C05703,1
C05704,2
C05705,1
C05706,1
C05707,1
C05708,1
C05709,1
C05710,1
C05711,1
C05712,1
C05713,1
C05714,2
C05715,1
C05716,1
C05717,1
C05718,1
C05719,1
C05720,1
C05721,1
C05722,1
C05723,1
C05724,1
C05725,1
C05726,1
C05727,1
C05728,1
C05729,1
C05730,1
C05731,1
C05732,1
C05733,1
C05734,1
C05735,1
C05736,1
C05737,1
C05738,1
C05739,2
C05740,1
C05741,1
C05742,1
C05743,1
C05744,2
C05745,1
C05746,1
C05747,1
C05748,1
C05749,1
C05750,1
C05751,2
C05752,1
C05753,1
C05754,1
C05755,1
C05756,1
C05757,1
C05758,1
C05759,1
C05760,1
C05761,2
C05762,1
C05763,1
C05764,2
C05765,1
C05766,2
C05767,1
C05768,1
C05769,1
C05770,1
C05771,1
C05772,1
C05773,1
C05774,1
C05775,1
C05776,1
C05777,1
C05778,1
C05779,1
C05780,1
C05781,1
C05782,2
C05783,1
C05784,1
C05785,1
C05786,2
C05787,1
C05788,2
C05789,1
C05790,1
C05791,2
C05792,1
C05793,1
C05794,1
C05795,1
C05796,2
C05797,1
C05798,1
C05799,1
C05800,1
C05801,1
C05802,1
C05803,1
C05804,1
C05805,1
C05806,1
C05807,1
C05808,1
C05809,1
C05810,1
C05811,1
C05812,1
C05813,1
C05814,3
C05815,1
C05816,1
C05817,1
C05818,1
C05819,1
C05820,1
C05821,1
C05822,1
C05823,1
C05824,1
C05825,2
C05826,1
C05827,1
C05828,1
C05829,1
C05830,1
C05831,1
C05832,1
C05833,1
C05834,1
C05835,3
C05836,1
C05837,1
C05838,1
C05839,1
C05840,1
C05841,1
C05842,1
C05843,1
C05844,1
C05845,1
C05846,1
C05847,1
C05848,1
C05849,1
C05850,1
C05851,1
C05852,1
C05853,1
C05854,1
C05855,1
C05856,1
C05857,1
C05858,1
C05859,1
C05860,2
C05861,1
C05862,1
C05863,2
C05864,1
C05865,1
C05866,1
C05867,2
C05868,1
C05869,1
C05870,1
C05871,1
C05872,1
C05873,1
C05874,1
C05875,1
C05876,2
C05877,1
C05878,1
C05879,1
C05880,1
C05881,1
C05882,1
C05883,1
C05884,1
C05885,1
C05886,1
C05887,2
C05888,1
C05889,1
C05890,1
C05891,1
C05892,1
C05893,1
C05894,1
C05895,1
C05896,1
C05897,1
C05898,1
C05899,1
C05900,1
C05901,1
C05902,2
C05903,1
C05904,1
C05905,1
C05906,1
C05907,1
C05908,1
C05909,1
C05910,1
C05911,1
C05912,1
C05913,2
C05914,1
C05915,1
C05916,1
C05917,1
C05918,1
C05919,1
C05920,1
C05921,1
C05922,3
C05923,1
C05924,1
C05925,1
C05926,1
C05927,1
C05928,1
C05929,1
C05930,1
C05931,1
C05932,1
C05933,1
C05934,1
C05935,2
C05936,1
C05937,1
C05938,1
C05939,1
C05940,1
C05941,1
C05942,1
C05943,1
C05944,1
C05945,1
C05946,1
C05947,1
C05948,1
C05949,1
C05950,1
C05951,1
C05952,1
C05953,1
C05954,1
C05955,1
C05956,1
C05957,2
C05958,1
C05959,1
C05960,1
C05961,1
C05962,1
C05963,1
C05964,1
C05965,1
C05966,1
C05967,1
C05968,1
C05969,1
C05970,1
C05971,1
C05972,1
C05973,1
C05974,1
C05975,1
C05976,1
C05977,1
C05978,1
C05979,2
C05980,1
C05981,2
C05982,1
C05983,1
C05984,1
C05985,2
C05986,3
C05987,1
C05988,1
C05989,1
C05990,1
C05991,1
C05992,1
C05993,1
C05994,1
C05995,1
C05996,2
C05997,1
C05998,1
C05999,1
C06000,1
C06001,1
C06002,1
C06003,1
C06004,1
C06005,1
C06006,3
C06007,1
C06008,1
C06009,1
C06010,2
C06011,2
C06012,1
C06013,1
C06014,1
C06015,1
C06016,1
C06017,2
C06018,1
C06019,1
C06020,1
C06021,2
C06022,2
C06023,1
C06024,1
C06025,2
C06026,2
C06027,1
C06028,1
C06029,1
C06030,1
C06031,3
C06032,1
C06033,1
C06034,1
C06035,1
C06036,1
C06037,1
C06038,1
C06039,1
C06040,1
C06041,1
C06042,1
C06043,1
C06044,1
C06045,1
C06046,1
C06047,1
C06048,1
C06049,2
C06050,1
C06051,1
C06052,1
C06053,1
C06054,1
C06055,1
C06056,1
C06057,1
C06058,1
C06059,2
C06060,1
C06061,1
C06062,1
C06063,1
C06064,1
C06065,1
C06066,1
C06067,2
C06068,1
C06069,1
C06070,2
C06071,1
C06072,2
C06073,1
C06074,1
C06075,1
C06076,1
C06077,1
C06078,1
C06079,1
C06080,1
C06081,1
C06082,1
C06083,1
C06084,2
C06085,1
C06086,1
C06087,1
C06088,1
C06089,1
C06090,1
C06091,1
C06092,1
C06093,1
C06094,1
C06095,1
C06096,1
C06097,1
C06098,2
C06099,1
C06100,1
C06101,2
C06102,1
C06103,1
C06104,1
C06105,1
C06106,1
C06107,2
C06108,1
C06109,1
C06110,1
C06111,1
C06112,1
C06113,1
C06114,1
C06115,2
C06116,1
C06117,1
C06118,1
C06119,1
C06120,1
C06121,2
C06122,1
C06123,1
C06124,1
C06125,1
C06126,1
C06127,1
C06128,1
C06129,1
C06130,1
C06131,1
C06132,1
C06133,1
C06134,2
C06135,1
C06136,1
C06137,1
C06138,1
C06139,2
C06140,1
C06141,1
C06142,1
C06143,1
C06144,2
C06145,1
C06146,1
C06147,3
C06148,1
C06149,1
C06150,2
C06151,1
C06152,1
C06153,1
C06154,1
C06155,1
C06156,1
C06157,1
C06158,1
C06159,1
C06160,1
C06161,1
C06162,1
C06163,1
C06164,1
C06165,1
C06166,1
C06167,1
C06168,1
C06169,1
C06170,1
C06171,1
C06172,1
C06173,1
C06174,1
C06175,1
C06176,1
C06177,1
C06178,1
C06179,1
C06180,1
C06181,1
C06182,1
C06183,1
C06184,1
C06185,1
C06186,1
C06187,1
C06188,1
C06189,1
C06190,1
C06191,1
C06192,1
C06193,1
C06194,2
C06195,1
C06196,1
C06197,2
C06198,1
C06199,1
C06200,1
C06201,1
C06202,1
C06203,1
C06204,1
C06205,2
C06206,1
C06207,1
C06208,1
C06209,1
C06210,1
C06211,1
C06212,1
C06213,1
C06214,1
C06215,1
C06216,1
C06217,1
C06218,1
C06219,1
C06220,1
C06221,1
C06222,1
C06223,1
C06224,2
C06225,1
C06226,1
C06227,1
C06228,2
C06229,1
C06230,1
C06231,1
C06232,1
C06233,1
C06234,1
C06235,1
C06236,1
C06237,1
C06238,1
C06239,1
C06240,1
C06241,2
C06242,1
C06243,1
C06244,1
C06245,1
C06246,1
C06247,1
C06248,1
C06249,1
C06250,1
C06251,1
C06252,1
C06253,1
C06254,1
C06255,1
C06256,1
C06257,1
C06258,1
C06259,1
C06260,1
C06261,1
C06262,1
C06263,1
C06264,1
C06265,1
C06266,1
C06267,1
C06268,1
C06269,1
C06270,1
C06271,1
C06272,1
C06273,1
C06274,1
C06275,1
C06276,1
C06277,1
C06278,1
C06279,1
C06280,1
C06281,1
C06282,1
C06283,1
C06284,1
C06285,1
C06286,1
C06287,1
C06288,1
C06289,1
C06290,2
C06291,1
C06292,1
C06293,1
C06294,1
C06295,1
C06296,1
C06297,1
C06298,1
C06299,1
C06300,2
C06301,1
C06302,1
C06303,1
C06304,1
C06305,1
C06306,1
C06307,1
C06308,1
C06309,1
C06310,1
C06311,1
C06312,1
C06313,1
C06314,1
C06315,1
C06316,1
C06317,1
C06318,1
C06319,1
C06320,1
C06321,1
C06322,1
C06323,1
C06324,1
C06325,1
C06326,1
C06327,1
C06328,1
C06329,1
C06330,1
C06331,2
C06332,1
C06333,1
C06334,1
C06335,1
C06336,1
C06337,1
C06338,1
C06339,1
C06340,1
C06341,1
C06342,1
C06343,2
C06344,1
C06345,1
C06346,1
C06347,1
C06348,1
C06349,1
C06350,3
C06351,1
C06352,1
C06353,1
C06354,2
C06355,1
C06356,1
C06357,1
C06358,2
C06359,1
C06360,1
C06361,1
C06362,1
C06363,1
C06364,1
C06365,1
C06366,1
C06367,1
C06368,1
C06369,1
C06370,1
C06371,1
C06372,1
C06373,1
C06374,1
C06375,2
C06376,1
C06377,1
C06378,1
C06379,1
C06380,1
C06381,1
C06382,1
C06383,1
C06384,1
C06385,1
C06386,1
C06387,1
C06388,1
C06389,2
C06390,1
C06391,1
C06392,2
C06393,1
C06394,1
C06395,1
C06396,1
C06397,1
C06398,1
C06399,2
C06400,1
C06401,1
C06402,1
C06403,3
C06404,1
C06405,1
C06406,1
C06407,1
C06408,1
C06409,1
C06410,1
C06411,1
C06412,1
C06413,2
C06414,1
C06415,3
C06416,1
C06417,1
C06418,1
C06419,1
C06420,1
C06421,1
C06422,1
C06423,1
C06424,2
C06425,1
C06426,2
C06427,1
C06428,1
C06429,1
C06430,2
C06431,1
C06432,1
C06433,2
C06434,1
C06435,1
C06436,1
C06437,1
C06438,1
C06439,1
C06440,1
C06441,1
C06442,1
C06443,1
C06444,1
C06445,1
C06446,1
C06447,1
C06448,1
C06449,1
C06450,1
C06451,1
C06452,1
C06453,1
C06454,1
C06455,1
C06456,1
C06457,1
C06458,2
C06459,1
C06460,1
C06461,1
C06462,1
C06463,1
C06464,1
C06465,1
C06466,1
C06467,1
C06468,1
C06469,4
C06470,1
C06471,1
C06472,1
C06473,1
C06474,1
C06475,1
C06476,1
C06477,1
C06478,1
C06479,1
C06480,1
C06481,2
C06482,1
C06483,1
C06484,1
C06485,2
C06486,1
C06487,1
C06488,1
C06489,1
C06490,1
C06491,1
C06492,1
C06493,1
C06494,2
C06495,1
C06496,2
C06497,1
C06498,1
C06499,1
C06500,1
C06501,1
C06502,1
C06503,1
C06504,1
C06505,1
C06506,1
C06507,1
C06508,1
C06509,2
C06510,1
C06511,1
C06512,1
C06513,1
C06514,1
C06515,1
C06516,1
C06517,1
C06518,1
C06519,1
C06520,2
C06521,1
C06522,1
C06523,1
C06524,1
C06525,1
C06526,1
C06527,1
C06528,1
C06529,1
C06530,1
C06531,1
C06532,2
C06533,1
C06534,1
C06535,1
C06536,1
C06537,1
C06538,2
C06539,1
C06540,1
C06541,1
C06542,1
C06543,1
C06544,1
C06545,1
C06546,1
C06547,1
C06548,1
C06549,1
C06550,1
C06551,1
C06552,2
C06553,1
C06554,1
C06555,1
C06556,1
C06557,1
C06558,1
C06559,1
C06560,1
C06561,1
C06562,1
C06563,1
C06564,1
C06565,1
C06566,1
C06567,1
C06568,1
C06569,1
C06570,1
C06571,1
C06572,1
C06573,1
C06574,1
C06575,1
C06576,1
C06577,1
C06578,1
C06579,1
C06580,1
C06581,1
C06582,2
C06583,1
C06584,1
C06585,1
C06586,1
C06587,1
C06588,1
C06589,1
C06590,1
C06591,1
C06592,1
C06593,1
C06594,1
C06595,1
C06596,1
C06597,1
C06598,1
C06599,1
C06600,2
C06601,1
C06602,1
C06603,1
C06604,1
C06605,1
C06606,1
C06607,1
C06608,1
C06609,1
C06610,1
C06611,1
C06612,1
C06613,1
C06614,1
C06615,1
C06616,1
C06617,1
C06618,1
C06619,1
C06620,1
C06621,1
C06622,1
C06623,1
C06624,1
C06625,1
C06626,1
C06627,1
C06628,1
C06629,1
C06630,2
C06631,1
C06632,1
C06633,1
C06634,1
C06635,1
C06636,2
C06637,1
C06638,1
C06639,1
C06640,1
C06641,1
C06642,2
C06643,1
C06644,1
C06645,2
C06646,1
C06647,1
C06648,1
C06649,1
C06650,2
C06651,1
C06652,1
C06653,1
C06654,3
C06655,1
C06656,1
C06657,1
C06658,1
C06659,1
C06660,1
C06661,1
C06662,1
C06663,2
C06664,1
C06665,2
C06666,1
C06667,1
C06668,2
C06669,1
C06670,1
C06671,1
C06672,1
C06673,1
C06674,1
C06675,1
C06676,1
C06677,1
C06678,1
C06679,1
C06680,1
C06681,1
C06682,1
C06683,1
C06684,2
C06685,1
C06686,1
C06687,1
C06688,1
C06689,1
C06690,1
C06691,1
C06692,1
C06693,1
C06694,1
C06695,1
C06696,1
C06697,1
C06698,1
C06699,1
C06700,1
C06701,1
C06702,1
C06703,1
C06704,2
C06705,1
C06706,1
C06707,1
C06708,2
C06709,1
C06710,1
C06711,1
C06712,1
C06713,1
C06714,1
C06715,1
C06716,1
C06717,1
C06718,1
C06719,1
C06720,1
C06721,1
C06722,1
C06723,1
C06724,1
C06725,1
C06726,1
C06727,1
C06728,1
C06729,1
C06730,1
C06731,1
C06732,1
C06733,1
C06734,1
C06735,1
C06736,1
C06737,1
C06738,1
C06739,1
C06740,1
C06741,1
C06742,1
C06743,1
C06744,2
C06745,1
C06746,1
C06747,1
C06748,1
C06749,1
C06750,1
C06751,2
C06752,1
C06753,1
C06754,1
C06755,2
C06756,1
C06757,1
C06758,1
C06759,1
C06760,2
C06761,1
C06762,1
C06763,1
C06764,2
C06765,1
C06766,1
C06767,1
C06768,1
C06769,1
C06770,1
C06771,1
C06772,1
C06773,1
C06774,1
C06775,1
C06776,1
C06777,1
C06778,1
C06779,1
C06780,2
C06781,1
C06782,1
C06783,1
C06784,1
C06785,1
C06786,1
C06787,1
C06788,1
C06789,1
C06790,1
C06791,1
C06792,1
C06793,1
C06794,1
C06795,1
C06796,1
C06797,1
C06798,1
C06799,1
C06800,1
C06801,1
C06802,1
C06803,1
C06804,1
C06805,1
C06806,1
C06807,1
C06808,1
C06809,1
C06810,1
C06811,1
C06812,1
C06813,1
C06814,1
C06815,1
C06816,1
C06817,1
C06818,1
C06819,1
C06820,1
C06821,2
C06822,1
C06823,1
C06824,1
C06825,1
C06826,1
C06827,1
C06828,1
C06829,1
C06830,1
C06831,2
C06832,1
C06833,1
C06834,1
C06835,2
C06836,1
C06837,1
C06838,1
C06839,1
C06840,3
C06841,1
C06842,1
C06843,1
C06844,1
C06845,1
C06846,1
C06847,1
C06848,2
C06849,1
C06850,1
C06851,1
C06852,1
C06853,1
C06854,1
C06855,1
C06856,1
C06857,1
C06858,1
C06859,1
C06860,1
C06861,1
C06862,1
C06863,1
C06864,1
C06865,1
C06866,1
C06867,1
C06868,1
C06869,1
C06870,1
C06871,1
C06872,2
C06873,1
C06874,1
C06875,2
C06876,1
C06877,1
C06878,1
C06879,1
C06880,1
C06881,1
C06882,1
C06883,1
C06884,2
C06885,1
C06886,1
C06887,1
C06888,1
C06889,1
C06890,1
C06891,1
C06892,1
C06893,1
C06894,1
C06895,1
C06896,1
C06897,1
C06898,2
C06899,1
C06900,1
C06901,1
C06902,1
C06903,1
C06904,1
C06905,2
C06906,1
C06907,1
C06908,1
C06909,1
C06910,1
C06911,1
C06912,1
C06913,1
C06914,1
C06915,1
C06916,1
C06917,1
C06918,1
C06919,1
C06920,1
C06921,1
C06922,1
C06923,2
C06924,1
C06925,1
C06926,1
C06927,2
C06928,1
C06929,2
C06930,1
C06931,1
C06932,1
C06933,1
C06934,1
C06935,1
C06936,1
C06937,1
C06938,1
C06939,1
C06940,1
C06941,1
C06942,2
C06943,1
C06944,1
C06945,1
C06946,1
C06947,2
C06948,1
C06949,1
C06950,1
C06951,1
C06952,1
C06953,1
C06954,1
C06955,1
C06956,1
C06957,1
C06958,1
C06959,1
C06960,1
C06961,1
C06962,2
C06963,2
C06964,1
C06965,1
C06966,2
C06967,1
C06968,1
C06969,1
C06970,1
C06971,1
C06972,1
C06973,1
C06974,1
C06975,1
C06976,1
C06977,1
C06978,1
C06979,1
C06980,1
C06981,1
C06982,1
C06983,1
C06984,1
C06985,1
C06986,1
C06987,2
C06988,1
C06989,1
C06990,1
C06991,1
C06992,1
C06993,1
C06994,1
C06995,1
C06996,1
C06997,1
C06998,1
C06999,1
C07000,1
C07001,1
C07002,1
C07003,1
C07004,1
C07005,1
C07006,1
C07007,1
C07008,1
C07009,1
C07010,1
C07011,1
C07012,1
C07013,2
C07014,1
C07015,1
C07016,1
C07017,1
C07018,1
C07019,1
C07020,1
C07021,1
C07022,1
C07023,1
C07024,1
C07025,1
C07026,1
C07027,1
C07028,1
C07029,1
C07030,1
C07031,1
C07032,1
C07033,1
C07034,1
C07035,1
C07036,1
C07037,1
C07038,1
C07039,1
C07040,1
C07041,1
C07042,1
C07043,1
C07044,1
C07045,1
C07046,1
C07047,1
C07048,1
C07049,2
C07050,1
C07051,1
C07052,1
C07053,1
C07054,1
C07055,1
C07056,1
C07057,1
C07058,1
C07059,1
C07060,1
C07061,1
C07062,1
C07063,1
C07064,1
C07065,2
C07066,1
C07067,1
C07068,1
C07069,1
C07070,1
C07071,1
C07072,1
C07073,1
C07074,2
C07075,1
C07076,1
C07077,1
C07078,1
C07079,1
C07080,1
C07081,1
C07082,1
C07083,1
C07084,1
C07085,1
C07086,1
C07087,1
C07088,1
C07089,1
C07090,1
C07091,1
C07092,1
C07093,1
C07094,1
C07095,1
C07096,2
C07097,1
C07098,1
C07099,1
C07100,1
C07101,1
C07102,1
C07103,1
C07104,1
C07105,1
C07106,2
C07107,1
C07108,1
C07109,2
C07110,1
C07111,1
C07112,1
C07113,1
C07114,1
C07115,1
C07116,2
C07117,2
C07118,2
C07119,1
C07120,1
C07121,1
C07122,1
C07123,1
C07124,1
C07125,1
C07126,1
C07127,1
C07128,1
C07129,1
C07130,1
C07131,1
C07132,1
C07133,1
C07134,2
C07135,1
C07136,1
C07137,1
C07138,1
C07139,1
C07140,1
C07141,1
C07142,1
C07143,1
C07144,1
C07145,1
C07146,1
C07147,1
C07148,1
C07149,2
C07150,1
C07151,1
C07152,1
C07153,1
C07154,1
C07155,1
C07156,1
C07157,1
C07158,1
C07159,1
C07160,1
C07161,1
C07162,1
C07163,1
C07164,1
C07165,1
C07166,1
C07167,1
C07168,1
C07169,1
C07170,1
C07171,2
C07172,1
C07173,2
C07174,1
C07175,1
C07176,1
C07177,1
C07178,1
C07179,1
C07180,2
C07181,1
C07182,1
C07183,1
C07184,1
C07185,2
C07186,1
C07187,1
C07188,1
C07189,1
C07190,1
C07191,1
C07192,1
C07193,1
C07194,1
C07195,1
C07196,2
C07197,1
C07198,1
C07199,1
C07200,1
C07201,1
C07202,1
C07203,3
C07204,1
C07205,1
C07206,1
C07207,1
C07208,1
C07209,1
C07210,1
C07211,1
C07212,3
C07213,1
C07214,1
C07215,1
C07216,1
C07217,1
C07218,1
C07219,1
C07220,1
C07221,1
C07222,1
C07223,1
C07224,1
C07225,1
C07226,1
C07227,2
C07228,1
C07229,1
C07230,1
C07231,1
C07232,1
C07233,1
C07234,1
C07235,1
C07236,1
C07237,1
C07238,1
C07239,1
C07240,1
C07241,1
C07242,1
C07243,1
C07244,1
C07245,1
C07246,1
C07247,1
C07248,2
C07249,1
C07250,1
C07251,1
C07252,1
C07253,1
C07254,1
C07255,1
C07256,2
C07257,1
C07258,1
C07259,1
C07260,1
C07261,1
C07262,1
C07263,1
C07264,1
C07265,1
C07266,1
C07267,1
C07268,1
C07269,1
C07270,1
C07271,1
C07272,1
C07273,1
C07274,1
C07275,1
C07276,1
C07277,1
C07278,1
C07279,1
C07280,1
C07281,1
C07282,1
C07283,1
C07284,1
C07285,1
C07286,1
C07287,1
C07288,2
C07289,1
C07290,2
C07291,1
C07292,1
C07293,1
C07294,1
C07295,1
C07296,1
C07297,2
C07298,1
C07299,2
C07300,1
C07301,1
C07302,1
C07303,1
C07304,1
C07305,1
C07306,1
C07307,1
C07308,1
C07309,1
C07310,1
C07311,1
C07312,1
C07313,1
C07314,1
C07315,1
C07316,1
C07317,1
C07318,1
C07319,2
C07320,1
C07321,1
C07322,1
C07323,1
C07324,1
C07325,1
C07326,1
C07327,1
C07328,1
C07329,1
C07330,1
C07331,1
C07332,1
C07333,1
C07334,1
C07335,2
C07336,1
C07337,1
C07338,1
C07339,1
C07340,2
C07341,1
C07342,1
C07343,1
C07344,1
C07345,1
C07346,1
C07347,1
C07348,1
C07349,1
C07350,1
C07351,1
C07352,1
C07353,1
C07354,2
C07355,1
C07356,1
C07357,1
C07358,1
C07359,1
C07360,1
C07361,1
C07362,1
C07363,1
C07364,1
C07365,1
C07366,1
C07367,1
C07368,1
C07369,1
C07370,1
C07371,1
C07372,1
C07373,1
C07374,1
C07375,1
C07376,1
C07377,1
C07378,1
C07379,1
C07380,1
C07381,1
C07382,1
C07383,1
C07384,1
C07385,1
C07386,1
C07387,1
C07388,1
C07389,2
C07390,1
C07391,1
C07392,1
C07393,1
C07394,1
C07395,2
C07396,1
C07397,1
C07398,2
C07399,1
C07400,2
C07401,1
C07402,1
C07403,1
C07404,1
C07405,1
C07406,1
C07407,1
C07408,1
C07409,1
C07410,1
C07411,2
C07412,1
C07413,1
C07414,1
C07415,1
C07416,2
C07417,1
C07418,1
C07419,1
C07420,2
C07421,1
C07422,1
C07423,1
C07424,1
C07425,1
C07426,1
C07427,1
C07428,1
C07429,2
C07430,1
C07431,1
C07432,1
C07433,1
C07434,1
C07435,1
C07436,1
C07437,1
C07438,1
C07439,1
C07440,1
C07441,1
C07442,1
C07443,1
C07444,1
C07445,1
C07446,1
C07447,1
C07448,1
C07449,1
C07450,1
C07451,1
C07452,1
C07453,1
C07454,1
C07455,1
C07456,2
C07457,1
C07458,1
C07459,1
C07460,1
C07461,1
C07462,1
C07463,1
C07464,1
C07465,1
C07466,2
C07467,1
C07468,2
C07469,1
C07470,1
C07471,1
C07472,1
C07473,1
C07474,1
C07475,1
C07476,1
C07477,1
C07478,1
C07479,1
C07480,1
C07481,1
C07482,2
C07483,1
C07484,1
C07485,1
C07486,1
C07487,1
C07488,1
C07489,1
C07490,1
C07491,1
C07492,1
C07493,1
C07494,1
C07495,1
C07496,1
C07497,1
C07498,2
C07499,1
C07500,1
C07501,1
C07502,1
C07503,1
C07504,1
C07505,1
C07506,1
C07507,1
C07508,2
C07509,1
C07510,1
C07511,1
C07512,1
C07513,1
C07514,1
C07515,1
C07516,1
C07517,1
C07518,2
C07519,1
C07520,1
C07521,1
C07522,1
C07523,1
C07524,1
C07525,1
C07526,1
C07527,1
C07528,1
C07529,1
C07530,1
C07531,1
C07532,1
C07533,1
C07534,1
C07535,1
C07536,1
C07537,1
C07538,1
C07539,1
C07540,1
C07541,1
C07542,1
C07543,1
C07544,1
C07545,1
C07546,1
C07547,1
C07548,1
C07549,1
C07550,1
C07551,1
C07552,1
C07553,1
C07554,1
C07555,1
C07556,1
C07557,2
C07558,2
C07559,1
C07560,2
C07561,1
C07562,2
C07563,1
C07564,1
C07565,1
C07566,1
C07567,1
C07568,1
C07569,1
C07570,1
C07571,1
C07572,1
C07573,1
C07574,1
C07575,1
C07576,1
C07577,1
C07578,1
C07579,1
C07580,1
C07581,1
C07582,1
C07583,1
C07584,1
C07585,1
C07586,1
C07587,1
C07588,1
C07589,1
C07590,1
C07591,1
C07592,1
C07593,1
C07594,1
C07595,1
C07596,1
C07597,1
C07598,1
C07599,1
C07600,1
C07601,1
C07602,1
C07603,1
C07604,1
C07605,1
C07606,1
C07607,2
C07608,1
C07609,1
C07610,1
C07611,1
C07612,2
C07613,1
C07614,2
C07615,1
C07616,1
C07617,1
C07618,1
C07619,1
C07620,1
C07621,1
C07622,1
C07623,1
C07624,1
C07625,1
C07626,2
C07627,1
C07628,1
C07629,1
C07630,1
C07631,1
C07632,1
C07633,1
C07634,1
C07635,1
C07636,1
C07637,1
C07638,1
C07639,1
C07640,1
C07641,1
C07642,1
C07643,1
C07644,1
C07645,1
C07646,3
C07647,1
C07648,2
C07649,1
C07650,1
C07651,1
C07652,1
C07653,1
C07654,1
C07655,1
C07656,1
C07657,1
C07658,1
C07659,1
C07660,1
C07661,1
C07662,1
C07663,1
C07664,1
C07665,1
C07666,2
C07667,1
C07668,1
C07669,1
C07670,2
C07671,2
C07672,1
C07673,1
C07674,1
C07675,1
C07676,1
C07677,1
C07678,1
C07679,1
C07680,1
C07681,1
C07682,2
C07683,1
C07684,1
C07685,1
C07686,1
C07687,1
C07688,1
C07689,1
C07690,1
C07691,1
C07692,1
C07693,1
C07694,1
C07695,1
C07696,1
C07697,1
C07698,1
C07699,1
C07700,1
C07701,1
C07702,2
C07703,2
C07704,1
C07705,1
C07706,1
C07707,1
C07708,1
C07709,1
C07710,2
C07711,1
C07712,1
C07713,1
C07714,1
C07715,1
C07716,1
C07717,1
C07718,1
C07719,1
C07720,1
C07721,2
C07722,1
C07723,1
C07724,1
C07725,1
C07726,1
C07727,1
C07728,1
C07729,1
C07730,1
C07731,1
C07732,1
C07733,1
C07734,1
C07735,1
C07736,1
C07737,1
C07738,1
C07739,1
C07740,1
C07741,2
C07742,1
C07743,2
C07744,1
C07745,1
C07746,1
C07747,1
C07748,1
C07749,1
C07750,2
C07751,1
C07752,2
C07753,2
C07754,1
C07755,1
C07756,1
C07757,1
C07758,1
C07759,1
C07760,1
C07761,1
C07762,1
C07763,1
C07764,1
C07765,1
C07766,1
C07767,2
C07768,1
C07769,1
C07770,1
C07771,1
C07772,1
C07773,1
C07774,1
C07775,1
C07776,1
C07777,1
C07778,1
C07779,1
C07780,1
C07781,2
C07782,1
C07783,1
C07784,2
C07785,1
C07786,1
C07787,1
C07788,1
C07789,1
C07790,1
C07791,1
C07792,1
C07793,1
C07794,1
C07795,1
C07796,1
C07797,1
C07798,1
C07799,1
C07800,1
C07801,1
C07802,1
C07803,1
C07804,1
C07805,1
C07806,1
C07807,1
C07808,1
C07809,1
C07810,1
C07811,1
C07812,1
C07813,1
C07814,1
C07815,1
C07816,1
C07817,1
C07818,1
C07819,1
C07820,1
C07821,1
C07822,1
C07823,1
C07824,1
C07825,2
C07826,1
C07827,1
C07828,1
C07829,1
C07830,1
C07831,1
C07832,1
C07833,1
C07834,1
C07835,1
C07836,1
C07837,1
C07838,2
C07839,1
C07840,1
C07841,1
C07842,1
C07843,1
C07844,1
C07845,2
C07846,1
C07847,2
C07848,2
C07849,1
C07850,1
C07851,1
C07852,1
C07853,1
C07854,1
C07855,1
C07856,1
C07857,1
C07858,2
C07859,1
C07860,1
C07861,1
C07862,1
C07863,1
C07864,1
C07865,1
C07866,1
C07867,2
C07868,1
C07869,1
C07870,2
C07871,1
C07872,2
C07873,1
C07874,1
C07875,1
C07876,1
C07877,1
C07878,1
C07879,1
C07880,1
C07881,1
C07882,1
C07883,1
C07884,1
C07885,2
C07886,1
C07887,2
C07888,1
C07889,1
C07890,1
C07891,1
C07892,1
C07893,1
C07894,1
C07895,1
C07896,1
C07897,1
C07898,1
C07899,1
C07900,1
C07901,1
C07902,1
C07903,1
C07904,1
C07905,1
C07906,1
C07907,1
C07908,1
C07909,1
C07910,1
C07911,1
C07912,1
C07913,2
C07914,1
C07915,1
C07916,1
C07917,1
C07918,1
C07919,2
C07920,1
C07921,1
C07922,1
C07923,1
C07924,1
C07925,1
C07926,1
C07927,1
C07928,1
C07929,1
C07930,1
C07931,1
C07932,1
C07933,1
C07934,1
C07935,1
C07936,2
C07937,1
C07938,1
C07939,1
C07940,1
C07941,1
C07942,1
C07943,1
C07944,1
C07945,1
C07946,1
C07947,1
C07948,1
C07949,1
C07950,1
C07951,1
C07952,1
C07953,1
C07954,1
C07955,1
C07956,1
C07957,1
C07958,1
C07959,1
C07960,1
C07961,1
C07962,2
C07963,1
C07964,1
C07965,1
C07966,1
C07967,1
C07968,1
C07969,1
C07970,1
C07971,1
C07972,1
C07973,1
C07974,1
C07975,1
C07976,1
C07977,1
C07978,1
C07979,1
C07980,1
C07981,2
C07982,2
C07983,1
C07984,1
C07985,1
C07986,1
C07987,2
C07988,2
C07989,1
C07990,1
C07991,1
C07992,1
C07993,1
C07994,1
C07995,1
C07996,1
C07997,1
C07998,1
C07999,1
C08000,1
C08001,1
C08002,1
C08003,1
C08004,1
C08005,1
C08006,1
C08007,1
C08008,1
C08009,1
C08010,2
C08011,1
C08012,1
C08013,1
C08014,1
C08015,1
C08016,1
C08017,1
C08018,1
C08019,1
C08020,1
C08021,1
C08022,1
C08023,1
C08024,2
C08025,1
C08026,1
C08027,2
C08028,1
C08029,1
C08030,1
C08031,2
C08032,1
C08033,1
C08034,1
C08035,1
C08036,1
C08037,1
C08038,1
C08039,1
C08040,1
C08041,1
C08042,1
C08043,1
C08044,1
C08045,1
C08046,2
C08047,1
C08048,1
C08049,1
C08050,1
C08051,1
C08052,1
C08053,1
C08054,1
C08055,1
C08056,1
C08057,1
C08058,1
C08059,1
C08060,1
C08061,1
C08062,1
C08063,1
C08064,1
C08065,1
C08066,1
C08067,1
C08068,1
C08069,1
C08070,1
C08071,1
C08072,1
C08073,1
C08074,1
C08075,1
C08076,1
C08077,1
C08078,1
C08079,1
C08080,1
C08081,1
C08082,1
C08083,2
C08084,1
C08085,1
C08086,1
C08087,1
C08088,1
C08089,1
C08090,1
C08091,1
C08092,1
C08093,1
C08094,1
C08095,1
C08096,1
C08097,1
C08098,1
C08099,1
C08100,1
C08101,1
C08102,1
C08103,1
C08104,1
C08105,1
C08106,1
C08107,1
C08108,2
C08109,1
C08110,1
C08111,1
C08112,2
C08113,1
C08114,1
C08115,1
C08116,1
C08117,1
C08118,1
C08119,1
C08120,1
C08121,1
C08122,1
C08123,1
C08124,1
C08125,1
C08126,1
C08127,1
C08128,1
C08129,3
C08130,1
C08131,1
C08132,1
C08133,1
C08134,1
C08135,1
C08136,1
C08137,1
C08138,1
C08139,1
C08140,2
C08141,1
C08142,1
C08143,1
C08144,1
C08145,1
C08146,1
C08147,2
C08148,1
C08149,1
C08150,1
C08151,1
C08152,1
C08153,1
C08154,1
C08155,1
C08156,1
C08157,1
C08158,1
C08159,1
C08160,1
C08161,1
C08162,1
C08163,1
C08164,1
C08165,1
C08166,2
C08167,1
C08168,1
C08169,1
C08170,1
C08171,1
C08172,1
C08173,1
C08174,1
C08175,1
C08176,1
C08177,1
C08178,1
C08179,1
C08180,1
C08181,1
C08182,1
C08183,1
C08184,1
C08185,1
C08186,1
C08187,1
C08188,1
C08189,1
C08190,2
C08191,1
C08192,1
C08193,1
C08194,1
C08195,1
C08196,1
C08197,1
C08198,1
C08199,1
C08200,1
C08201,1
C08202,1
C08203,2
C08204,1
C08205,1
C08206,2
C08207,1
C08208,1
C08209,2
C08210,1
C08211,1
C08212,1
C08213,2
C08214,1
C08215,1
C08216,1
C08217,2
C08218,1
C08219,1
C08220,1
C08221,1
C08222,1
C08223,1
C08224,1
C08225,1
C08226,1
C08227,1
C08228,1
C08229,1
C08230,1
C08231,1
C08232,1
C08233,1
C08234,1
C08235,2
C08236,1
C08237,1
C08238,1
C08239,2
C08240,1
C08241,1
C08242,1
C08243,1
C08244,1
C08245,1
C08246,1
C08247,1
C08248,1
C08249,2
C08250,1
C08251,1
C08252,1
C08253,1
C08254,1
C08255,1
C08256,2
C08257,1
C08258,1
C08259,1
C08260,1
C08261,1
C08262,1
C08263,1
C08264,1
C08265,1
C08266,1
C08267,1
C08268,1
C08269,1
C08270,1
C08271,1
C08272,1
C08273,1
C08274,1
C08275,1
C08276,1
C08277,1
C08278,1
C08279,1
C08280,1
C08281,3
C08282,1
C08283,1
C08284,1
C08285,2
C08286,1
C08287,1
C08288,1
C08289,1
C08290,2
C08291,1
C08292,1
C08293,1
C08294,1
C08295,1
C08296,1
C08297,1
C08298,1
C08299,1
C08300,1
C08301,1
C08302,1
C08303,1
C08304,1
C08305,1
C08306,1
C08307,1
C08308,1
C08309,1
C08310,1
C08311,1
C08312,1
C08313,1
C08314,2
C08315,1
C08316,1
C08317,1
C08318,1
C08319,2
C08320,1
C08321,2
C08322,1
C08323,1
C08324,1
C08325,1
C08326,1
C08327,1
C08328,1
C08329,1
C08330,1
C08331,1
C08332,1
C08333,1
C08334,1
C08335,1
C08336,1
C08337,1
C08338,1
C08339,1
C08340,1
C08341,1
C08342,1
C08343,1
C08344,1
C08345,1
C08346,1
C08347,1
C08348,1
C08349,1
C08350,1
C08351,1
C08352,1
C08353,1
C08354,1
C08355,1
C08356,1
C08357,1
C08358,1
C08359,1
C08360,1
C08361,1
C08362,1
C08363,1
C08364,1
C08365,1
C08366,2
C08367,1
C08368,1
C08369,1
C08370,1
C08371,1
C08372,1
C08373,1
C08374,1
C08375,1
C08376,1
C08377,1
C08378,1
C08379,1
C08380,1
C08381,1
C08382,1
C08383,1
C08384,1
C08385,1
C08386,1
C08387,1
C08388,1
C08389,1
C08390,2
C08391,2
C08392,1
C08393,1
C08394,1
C08395,1
C08396,1
C08397,1
C08398,2
C08399,1
C08400,1
C08401,1
C08402,1
C08403,1
C08404,1
C08405,1
C08406,1
C08407,1
C08408,1
C08409,1
C08410,1
C08411,1
C08412,1
C08413,1
C08414,1
C08415,1
C08416,1
C08417,1
C08418,2
C08419,1
C08420,1
C08421,1
C08422,1
C08423,1
C08424,1
C08425,1
C08426,1
C08427,1
C08428,1
C08429,1
C08430,1
C08431,1
C08432,1
C08433,1
C08434,1
C08435,1
C08436,1
C08437,1
C08438,1
C08439,1
C08440,1
C08441,2
C08442,1
C08443,1
C08444,1
C08445,1
C08446,1
C08447,1
C08448,1
C08449,3
C08450,2
C08451,2
C08452,1
C08453,1
C08454,1
C08455,1
C08456,1
C08457,1
C08458,1
C08459,2
C08460,1
C08461,1
C08462,1
C08463,1
C08464,1
C08465,1
C08466,2
C08467,1
C08468,1
C08469,1
C08470,1
C08471,1
C08472,1
C08473,1
C08474,1
C08475,1
C08476,1
C08477,3
C08478,1
C08479,1
C08480,1
C08481,1
C08482,1
C08483,1
C08484,1
C08485,1
C08486,2
C08487,1
C08488,1
C08489,2
C08490,1
C08491,1
C08492,1
C08493,1
C08494,1
C08495,1
C08496,1
C08497,2
C08498,1
C08499,1
C08500,2
C08501,1
C08502,1
C08503,1
C08504,1
C08505,1
C08506,1
C08507,1
C08508,1
C08509,1
C08510,1
C08511,2
C08512,1
C08513,1
C08514,1
C08515,1
C08516,1
C08517,1
C08518,1
C08519,1
C08520,1
C08521,1
C08522,1
C08523,1
C08524,1
C08525,1
C08526,1
C08527,1
C08528,1
C08529,1
C08530,1
C08531,1
C08532,1
C08533,1
C08534,1
C08535,1
C08536,1
C08537,1
C08538,1
C08539,1
C08540,1
C08541,1
C08542,1
C08543,1
C08544,1
C08545,1
C08546,1
C08547,1
C08548,1
C08549,1
C08550,1
C08551,1
C08552,1
C08553,1
C08554,1
C08555,1
C08556,1
C08557,1
C08558,1
C08559,1
C08560,1
C08561,1
C08562,1
C08563,2
C08564,1
C08565,1
C08566,1
C08567,1
C08568,1
C08569,2
C08570,1
C08571,1
C08572,2
C08573,1
C08574,1
C08575,1
C08576,1
C08577,1
C08578,1
C08579,1
C08580,1
C08581,1
C08582,1
C08583,2
C08584,1
C08585,1
C08586,1
C08587,1
C08588,1
C08589,1
C08590,1
C08591,1
C08592,2
C08593,1
C08594,1
C08595,1
C08596,1
C08597,2
C08598,1
C08599,1
C08600,1
C08601,1
C08602,1
C08603,1
C08604,1
C08605,1
C08606,1
C08607,1
C08608,1
C08609,2
C08610,1
C08611,1
C08612,1
C08613,1
C08614,1
C08615,1
C08616,1
C08617,1
C08618,2
C08619,1
C08620,1
C08621,1
C08622,1
C08623,2
C08624,2
C08625,1
C08626,2
C08627,1
C08628,1
C08629,1
C08630,1
C08631,2
C08632,1
C08633,1
C08634,2
C08635,1
C08636,1
C08637,2
C08638,1
C08639,1
C08640,1
C08641,1
C08642,1
C08643,1
C08644,1
C08645,1
C08646,2
C08647,1
C08648,1
C08649,1
C08650,1
C08651,1
C08652,1
C08653,1
C08654,1
C08655,1
C08656,1
C08657,1
C08658,1
C08659,1
C08660,1
C08661,1
C08662,1
C08663,2
C08664,1
C08665,1
C08666,1
C08667,2
C08668,1
C08669,1
C08670,1
C08671,1
C08672,1
C08673,1
C08674,2
C08675,1
C08676,1
C08677,1
C08678,1
C08679,1
C08680,1
C08681,1
C08682,1
C08683,1
C08684,2
C08685,1
C08686,1
C08687,1
C08688,1
C08689,1
C08690,1
C08691,1
C08692,1
C08693,1
C08694,1
C08695,2
C08696,1
C08697,1
C08698,1
C08699,1
C08700,1
C08701,1
C08702,1
C08703,1
C08704,1
C08705,1
C08706,1
C08707,1
C08708,1
C08709,1
C08710,1
C08711,1
C08712,1
C08713,1
C08714,1
C08715,1
C08716,1
C08717,1
C08718,1
C08719,1
C08720,1
C08721,1
C08722,1
C08723,1
C08724,1
C08725,1
C08726,1
C08727,1
C08728,1
C08729,1
C08730,1
C08731,1
C08732,1
C08733,1
C08734,1
C08735,1
C08736,1
C08737,1
C08738,1
C08739,2
C08740,1
C08741,1
C08742,1
C08743,1
C08744,1
C08745,1
C08746,2
C08747,1
C08748,1
C08749,1
C08750,2
C08751,1
C08752,1
C08753,1
C08754,1
C08755,2
C08756,1
C08757,1
C08758,1
C08759,1
C08760,1
C08761,1
C08762,1
C08763,1
C08764,1
C08765,1
C08766,1
C08767,1
C08768,1
C08769,1
C08770,2
C08771,1
C08772,1
C08773,1
C08774,1
C08775,1
C08776,1
C08777,1
C08778,1
C08779,1
C08780,1
C08781,1
C08782,1
C08783,1
C08784,1
C08785,1
C08786,1
C08787,1
C08788,1
C08789,1
C08790,1
C08791,1
C08792,1
C08793,1
C08794,1
C08795,1
C08796,2
C08797,1
C08798,1
C08799,1
C08800,1
C08801,1
C08802,1
C08803,1
C08804,1
C08805,1
C08806,1
C08807,1
C08808,1
C08809,1
C08810,1
C08811,1
C08812,1
C08813,1
C08814,1
C08815,1
C08816,1
C08817,1
C08818,1
C08819,1
C08820,1
C08821,1
C08822,2
C08823,2
C08824,1
C08825,1
C08826,1
C08827,1
C08828,1
C08829,1
C08830,1
C08831,1
C08832,1
C08833,1
C08834,1
C08835,1
C08836,1
C08837,1
C08838,1
C08839,2
C08840,1
C08841,1
C08842,2
C08843,1
C08844,1
C08845,3
C08846,1
C08847,1
C08848,1
C08849,1
C08850,1
C08851,1
C08852,1
C08853,1
C08854,1
C08855,1
C08856,1
C08857,1
C08858,1
C08859,1
C08860,2
C08861,1
C08862,1
C08863,1
C08864,1
C08865,1
C08866,1
C08867,1
C08868,1
C08869,1
C08870,1
C08871,1
C08872,1
C08873,1
C08874,1
C08875,1
C08876,1
C08877,1
C08878,1
C08879,1
C08880,1
C08881,1
C08882,1
C08883,1
C08884,1
C08885,1
C08886,1
C08887,1
C08888,1
C08889,1
C08890,1
C08891,1
C08892,1
C08893,1
C08894,1
C08895,1
C08896,1
C08897,1
C08898,1
C08899,1
C08900,1
C08901,1
C08902,2
C08903,1
C08904,1
C08905,1
C08906,1
C08907,1
C08908,1
C08909,2
C08910,1
C08911,1
C08912,1
C08913,2
C08914,1
C08915,1
C08916,1
C08917,1
C08918,2
C08919,1
C08920,1
C08921,1
C08922,1
C08923,1
C08924,2
C08925,1
C08926,1
C08927,1
C08928,1
C08929,1
C08930,1
C08931,1
C08932,1
C08933,1
C08934,1
C08935,1
C08936,1
C08937,1
C08938,1
C08939,1
C08940,1
C08941,1
C08942,1
C08943,3
C08944,1
C08945,2
C08946,1
C08947,2
C08948,1
C08949,1
C08950,1
C08951,1
C08952,1
C08953,1
C08954,1
C08955,1
C08956,1
C08957,1
C08958,1
C08959,1
C08960,1
C08961,1
C08962,2
C08963,1
C08964,1
C08965,1
C08966,1
C08967,1
C08968,1
C08969,2
C08970,1
C08971,1
C08972,2
C08973,1
C08974,1
C08975,2
C08976,1
C08977,1
C08978,1
C08979,1
C08980,1
C08981,1
C08982,1
C08983,1
C08984,1
C08985,1
C08986,1
C08987,1
C08988,1
C08989,3
C08990,1
C08991,1
C08992,1
C08993,1
C08994,1
C08995,1
C08996,1
C08997,1
C08998,2
C08999,1
C09000,1
C09001,1
C09002,1
C09003,1
C09004,1
C09005,1
C09006,1
C09007,1
C09008,1
C09009,1
C09010,1
C09011,1
C09012,1
C09013,1
C09014,1
C09015,1
C09016,1
C09017,2
C09018,1
C09019,1
C09020,1
C09021,1
C09022,1
C09023,1
C09024,1
C09025,1
C09026,1
C09027,1
C09028,1
C09029,1
C09030,1
C09031,1
C09032,1
C09033,1
C09034,1
C09035,1
C09036,1
C09037,1
C09038,1
C09039,1
C09040,1
C09041,1
C09042,1
C09043,1
C09044,1
C09045,1
C09046,1
C09047,1
C09048,2
C09049,1
C09050,1
C09051,2
C09052,1
C09053,3
C09054,1
C09055,1
C09056,1
C09057,1
C09058,1
C09059,1
C09060,1
C09061,1
C09062,1
C09063,1
C09064,1
C09065,1
C09066,1
C09067,1
C09068,1
C09069,1
C09070,1
C09071,1
C09072,1
C09073,1
C09074,1
C09075,1
C09076,1
C09077,1
C09078,1
C09079,1
C09080,1
C09081,1
C09082,1
C09083,1
C09084,1
C09085,1
C09086,1
C09087,1
C09088,1
C09089,2
C09090,1
C09091,1
C09092,1
C09093,1
C09094,1
C09095,1
C09096,1
C09097,1
C09098,1
C09099,1
C09100,1
C09101,1
C09102,1
C09103,1
C09104,1
C09105,1
C09106,1
C09107,1
C09108,1
C09109,1
C09110,1
C09111,1
C09112,1
C09113,1
C09114,1
C09115,1
C09116,2
C09117,1
C09118,1
C09119,1
C09120,1
C09121,1
C09122,1
C09123,1
C09124,1
C09125,1
C09126,1
C09127,1
C09128,1
C09129,1
C09130,1
C09131,1
C09132,1
C09133,1
C09134,2
C09135,1
C09136,1
C09137,1
C09138,1
C09139,1
C09140,1
C09141,1
C09142,2
C09143,1
C09144,1
C09145,1
C09146,1
C09147,1
C09148,2
C09149,1
C09150,1
C09151,1
C09152,1
C09153,1
C09154,1
C09155,1
C09156,1
C09157,1
C09158,1
C09159,1
C09160,1
C09161,1
C09162,1
C09163,1
C09164,1
C09165,2
C09166,1
C09167,1
C09168,1
C09169,1
C09170,1
C09171,1
C09172,1
C09173,1
C09174,1
C09175,1
C09176,1
C09177,2
C09178,1
C09179,1
C09180,1
C09181,1
C09182,2
C09183,1
C09184,1
C09185,1
C09186,1
C09187,1
C09188,1
C09189,1
C09190,1
C09191,1
C09192,1
C09193,1
C09194,1
C09195,1
C09196,1
C09197,1
C09198,1
C09199,1
C09200,1
C09201,1
C09202,1
C09203,1
C09204,2
C09205,1
C09206,4
C09207,1
C09208,1
C09209,1
C09210,1
C09211,1
C09212,1
C09213,1
C09214,1
C09215,2
C09216,1
C09217,1
C09218,1
C09219,1
C09220,1
C09221,2
C09222,1
C09223,1
C09224,1
C09225,1
C09226,1
C09227,1
C09228,1
C09229,1
C09230,1
C09231,1
C09232,1
C09233,1
C09234,1
C09235,2
C09236,1
C09237,1
C09238,1
C09239,1
C09240,1
C09241,2
C09242,1
C09243,2
C09244,1
C09245,1
C09246,1
C09247,1
C09248,1
C09249,1
C09250,2
C09251,1
C09252,1
C09253,1
C09254,1
C09255,1
C09256,1
C09257,1
C09258,1
C09259,1
C09260,1
C09261,1
C09262,1
C09263,1
C09264,1
C09265,1
C09266,1
C09267,2
C09268,1
C09269,1
C09270,1
C09271,1
C09272,1
C09273,1
C09274,1
C09275,1
C09276,1
C09277,1
C09278,1
C09279,1
C09280,1
C09281,1
C09282,1
C09283,1
C09284,1
C09285,2
C09286,2
C09287,1
C09288,1
C09289,1
C09290,1
C09291,1
C09292,3
C09293,1
C09294,1
C09295,1
C09296,1
C09297,1
C09298,1
C09299,2
C09300,1
C09301,2
C09302,1
C09303,1
C09304,1
C09305,1
C09306,1
C09307,1
C09308,2
C09309,1
C09310,1
C09311,2
C09312,2
C09313,1
C09314,1
C09315,1
C09316,1
C09317,1
C09318,1
C09319,1
C09320,1
C09321,1
C09322,1
C09323,1
C09324,1
C09325,1
C09326,1
C09327,1
C09328,1
C09329,1
C09330,1
C09331,1
C09332,1
C09333,1
C09334,1
C09335,1
C09336,1
C09337,1
C09338,1
C09339,1
C09340,1
C09341,1
C09342,1
C09343,1
C09344,1
C09345,1
C09346,1
C09347,1
C09348,1
C09349,1
C09350,1
C09351,1
C09352,1
C09353,1
C09354,1
C09355,1
C09356,1
C09357,2
C09358,2
C09359,2
C09360,1
C09361,1
C09362,1
C09363,2
C09364,1
C09365,2
C09366,1
C09367,1
C09368,1
C09369,1
C09370,1
C09371,1
C09372,1
C09373,1
C09374,1
C09375,1
C09376,1
C09377,1
C09378,1
C09379,1
C09380,1
C09381,1
C09382,1
C09383,1
C09384,1
C09385,1
C09386,1
C09387,1
C09388,1
C09389,1
C09390,1
C09391,1
C09392,1
C09393,1
C09394,1
C09395,1
C09396,1
C09397,1
C09398,1
C09399,1
C09400,1
C09401,1
C09402,1
C09403,1
C09404,1
C09405,1
C09406,1
C09407,1
C09408,1
C09409,1
C09410,1
C09411,1
C09412,1
C09413,1
C09414,1
C09415,1
C09416,1
C09417,1
C09418,1
C09419,1
C09420,2
C09421,3
C09422,1
C09423,1
C09424,1
C09425,1
C09426,1
C09427,1
C09428,1
C09429,1
C09430,2
C09431,2
C09432,1
C09433,1
C09434,1
C09435,1
C09436,1
C09437,1
C09438,1
C09439,1
C09440,1
C09441,1
C09442,1
C09443,1
C09444,1
C09445,1
C09446,1
C09447,1
C09448,1
C09449,1
C09450,1
C09451,1
C09452,1
C09453,1
C09454,1
C09455,1
C09456,1
C09457,1
C09458,1
C09459,1
C09460,1
C09461,1
C09462,1
C09463,1
C09464,1
C09465,2
C09466,1
C09467,1
C09468,2
C09469,1
C09470,1
C09471,2
C09472,1
C09473,1
C09474,1
C09475,1
C09476,1
C09477,1
C09478,1
C09479,1
C09480,1
C09481,1
C09482,1
C09483,1
C09484,1
C09485,1
C09486,1
C09487,1
C09488,1
C09489,1
C09490,2
C09491,1
C09492,1
C09493,1
C09494,1
C09495,1
C09496,1
C09497,1
C09498,1
C09499,1
C09500,1
C09501,1
C09502,1
C09503,1
C09504,1
C09505,1
C09506,1
C09507,1
C09508,1
C09509,1
C09510,1
C09511,1
C09512,1
C09513,1
C09514,1
C09515,1
C09516,1
C09517,1
C09518,1
C09519,1
C09520,1
C09521,2
C09522,1
C09523,1
C09524,1
C09525,1
C09526,1
C09527,1
C09528,1
C09529,1
C09530,1
C09531,1
C09532,1
C09533,1
C09534,1
C09535,1
C09536,1
C09537,1
C09538,1
C09539,1
C09540,1
C09541,1
C09542,1
C09543,1
C09544,1
C09545,1
C09546,1
C09547,1
C09548,1
C09549,1
C09550,1
C09551,1
C09552,1
C09553,1
C09554,1
C09555,1
C09556,1
C09557,1
C09558,1
C09559,1
C09560,1
C09561,1
C09562,1
C09563,1
C09564,1
C09565,1
C09566,1
C09567,1
C09568,1
C09569,1
C09570,1
C09571,1
C09572,1
C09573,1
C09574,1
C09575,1
C09576,1
C09577,1
C09578,1
C09579,2
C09580,1
C09581,1
C09582,2
C09583,1
C09584,1
C09585,1
C09586,2
C09587,1
C09588,1
C09589,1
C09590,1
C09591,1
C09592,1
C09593,1
C09594,1
C09595,1
C09596,1
C09597,1
C09598,1
C09599,1
C09600,1
C09601,1
C09602,1
C09603,1
C09604,1
C09605,1
C09606,1
C09607,1
C09608,1
C09609,1
C09610,1
C09611,2
C09612,1
C09613,1
C09614,1
C09615,1
C09616,1
C09617,1
C09618,1
C09619,1
C09620,1
C09621,1
C09622,1
C09623,2
C09624,1
C09625,1
C09626,1
C09627,1
C09628,1
C09629,1
C09630,1
C09631,1
C09632,1
C09633,1
C09634,1
C09635,1
C09636,1
C09637,1
C09638,1
C09639,1
C09640,1
C09641,1
C09642,1
C09643,1
C09644,1
C09645,1
C09646,1
C09647,1
C09648,1
C09649,1
C09650,1
C09651,1
C09652,1
C09653,1
C09654,1
C09655,1
C09656,1
C09657,2
C09658,2
C09659,1
C09660,1
C09661,1
C09662,1
C09663,1
C09664,1
C09665,1
C09666,2
C09667,1
C09668,1
C09669,1
C09670,1
C09671,1
C09672,1
C09673,1
C09674,1
C09675,1
C09676,1
C09677,1
C09678,1
C09679,1
C09680,2
C09681,1
C09682,1
C09683,1
C09684,1
C09685,1
C09686,1
C09687,1
C09688,1
C09689,1
C09690,1
C09691,1
C09692,1
C09693,1
C09694,1
C09695,1
C09696,1
C09697,1
C09698,1
C09699,1
C09700,1
C09701,2
C09702,1
C09703,1
C09704,1
C09705,1
C09706,1
C09707,1
C09708,1
C09709,1
C09710,1
C09711,1
C09712,1
C09713,1
C09714,1
C09715,2
C09716,2
C09717,1
C09718,1
C09719,1
C09720,1
C09721,1
C09722,1
C09723,1
C09724,1
C09725,1
C09726,1
C09727,1
C09728,1
C09729,1
C09730,1
C09731,1
C09732,1
C09733,1
C09734,1
C09735,1
C09736,1
C09737,1
C09738,1
C09739,1
C09740,1
C09741,1
C09742,3
C09743,1
C09744,1
C09745,1
C09746,1
C09747,1
C09748,1
C09749,1
C09750,1
C09751,1
C09752,1
C09753,1
C09754,1
C09755,1
C09756,1
C09757,1
C09758,1
C09759,1
C09760,1
C09761,1
C09762,1
C09763,1
C09764,1
C09765,1
C09766,1
C09767,1
C09768,1
C09769,1
C09770,1
C09771,1
C09772,1
C09773,1
C09774,1
C09775,1
C09776,1
C09777,1
C09778,1
C09779,1
C09780,1
C09781,1
C09782,1
C09783,1
C09784,1
C09785,1
C09786,1
C09787,1
C09788,1
C09789,1
C09790,1
C09791,1
C09792,1
C09793,1
C09794,1
C09795,2
C09796,1
C09797,1
C09798,1
C09799,1
C09800,2
C09801,1
C09802,2
C09803,1
C09804,1
C09805,1
C09806,1
C09807,1
C09808,1
C09809,1
C09810,1
C09811,1
C09812,1
C09813,1
C09814,1
C09815,1
C09816,1
C09817,1
C09818,1
C09819,2
C09820,2
C09821,1
C09822,1
C09823,1
C09824,1
C09825,1
C09826,1
C09827,2
C09828,1
C09829,1
C09830,1
C09831,1
C09832,1
C09833,1
C09834,1
C09835,2
C09836,1
C09837,1
C09838,1
C09839,1
C09840,1
C09841,2
C09842,1
C09843,1
C09844,1
C09845,1
C09846,1
C09847,1
C09848,2
C09849,1
C09850,1
C09851,1
C09852,1
C09853,1
C09854,1
C09855,2
C09856,1
C09857,1
C09858,1
C09859,1
C09860,1
C09861,1
C09862,1
C09863,1
C09864,1
C09865,1
C09866,1
C09867,1
C09868,2
C09869,1
C09870,1
C09871,1
C09872,1
C09873,1
C09874,1
C09875,1
C09876,1
C09877,1
C09878,1
C09879,1
C09880,1
C09881,1
C09882,1
C09883,1
C09884,1
C09885,1
C09886,1
C09887,1
C09888,1
C09889,1
C09890,1
C09891,1
C09892,1
C09893,1
C09894,1
C09895,1
C09896,1
C09897,2
C09898,1
C09899,1
C09900,1
C09901,1
C09902,2
C09903,1
C09904,1
C09905,2
C09906,1
C09907,1
C09908,1
C09909,1
C09910,1
C09911,1
C09912,1
C09913,1
C09914,1
C09915,1
C09916,1
C09917,1
C09918,1
C09919,1
C09920,1
C09921,1
C09922,1
C09923,1
C09924,2
C09925,1
C09926,1
C09927,2
C09928,1
C09929,1
C09930,1
C09931,1
C09932,1
C09933,2
C09934,1
C09935,1
C09936,1
C09937,1
C09938,1
C09939,1
C09940,1
C09941,1
C09942,1
C09943,1
C09944,1
C09945,1
C09946,1
C09947,1
C09948,1
C09949,1
C09950,1
C09951,1
C09952,1
C09953,2
C09954,1
C09955,1
C09956,1
C09957,1
C09958,1
C09959,1
C09960,1
C09961,1
C09962,1
C09963,1
C09964,1
C09965,1
C09966,1
C09967,1
C09968,1
C09969,1
C09970,1
C09971,2
C09972,1
C09973,1
C09974,1
C09975,2
C09976,1
C09977,1
C09978,1
C09979,1
C09980,1
C09981,2
C09982,1
C09983,1
C09984,1
C09985,1
C09986,1
C09987,1
C09988,1
C09989,1
C09990,1
C09991,1
C09992,1
C09993,1
C09994,1
C09995,1
C09996,1
C09997,1
C09998,1
C09999,1
C10000,1
C10001,1
C10002,1
C10003,1
C10004,1
C10005,1
C10006,1
C10007,1
C10008,3
C10009,2
C10010,1
C10011,1
C10012,1
C10013,2
C10014,1
C10015,1
C10016,2
C10017,1
C10018,1
C10019,1
C10020,1
C10021,1
C10022,1
C10023,1
C10024,1
C10025,1
C10026,1
C10027,1
C10028,1
C10029,1
C10030,1
C10031,1
C10032,2
C10033,1
C10034,1
C10035,2
C10036,1
C10037,1
C10038,1
C10039,1
C10040,1
C10041,2
C10042,1
C10043,1
C10044,1
C10045,1
C10046,1
C10047,1
C10048,1
C10049,1
C10050,1
C10051,1
C10052,1
C10053,2
C10054,1
C10055,1
C10056,1
C10057,1
C10058,1
C10059,1
C10060,1
C10061,1
C10062,1
C10063,1
C10064,1
C10065,1
C10066,1
C10067,1
C10068,1
C10069,1
C10070,2
C10071,1
C10072,1
C10073,1
C10074,1
C10075,1
C10076,1
C10077,1
C10078,1
C10079,1
C10080,1
C10081,1
C10082,1
C10083,1
C10084,1
C10085,1
C10086,1
C10087,1
C10088,2
C10089,2
C10090,1
C10091,1
C10092,1
C10093,1
C10094,1
C10095,1
C10096,1
C10097,1
C10098,1
C10099,1
C10100,1
C10101,1
C10102,1
C10103,1
C10104,1
C10105,1
C10106,1
C10107,1
C10108,1
C10109,1
C10110,1
C10111,1
C10112,1
C10113,2
C10114,1
C10115,1
C10116,1
C10117,1
C10118,1
C10119,1
C10120,1
C10121,1
C10122,1
C10123,1
C10124,1
C10125,1
C10126,1
C10127,2
C10128,1
C10129,1
C10130,1
C10131,1
C10132,1
C10133,1
C10134,1
C10135,1
C10136,1
C10137,2
C10138,1
C10139,1
C10140,1
C10141,1
C10142,1
C10143,1
C10144,1
C10145,1
C10146,1
C10147,1
C10148,1
C10149,2
C10150,1
C10151,1
C10152,1
C10153,2
C10154,1
C10155,1
C10156,1
C10157,1
C10158,1
C10159,1
C10160,1
C10161,2
C10162,1
C10163,1
C10164,1
C10165,1
C10166,1
C10167,1
C10168,1
C10169,1
C10170,1
C10171,1
C10172,1
C10173,1
C10174,1
C10175,1
C10176,1
C10177,1
C10178,2
C10179,1
C10180,1
C10181,1
C10182,1
C10183,1
C10184,1
C10185,1
C10186,1
C10187,1
C10188,1
C10189,1
C10190,1
C10191,1
C10192,1
C10193,2
C10194,1
C10195,1
C10196,1
C10197,1
C10198,1
C10199,1
C10200,1
C10201,1
C10202,1
C10203,1
C10204,1
C10205,1
C10206,1
C10207,1
C10208,1
C10209,1
C10210,1
C10211,1
C10212,1
C10213,1
C10214,1
C10215,1
C10216,1
C10217,1
C10218,1
C10219,1
C10220,1
C10221,1
C10222,1
C10223,2
C10224,1
C10225,1
C10226,1
C10227,1
C10228,1
C10229,1
C10230,1
C10231,1
C10232,1
C10233,1
C10234,2
C10235,1
C10236,1
C10237,1
C10238,1
C10239,1
C10240,1
C10241,1
C10242,1
C10243,1
C10244,1
C10245,1
C10246,1
C10247,1
C10248,1
C10249,1
C10250,1
C10251,1
C10252,1
C10253,2
C10254,1
C10255,2
C10256,1
C10257,1
C10258,1
C10259,1
C10260,1
C10261,1
C10262,1
C10263,1
C10264,1
C10265,1
C10266,1
C10267,1
C10268,1
C10269,1
C10270,1
C10271,1
C10272,1
C10273,1
C10274,1
C10275,1
C10276,1
C10277,1
C10278,1
C10279,1
C10280,1
C10281,1
C10282,1
C10283,1
C10284,1
C10285,2
C10286,1
C10287,1
C10288,1
C10289,1
C10290,1
C10291,1
C10292,1
C10293,1
C10294,1
C10295,1
C10296,1
C10297,1
C10298,1
C10299,1
C10300,1
C10301,1
C10302,2
C10303,1
C10304,1
C10305,1
C10306,1
C10307,1
C10308,1
C10309,1
C10310,1
C10311,1
C10312,1
C10313,1
C10314,1
C10315,1
C10316,1
C10317,1
C10318,1
C10319,1
C10320,1
C10321,1
C10322,1
C10323,1
C10324,1
C10325,1
C10326,1
C10327,1
C10328,2
C10329,1
C10330,1
C10331,2
C10332,1
C10333,1
C10334,2
C10335,1
C10336,1
C10337,1
C10338,1
C10339,1
C10340,1
C10341,1
C10342,1
C10343,1
C10344,3
C10345,1
C10346,1
C10347,1
C10348,1
C10349,1
C10350,1
C10351,1
C10352,1
C10353,1
C10354,1
C10355,1
C10356,1
C10357,1
C10358,1
C10359,1
C10360,1
C10361,2
C10362,1
C10363,1
C10364,1
C10365,1
C10366,1
C10367,1
C10368,1
C10369,1
C10370,1
C10371,1
C10372,1
C10373,1
C10374,1
C10375,1
C10376,1
C10377,2
C10378,1
C10379,1
C10380,1
C10381,1
C10382,1
C10383,3
C10384,1
C10385,1
C10386,1
C10387,1
C10388,1
C10389,1
C10390,1
C10391,1
C10392,1
C10393,1
C10394,1
C10395,1
C10396,1
C10397,1
C10398,1
C10399,1
C10400,1
C10401,1
C10402,1
C10403,1
C10404,1
C10405,1
C10406,1
C10407,1
C10408,2
C10409,1
C10410,1
C10411,1
C10412,1
C10413,1
C10414,1
C10415,1
C10416,1
C10417,1
C10418,1
C10419,2
C10420,1
C10421,1
C10422,2
C10423,1
C10424,1
C10425,1
C10426,1
C10427,1
C10428,1
C10429,1
C10430,1
C10431,1
C10432,1
C10433,1
C10434,1
C10435,1
C10436,1
C10437,1
C10438,1
C10439,1
C10440,1
C10441,1
C10442,1
C10443,1
C10444,1
C10445,1
C10446,2
C10447,1
C10448,1
C10449,1
C10450,1
C10451,1
C10452,1
C10453,1
C10454,1
C10455,1
C10456,1
C10457,1
C10458,1
C10459,1
C10460,1
C10461,1
C10462,1
C10463,1
C10464,1
C10465,1
C10466,2
C10467,1
C10468,1
C10469,1
C10470,1
C10471,1
C10472,1
C10473,1
C10474,1
C10475,1
C10476,1
C10477,1
C10478,1
C10479,1
C10480,1
C10481,1
C10482,1
C10483,1
C10484,1
C10485,1
C10486,1
C10487,1
C10488,1
C10489,1
C10490,1
C10491,1
C10492,1
C10493,1
C10494,1
C10495,1
C10496,1
C10497,1
C10498,1
C10499,1
C10500,1
C10501,1
C10502,1
C10503,1
C10504,1
C10505,1
C10506,1
C10507,3
C10508,1
C10509,1
C10510,1
C10511,1
C10512,1
C10513,1
C10514,1
C10515,1
C10516,1
C10517,1
C10518,1
C10519,1
C10520,1
C10521,1
C10522,1
C10523,1
C10524,1
C10525,1
C10526,1
C10527,1
C10528,1
C10529,1
C10530,1
C10531,1
C10532,1
C10533,1
C10534,1
C10535,1
C10536,1
C10537,1
C10538,1
C10539,1
C10540,1
C10541,1
C10542,2
C10543,1
C10544,1
C10545,1
C10546,1
C10547,1
C10548,1
C10549,1
C10550,1
C10551,1
C10552,2
C10553,1
C10554,1
C10555,1
C10556,1
C10557,1
C10558,1
C10559,1
C10560,1
C10561,1
C10562,2
C10563,1
C10564,1
C10565,1
C10566,1
C10567,1
C10568,1
C10569,2
C10570,1
C10571,1
C10572,1
C10573,1
C10574,1
C10575,1
C10576,1
C10577,1
C10578,1
C10579,1
C10580,1
C10581,1
C10582,1
C10583,1
C10584,1
C10585,2
C10586,1
C10587,1
C10588,1
C10589,1
C10590,1
C10591,1
C10592,1
C10593,1
C10594,1
C10595,1
C10596,1
C10597,1
C10598,1
C10599,1
C10600,1
C10601,1
C10602,1
C10603,1
C10604,1
C10605,1
C10606,1
C10607,1
C10608,1
C10609,1
C10610,1
C10611,2
C10612,1
C10613,1
C10614,1
C10615,1
C10616,1
C10617,1
C10618,1
C10619,1
C10620,1
C10621,1
C10622,1
C10623,1
C10624,1
C10625,1
C10626,1
C10627,1
C10628,1
C10629,2
C10630,1
C10631,1
C10632,2
C10633,1
C10634,1
C10635,1
C10636,1
C10637,1
C10638,1
C10639,1
C10640,1
C10641,1
C10642,1
C10643,1
C10644,1
C10645,2
C10646,1
C10647,1
C10648,1
C10649,1
C10650,1
C10651,2
C10652,1
C10653,1
C10654,1
C10655,1
C10656,1
C10657,1
C10658,1
C10659,1
C10660,1
C10661,1
C10662,1
C10663,1
C10664,1
C10665,1
C10666,1
C10667,2
C10668,1
C10669,1
C10670,1
C10671,1
C10672,1
C10673,1
C10674,1
C10675,1
C10676,1
C10677,1
C10678,1
C10679,1
C10680,1
C10681,2
C10682,1
C10683,1
C10684,1
C10685,1
C10686,1
C10687,1
C10688,1
C10689,1
C10690,2
C10691,1
C10692,1
C10693,1
C10694,1
C10695,1
C10696,1
C10697,2
C10698,1
C10699,1
C10700,1
C10701,1
C10702,1
C10703,1
C10704,1
C10705,1
C10706,1
C10707,1
C10708,1
C10709,1
C10710,1
C10711,1
C10712,1
C10713,1
C10714,1
C10715,2
C10716,1
C10717,1
C10718,2
C10719,1
C10720,1
C10721,1
C10722,1
C10723,1
C10724,1
C10725,1
C10726,1
C10727,1
C10728,1
C10729,1
C10730,1
C10731,1
C10732,1
C10733,1
C10734,1
C10735,1
C10736,1
C10737,1
C10738,1
C10739,1
C10740,1
C10741,1
C10742,1
C10743,1
C10744,1
C10745,1
C10746,1
C10747,1
C10748,1
C10749,1
C10750,1
C10751,2
C10752,1
C10753,1
C10754,1
C10755,1
C10756,1
C10757,2
C10758,1
C10759,1
C10760,2
C10761,1
C10762,1
C10763,1
C10764,1
C10765,1
C10766,1
C10767,1
C10768,1
C10769,1
C10770,1
C10771,1
C10772,1
C10773,1
C10774,1
C10775,1
C10776,1
C10777,1
C10778,1
C10779,1
C10780,1
C10781,1
C10782,1
C10783,1
C10784,1
C10785,1
C10786,1
C10787,1
C10788,1
C10789,2
C10790,1
C10791,1
C10792,1
C10793,1
C10794,1
C10795,1
C10796,1
C10797,1
C10798,1
C10799,1
C10800,1
C10801,1
C10802,1
C10803,1
C10804,1
C10805,1
C10806,1
C10807,1
C10808,1
C10809,1
C10810,1
C10811,1
C10812,2
C10813,1
C10814,2
C10815,1
C10816,1
C10817,1
C10818,1
C10819,1
C10820,1
C10821,1
C10822,1
C10823,1
C10824,1
C10825,1
C10826,2
C10827,1
C10828,1
C10829,1
C10830,1
C10831,1
C10832,1
C10833,1
C10834,1
C10835,2
C10836,1
C10837,3
C10838,1
C10839,1
C10840,1
C10841,1
C10842,1
C10843,1
C10844,1
C10845,1
C10846,2
C10847,1
C10848,1
C10849,1
C10850,1
C10851,1
C10852,1
C10853,1
C10854,1
C10855,1
C10856,1
C10857,1
C10858,1
C10859,1
C10860,1
C10861,1
C10862,1
C10863,1
C10864,1
C10865,1
C10866,1
C10867,2
C10868,1
C10869,1
C10870,1
C10871,1
C10872,1
C10873,1
C10874,1
C10875,1
C10876,1
C10877,1
C10878,1
C10879,1
C10880,1
C10881,1
C10882,1
C10883,1
C10884,1
C10885,1
C10886,1
C10887,1
C10888,1
C10889,2
C10890,1
C10891,1
C10892,3
C10893,1
C10894,1
C10895,1
C10896,1
C10897,1
C10898,1
C10899,1
C10900,1
C10901,1
C10902,1
C10903,1
C10904,1
C10905,1
C10906,1
C10907,1
C10908,1
C10909,1
C10910,1
C10911,1
C10912,2
C10913,1
C10914,1
C10915,1
C10916,1
C10917,1
C10918,1
C10919,1
C10920,1
C10921,1
C10922,2
C10923,1
C10924,2
C10925,1
C10926,1
C10927,1
C10928,1
C10929,1
C10930,2
C10931,1
C10932,1
C10933,1
C10934,1
C10935,1
C10936,1
C10937,1
C10938,1
C10939,1
C10940,2
C10941,1
C10942,2
C10943,1
C10944,1
C10945,1
C10946,1
C10947,1
C10948,1
C10949,1
C10950,1
C10951,1
C10952,1
C10953,1
C10954,1
C10955,2
C10956,1
C10957,2
C10958,1
C10959,1
C10960,1
C10961,1
C10962,1
C10963,1
C10964,1
C10965,1
C10966,1
C10967,3
C10968,1
C10969,1
C10970,1
C10971,1
C10972,1
C10973,1
C10974,1
C10975,1
C10976,1
C10977,1
C10978,1
C10979,1
C10980,2
C10981,1
C10982,1
C10983,1
C10984,2
C10985,1
C10986,2
C10987,1
C10988,1
C10989,1
C10990,1
C10991,1
C10992,1
C10993,1
C10994,1
C10995,1
C10996,2
C10997,1
C10998,1
C10999,1
C11000,2
C11001,1
C11002,1
C11003,2
C11004,1
C11005,1
C11006,1
C11007,1
C11008,2
C11009,1
C11010,1
C11011,1
C11012,1
C11013,1
C11014,1
C11015,1
C11016,1
C11017,1
C11018,1
C11019,2
C11020,1
C11021,1
C11022,1
C11023,1
C11024,1
C11025,1
C11026,1
C11027,1
C11028,1
C11029,1
C11030,1
C11031,2
C11032,2
C11033,1
C11034,1
C11035,1
C11036,1
C11037,1
C11038,1
C11039,3
C11040,1
C11041,1
C11042,1
C11043,1
C11044,1
C11045,1
C11046,1
C11047,1
C11048,1
C11049,1
C11050,1
C11051,1
C11052,1
C11053,1
C11054,1
C11055,1
C11056,1
C11057,1
C11058,1
C11059,1
C11060,1
C11061,1
C11062,1
C11063,1
C11064,1
C11065,1
C11066,1
C11067,1
C11068,1
C11069,1
C11070,1
C11071,1
C11072,1
C11073,1
C11074,1
C11075,1
C11076,1
C11077,1
C11078,1
C11079,1
C11080,1
C11081,1
C11082,1
C11083,1
C11084,1
C11085,1
C11086,1
C11087,1
C11088,1
C11089,1
C11090,1
C11091,1
C11092,2
C11093,1
C11094,1
C11095,1
C11096,1
C11097,2
C11098,1
C11099,1
C11100,1
C11101,1
C11102,2
C11103,1
C11104,1
C11105,1
C11106,1
C11107,1
C11108,1
C11109,1
C11110,1
C11111,1
C11112,1
C11113,1
C11114,1
C11115,1
C11116,1
C11117,2
C11118,1
C11119,1
C11120,1
C11121,1
C11122,1
C11123,1
C11124,1
C11125,1
C11126,1
C11127,1
C11128,1
C11129,1
C11130,1
C11131,1
C11132,1
C11133,1
C11134,1
C11135,1
C11136,1
C11137,1
C11138,1
C11139,1
C11140,2
C11141,1
C11142,1
C11143,1
C11144,1
C11145,1
C11146,1
C11147,1
C11148,1
C11149,1
C11150,1
C11151,1
C11152,1
C11153,1
C11154,1
C11155,1
C11156,1
C11157,1
C11158,1
C11159,2
C11160,1
C11161,1
C11162,1
C11163,1
C11164,1
C11165,1
C11166,1
C11167,1
C11168,1
C11169,1
C11170,1
C11171,1
C11172,1
C11173,1
C11174,1
C11175,1
C11176,1
C11177,1
C11178,1
C11179,1
C11180,1
C11181,1
C11182,1
C11183,1
C11184,1
C11185,2
C11186,1
C11187,1
C11188,1
C11189,1
C11190,1
C11191,1
C11192,1
C11193,1
C11194,2
C11195,1
C11196,1
C11197,1
C11198,1
C11199,1
C11200,1
C11201,2
C11202,1
C11203,1
C11204,1
C11205,1
C11206,1
C11207,1
C11208,1
C11209,1
C11210,1
C11211,1
C11212,1
C11213,1
C11214,1
C11215,1
C11216,2
C11217,1
C11218,1
C11219,1
C11220,1
C11221,2
C11222,1
C11223,1
C11224,1
C11225,1
C11226,1
C11227,2
C11228,1
C11229,1
C11230,2
C11231,1
C11232,1
C11233,1
C11234,1
C11235,1
C11236,1
C11237,1
C11238,1
C11239,1
C11240,1
C11241,2
C11242,1
C11243,1
C11244,1
C11245,1
C11246,1
C11247,1
C11248,1
C11249,1
C11250,1
C11251,1
C11252,2
C11253,1
C11254,1
C11255,1
C11256,1
C11257,1
C11258,1
C11259,1
C11260,1
C11261,1
C11262,1
C11263,1
C11264,1
C11265,1
C11266,1
C11267,1
C11268,1
C11269,1
C11270,1
C11271,1
C11272,1
C11273,2
C11274,1
C11275,1
C11276,1
C11277,1
C11278,1
C11279,1
C11280,1
C11281,1
C11282,1
C11283,1
C11284,1
C11285,1
C11286,1
C11287,1
C11288,1
C11289,1
C11290,1
C11291,1
C11292,1
C11293,1
C11294,2
C11295,1
C11296,1
C11297,1
C11298,2
C11299,1
C11300,1
C11301,1
C11302,1
C11303,1
C11304,1
C11305,1
C11306,1
C11307,2
C11308,1
C11309,1
C11310,1
C11311,1
C11312,1
C11313,1
C11314,1
C11315,1
C11316,1
C11317,1
C11318,1
C11319,1
C11320,1
C11321,1
C11322,1
C11323,1
C11324,1
C11325,1
C11326,1
C11327,2
C11328,1
C11329,1
C11330,1
C11331,1
C11332,1
C11333,1
C11334,1
C11335,1
C11336,1
C11337,1
C11338,1
C11339,1
C11340,1
C11341,1
C11342,2
C11343,1
C11344,1
C11345,1
C11346,1
C11347,2
C11348,1
C11349,1
C11350,1
C11351,1
C11352,1
C11353,1
C11354,1
C11355,1
C11356,1
C11357,1
C11358,1
C11359,1
C11360,1
C11361,1
C11362,2
C11363,1
C11364,1
C11365,1
C11366,1
C11367,1
C11368,1
C11369,1
C11370,1
C11371,1
C11372,1
C11373,1
C11374,2
C11375,1
C11376,1
C11377,1
C11378,1
C11379,1
C11380,1
C11381,2
C11382,1
C11383,1
C11384,1
C11385,1
C11386,1
C11387,1
C11388,1
C11389,1
C11390,1
C11391,1
C11392,1
C11393,1
C11394,1
C11395,1
C11396,1
C11397,1
C11398,1
C11399,1
C11400,1
C11401,1
C11402,1
C11403,2
C11404,1
C11405,1
C11406,1
C11407,2
C11408,1
C11409,1
C11410,1
C11411,1
C11412,2
C11413,1
C11414,1
C11415,1
C11416,2
C11417,1
C11418,1
C11419,1
C11420,1
C11421,1
C11422,1
C11423,1
C11424,1
C11425,1
C11426,1
C11427,1
C11428,1
C11429,1
C11430,1
C11431,1
C11432,1
C11433,1
C11434,1
C11435,1
C11436,2
C11437,1
C11438,2
C11439,1
C11440,1
C11441,1
C11442,1
C11443,1
C11444,1
C11445,2
C11446,1
C11447,1
C11448,1
C11449,1
C11450,1
C11451,1
C11452,2
C11453,1
C11454,1
C11455,1
C11456,1
C11457,1
C11458,1
C11459,2
C11460,1
C11461,1
C11462,1
C11463,1
C11464,2
C11465,1
C11466,1
C11467,1
C11468,2
C11469,1
C11470,1
C11471,1
C11472,1
C11473,1
C11474,1
C11475,3
C11476,1
C11477,1
C11478,1
C11479,1
C11480,1
C11481,1
C11482,1
C11483,1
C11484,1
C11485,2
C11486,1
C11487,1
C11488,1
C11489,1
C11490,1
C11491,1
C11492,1
C11493,2
C11494,1
C11495,1
C11496,2
C11497,1
C11498,1
C11499,1
C11500,1
C11501,1
C11502,1
C11503,1
C11504,2
C11505,1
C11506,1
C11507,1
C11508,2
C11509,2
C11510,1
C11511,1
C11512,1
C11513,1
C11514,3
C11515,2
C11516,1
C11517,1
C11518,1
C11519,1
C11520,1
C11521,1
C11522,3
C11523,1
C11524,1
C11525,1
C11526,1
C11527,1
C11528,1
C11529,1
C11530,1
C11531,1
C11532,1
C11533,2
C11534,1
C11535,1
C11536,1
C11537,1
C11538,1
C11539,2
C11540,1
C11541,1
C11542,1
C11543,2
C11544,1
C11545,1
C11546,1
C11547,1
C11548,1
C11549,1
C11550,1
C11551,1
C11552,1
C11553,1
C11554,1
C11555,1
C11556,1
C11557,1
C11558,2
C11559,1
C11560,1
C11561,2
C11562,1
C11563,1
C11564,1
C11565,1
C11566,1
C11567,1
C11568,1
C11569,1
C11570,1
C11571,1
C11572,1
C11573,1
C11574,1
C11575,1
C11576,2
C11577,1
C11578,1
C11579,1
C11580,1
C11581,1
C11582,1
C11583,1
C11584,1
C11585,1
C11586,1
C11587,1
C11588,1
C11589,1
C11590,1
C11591,1
C11592,1
C11593,1
C11594,1
C11595,1
C11596,2
C11597,2
C11598,1
C11599,1
C11600,1
C11601,1
C11602,1
C11603,1
C11604,1
C11605,1
C11606,1
C11607,1
C11608,1
C11609,1
C11610,1
C11611,1
C11612,2
C11613,1
C11614,1
C11615,1
C11616,1
C11617,1
C11618,1
C11619,1
C11620,1
C11621,1
C11622,1
C11623,1
C11624,1
C11625,3
C11626,1
C11627,2
C11628,1
C11629,1
C11630,1
C11631,1
C11632,1
C11633,2
C11634,1
C11635,1
C11636,1
C11637,1
C11638,1
C11639,1
C11640,1
C11641,1
C11642,1
C11643,1
C11644,1
C11645,1
C11646,1
C11647,1
C11648,1
C11649,1
C11650,1
C11651,1
C11652,2
C11653,1
C11654,1
C11655,1
C11656,1
C11657,2
C11658,1
C11659,1
C11660,1
C11661,1
C11662,1
C11663,1
C11664,1
C11665,1
C11666,1
C11667,1
C11668,2
C11669,1
C11670,2
C11671,1
C11672,1
C11673,1
C11674,1
C11675,1
C11676,1
C11677,2
C11678,1
C11679,1
C11680,1
C11681,1
C11682,1
C11683,1
C11684,1
C11685,1
C11686,1
C11687,2
C11688,1
C11689,1
C11690,1
C11691,1
C11692,1
C11693,1
C11694,1
C11695,1
C11696,1
C11697,2
C11698,1
C11699,1
C11700,1
C11701,1
C11702,1
C11703,1
C11704,1
C11705,1
C11706,1
C11707,2
C11708,1
C11709,2
C11710,1
C11711,1
C11712,1
C11713,1
C11714,1
C11715,1
C11716,1
C11717,2
C11718,1
C11719,1
C11720,1
C11721,1
C11722,2
C11723,1
C11724,1
C11725,1
C11726,1
C11727,1
C11728,1
C11729,1
C11730,1
C11731,1
C11732,1
C11733,1
C11734,1
C11735,1
C11736,1
C11737,1
C11738,1
C11739,1
C11740,2
C11741,1
C11742,1
C11743,2
C11744,1
C11745,1
C11746,1
C11747,1
C11748,1
C11749,1
C11750,1
C11751,1
C11752,1
C11753,1
C11754,1
C11755,1
C11756,1
C11757,1
C11758,1
C11759,1
C11760,1
C11761,1
C11762,1
C11763,1
C11764,1
C11765,1
C11766,1
C11767,1
C11768,1
C11769,1
C11770,1
C11771,1
C11772,1
C11773,1
C11774,1
C11775,1
C11776,1
C11777,1
C11778,1
C11779,1
C11780,1
C11781,2
C11782,1
C11783,2
C11784,1
C11785,1
C11786,1
C11787,1
C11788,1
C11789,1
C11790,1
C11791,1
C11792,1
C11793,1
C11794,1
C11795,1
C11796,1
C11797,1
C11798,1
C11799,2
C11800,1
C11801,1
C11802,1
C11803,1
C11804,1
C11805,1
C11806,1
C11807,1
C11808,1
C11809,1
C11810,2
C11811,1
C11812,1
C11813,1
C11814,1
C11815,1
C11816,1
C11817,1
C11818,2
C11819,1
C11820,1
C11821,1
C11822,1
C11823,2
C11824,1
C11825,1
C11826,1
C11827,1
C11828,1
C11829,1
C11830,1
C11831,1
C11832,1
C11833,2
C11834,1
C11835,1
C11836,1
C11837,1
C11838,1
C11839,1
C11840,1
C11841,1
C11842,1
C11843,1
C11844,2
C11845,2
C11846,2
C11847,2
C11848,1
C11849,1
C11850,1
C11851,1
C11852,1
C11853,1
C11854,1
C11855,1
C11856,1
C11857,1
C11858,1
C11859,1
C11860,1
C11861,1
C11862,1
C11863,1
C11864,1
C11865,1
C11866,2
C11867,1
C11868,1
C11869,1
C11870,1
C11871,1
C11872,1
C11873,2
C11874,1
C11875,1
C11876,1
C11877,1
C11878,1
C11879,1
C11880,1
C11881,1
C11882,1
C11883,1
C11884,1
C11885,1
C11886,1
C11887,1
C11888,1
C11889,2
C11890,1
C11891,1
C11892,1
C11893,1
C11894,2
C11895,1
C11896,1
C11897,1
C11898,1
C11899,1
C11900,1
C11901,1
C11902,1
C11903,1
C11904,1
C11905,1
C11906,1
C11907,1
C11908,2
C11909,1
C11910,1
C11911,1
C11912,1
C11913,1
C11914,1
C11915,1
C11916,1
C11917,1
C11918,2
C11919,2
C11920,1
C11921,1
C11922,1
C11923,2
C11924,1
C11925,1
C11926,1
C11927,1
C11928,1
C11929,2
C11930,1
C11931,1
C11932,1
C11933,1
C11934,1
C11935,1
C11936,1
C11937,1
C11938,2
C11939,1
C11940,1
C11941,1
C11942,1
C11943,1
C11944,1
C11945,2
C11946,1
C11947,1
C11948,1
C11949,1
C11950,1
C11951,1
C11952,1
C11953,1
C11954,1
C11955,1
C11956,1
C11957,1
C11958,1
C11959,3
C11960,1
C11961,1
C11962,1
C11963,1
C11964,1
C11965,1
C11966,2
C11967,2
C11968,1
C11969,1
C11970,1
C11971,1
C11972,1
C11973,1
C11974,1
C11975,1
C11976,1
C11977,2
C11978,1
C11979,1
C11980,1
C11981,1
C11982,1
C11983,1
C11984,1
C11985,1
C11986,1
C11987,1
C11988,1
C11989,1
C11990,1
C11991,1
C11992,1
C11993,1
C11994,1
C11995,1
C11996,2
C11997,1
C11998,1
C11999,1
C12000,1
C12001,2
C12002,1
C12003,1
C12004,1
C12005,1
C12006,1
C12007,2
C12008,1
C12009,1
C12010,1
C12011,1
C12012,1
C12013,1
C12014,1
C12015,1
C12016,1
C12017,1
C12018,1
C12019,1
C12020,1
C12021,1
C12022,1
C12023,1
C12024,1
C12025,1
C12026,1
C12027,1
C12028,2
C12029,1
C12030,2
C12031,1
C12032,1
C12033,2
C12034,1
C12035,1
C12036,2
C12037,1
C12038,1
C12039,2
C12040,1
C12041,1
C12042,1
C12043,1
C12044,1
C12045,2
C12046,1
C12047,1
C12048,1
C12049,1
C12050,1
C12051,1
C12052,1
C12053,1
C12054,1
C12055,1
C12056,1
C12057,1
C12058,1
C12059,1
C12060,1
C12061,2
C12062,1
C12063,1
C12064,2
C12065,1
C12066,1
C12067,1
C12068,1
C12069,1
C12070,1
C12071,1
C12072,1
C12073,1
C12074,1
C12075,1
C12076,1
C12077,1
C12078,1
C12079,1
C12080,1
C12081,1
C12082,1
C12083,1
C12084,2
C12085,1
C12086,1
C12087,1
C12088,1
C12089,1
C12090,1
C12091,1
C12092,2
C12093,1
C12094,2
C12095,1
C12096,1
C12097,1
C12098,1
C12099,1
C12100,1
C12101,1
C12102,1
C12103,1
C12104,1
C12105,1
C12106,1
C12107,1
C12108,1
C12109,1
C12110,1
C12111,1
C12112,1
C12113,1
C12114,1
C12115,1
C12116,1
C12117,1
C12118,1
C12119,1
C12120,1
C12121,1
C12122,1
C12123,1
C12124,2
C12125,1
C12126,1
C12127,1
C12128,1
C12129,2
C12130,1
C12131,1
C12132,3
C12133,1
C12134,1
C12135,1
C12136,2
C12137,1
C12138,1
C12139,1
C12140,1
C12141,1
C12142,1
C12143,1
C12144,3
C12145,1
C12146,2
C12147,1
C12148,1
C12149,1
C12150,1
C12151,1
C12152,1
C12153,1
C12154,1
C12155,2
C12156,1
C12157,1
C12158,1
C12159,1
C12160,1
C12161,1
C12162,1
C12163,1
C12164,1
C12165,2
C12166,2
C12167,1
C12168,1
C12169,1
C12170,1
C12171,1
C12172,1
C12173,1
C12174,1
C12175,1
C12176,1
C12177,1
C12178,1
C12179,1
C12180,1
C12181,2
C12182,1
C12183,1
C12184,3
C12185,1
C12186,1
C12187,1
C12188,1
C12189,1
C12190,1
C12191,1
C12192,1
C12193,1
C12194,1
C12195,1
C12196,1
C12197,1
C12198,1
C12199,1
C12200,1
C12201,1
C12202,1
C12203,1
C12204,2
C12205,1
C12206,1
C12207,1
C12208,1
C12209,1
C12210,1
C12211,2
C12212,1
C12213,1
C12214,1
C12215,1
C12216,1
C12217,1
C12218,1
C12219,1
C12220,1
C12221,1
C12222,1
C12223,1
C12224,1
C12225,2
C12226,2
C12227,1
C12228,1
C12229,1
C12230,1
C12231,1
C12232,1
C12233,1
C12234,2
C12235,1
C12236,1
C12237,1
C12238,1
C12239,1
C12240,2
C12241,1
C12242,1
C12243,1
C12244,1
C12245,2
C12246,1
C12247,1
C12248,1
C12249,2
C12250,1
C12251,1
C12252,1
C12253,1
C12254,1
C12255,1
C12256,1
C12257,1
C12258,2
C12259,1
C12260,1
C12261,1
C12262,1
C12263,1
C12264,1
C12265,2
C12266,1
C12267,2
C12268,2
C12269,1
C12270,1
C12271,1
C12272,1
C12273,1
C12274,1
C12275,1
C12276,1
C12277,1
C12278,1
C12279,1
C12280,1
C12281,1
C12282,1
C12283,1
C12284,1
C12285,2
C12286,1
C12287,1
C12288,1
C12289,1
C12290,1
C12291,1
C12292,1
C12293,1
C12294,1
C12295,2
C12296,1
C12297,1
C12298,1
C12299,1
C12300,1
C12301,1
C12302,1
C12303,1
C12304,1
C12305,1
C12306,1
C12307,1
C12308,1
C12309,1
C12310,1
C12311,2
C12312,1
C12313,1
C12314,1
C12315,1
C12316,1
C12317,1
C12318,1
C12319,1
C12320,1
C12321,1
C12322,2
C12323,2
C12324,1
C12325,2
C12326,1
C12327,1
C12328,1
C12329,1
C12330,1
C12331,1
C12332,1
C12333,1
C12334,1
C12335,2
C12336,1
C12337,1
C12338,1
C12339,1
C12340,2
C12341,1
C12342,1
C12343,1
C12344,1
C12345,1
C12346,1
C12347,1
C12348,1
C12349,1
C12350,1
C12351,1
C12352,2
C12353,2
C12354,2
C12355,1
C12356,2
C12357,1
C12358,1
C12359,1
C12360,1
C12361,1
C12362,1
C12363,1
C12364,1
C12365,1
C12366,1
C12367,1
C12368,1
C12369,2
C12370,1
C12371,1
C12372,1
C12373,1
C12374,1
C12375,1
C12376,1
C12377,1
C12378,1
C12379,1
C12380,1
C12381,1
C12382,1
C12383,1
C12384,1
C12385,1
C12386,1
C12387,2
C12388,1
C12389,1
C12390,1
C12391,1
C12392,1
C12393,1
C12394,1
C12395,2
C12396,2
C12397,1
C12398,2
C12399,1
C12400,1
C12401,1
C12402,1
C12403,1
C12404,1
C12405,1
C12406,1
C12407,1
C12408,1
C12409,1
C12410,1
C12411,1
C12412,1
C12413,1
C12414,1
C12415,2
C12416,1
C12417,1
C12418,1
C12419,1
C12420,1
C12421,1
C12422,1
C12423,1
C12424,1
C12425,1
C12426,2
C12427,1
C12428,1
C12429,1
C12430,1
C12431,1
C12432,1
C12433,1
C12434,1
C12435,1
C12436,1
C12437,1
C12438,1
C12439,1
C12440,2
C12441,1
C12442,1
C12443,1
C12444,1
C12445,1
C12446,1
C12447,1
C12448,1
C12449,1
C12450,1
C12451,1
C12452,1
C12453,1
C12454,1
C12455,1
C12456,1
C12457,1
C12458,1
C12459,1
C12460,1
C12461,1
C12462,1
C12463,1
C12464,1
C12465,1
C12466,2
C12467,1
C12468,1
C12469,1
C12470,2
C12471,1
C12472,1
C12473,1
C12474,1
C12475,1
C12476,1
C12477,1
C12478,1
C12479,1
C12480,1
C12481,1
C12482,1
C12483,2
C12484,1
C12485,1
C12486,1
C12487,1
C12488,1
C12489,1
C12490,1
C12491,1
C12492,1
C12493,1
C12494,1
C12495,1
C12496,1
C12497,1
C12498,1
C12499,1
C12500,1
C12501,1
C12502,1
C12503,1
C12504,3
C12505,2
C12506,1
C12507,1
C12508,1
C12509,2
C12510,3
C12511,1
C12512,1
C12513,2
C12514,1
C12515,1
C12516,1
C12517,2
C12518,1
C12519,1
C12520,1
C12521,1
C12522,1
C12523,1
C12524,1
C12525,1
C12526,1
C12527,1
C12528,1
C12529,1
C12530,1
C12531,1
C12532,1
C12533,1
C12534,1
C12535,1
C12536,1
C12537,1
C12538,1
C12539,1
C12540,1
C12541,1
C12542,1
C12543,1
C12544,1
C12545,1
C12546,1
C12547,1
C12548,1
C12549,1
C12550,1
C12551,1
C12552,1
C12553,1
C12554,1
C12555,1
C12556,1
C12557,1
C12558,1
C12559,1
C12560,1
C12561,1
C12562,1
C12563,1
C12564,1
C12565,2
C12566,1
C12567,1
C12568,1
C12569,1
C12570,1
C12571,1
C12572,2
C12573,1
C12574,1
C12575,1
C12576,1
C12577,1
C12578,1
C12579,1
C12580,1
C12581,1
C12582,1
C12583,1
C12584,1
C12585,1
C12586,1
C12587,1
C12588,1
C12589,1
C12590,1
C12591,1
C12592,1
C12593,2
C12594,1
C12595,1
C12596,1
C12597,1
C12598,2
C12599,1
C12600,1
C12601,1
C12602,1
C12603,1
C12604,1
C12605,1
C12606,1
C12607,2
C12608,1
C12609,1
C12610,1
C12611,1
C12612,1
C12613,1
C12614,1
C12615,1
C12616,1
C12617,1
C12618,1
C12619,1
C12620,1
C12621,1
C12622,1
C12623,1
C12624,1
C12625,1
C12626,2
C12627,1
C12628,2
C12629,1
C12630,1
C12631,1
C12632,1
C12633,1
C12634,1
C12635,1
C12636,1
C12637,1
C12638,1
C12639,1
C12640,1
C12641,2
C12642,1
C12643,1
C12644,1
C12645,1
C12646,2
C12647,1
C12648,1
C12649,1
C12650,1
C12651,1
C12652,1
C12653,1
C12654,1
C12655,1
C12656,1
C12657,1
C12658,1
C12659,1
C12660,1
C12661,1
C12662,1
C12663,1
C12664,1
C12665,1
C12666,1
C12667,1
C12668,1
C12669,1
C12670,1
C12671,1
C12672,1
C12673,1
C12674,1
C12675,1
C12676,1
C12677,1
C12678,1
C12679,1
C12680,1
C12681,1
C12682,1
C12683,1
C12684,1
C12685,1
C12686,1
C12687,1
C12688,1
C12689,2
C12690,2
C12691,1
C12692,1
C12693,1
C12694,1
C12695,1
C12696,1
C12697,1
C12698,1
C12699,1
C12700,1
C12701,1
C12702,1
C12703,1
C12704,1
C12705,2
C12706,1
C12707,1
C12708,1
C12709,1
C12710,1
C12711,1
C12712,1
C12713,1
C12714,1
C12715,1
C12716,1
C12717,1
C12718,1
C12719,1
C12720,1
C12721,1
C12722,1
C12723,1
C12724,1
C12725,2
C12726,1
C12727,2
C12728,1
C12729,1
C12730,1
C12731,1
C12732,1
C12733,1
C12734,1
C12735,1
C12736,1
C12737,1
C12738,1
C12739,1
C12740,1
C12741,1
C12742,2
C12743,1
C12744,1
C12745,1
C12746,1
C12747,1
C12748,2
C12749,1
C12750,1
C12751,1
C12752,1
C12753,1
C12754,1
C12755,1
C12756,1
C12757,1
C12758,1
C12759,1
C12760,1
C12761,1
C12762,1
C12763,1
C12764,1
C12765,1
C12766,1
C12767,1
C12768,1
C12769,2
C12770,1
C12771,1
C12772,1
C12773,1
C12774,1
C12775,1
C12776,1
C12777,1
C12778,1
C12779,1
C12780,1
C12781,1
C12782,1
C12783,1
C12784,1
C12785,3
C12786,1
C12787,1
C12788,1
C12789,1
C12790,2
C12791,1
C12792,1
C12793,1
C12794,1
C12795,1
C12796,3
C12797,1
C12798,1
C12799,1
C12800,1
C12801,1
C12802,1
C12803,1
C12804,1
C12805,1
C12806,1
C12807,1
C12808,1
C12809,1
C12810,1
C12811,1
C12812,1
C12813,1
C12814,1
C12815,1
C12816,1
C12817,1
C12818,1
C12819,1
C12820,1
C12821,1
C12822,1
C12823,1
C12824,1
C12825,1
C12826,2
C12827,1
C12828,1
C12829,1
C12830,1
C12831,1
C12832,1
C12833,1
C12834,1
C12835,2
C12836,1
C12837,1
C12838,1
C12839,1
C12840,1
C12841,1
C12842,1
C12843,1
C12844,1
C12845,1
C12846,1
C12847,1
C12848,1
C12849,1
C12850,1
C12851,2
C12852,1
C12853,1
C12854,1
C12855,1
C12856,1
C12857,1
C12858,1
C12859,1
C12860,1
C12861,1
C12862,1
C12863,1
C12864,1
C12865,2
C12866,1
C12867,1
C12868,1
C12869,1
C12870,1
C12871,1
C12872,1
C12873,1
C12874,1
C12875,1
C12876,1
C12877,1
C12878,1
C12879,1
C12880,1
C12881,1
C12882,1
C12883,1
C12884,1
C12885,1
C12886,1
C12887,1
C12888,1
C12889,1
C12890,1
C12891,1
C12892,1
C12893,1
C12894,1
C12895,1
C12896,1
C12897,1
C12898,1
C12899,1
C12900,2
C12901,1
C12902,2
C12903,1
C12904,1
C12905,1
C12906,1
C12907,1
C12908,1
C12909,3
C12910,1
C12911,1
C12912,1
C12913,1
C12914,1
C12915,1
C12916,1
C12917,1
C12918,1
C12919,1
C12920,1
C12921,1
C12922,1
C12923,1
C12924,1
C12925,2
C12926,1
C12927,1
C12928,1
C12929,1
C12930,1
C12931,2
C12932,2
C12933,1
C12934,1
C12935,1
C12936,1
C12937,1
C12938,1
C12939,1
C12940,1
C12941,1
C12942,3
C12943,1
C12944,1
C12945,1
C12946,1
C12947,1
C12948,1
C12949,1
C12950,2
C12951,1
C12952,1
C12953,1
C12954,1
C12955,1
C12956,1
C12957,1
C12958,1
C12959,1
C12960,1
C12961,2
C12962,1
C12963,1
C12964,1
C12965,1
C12966,1
C12967,1
C12968,1
C12969,1
C12970,1
C12971,1
C12972,1
C12973,2
C12974,1
C12975,2
C12976,1
C12977,1
C12978,1
C12979,1
C12980,1
C12981,1
C12982,1
C12983,2
C12984,2
C12985,1
C12986,1
C12987,1
C12988,1
C12989,1
C12990,2
C12991,1
C12992,1
C12993,1
C12994,1
C12995,1
C12996,1
C12997,1
C12998,1
C12999,2
C13000,2
C13001,1
C13002,1
C13003,1
C13004,1
C13005,1
C13006,1
C13007,1
C13008,1
C13009,2
C13010,1
C13011,1
C13012,1
C13013,1
C13014,1
C13015,2
C13016,1
C13017,1
C13018,1
C13019,1
C13020,1
C13021,1
C13022,1
C13023,1
C13024,1
C13025,2
C13026,1
C13027,1
C13028,1
C13029,1
C13030,1
C13031,1
C13032,2
C13033,1
C13034,1
C13035,1
C13036,1
C13037,1
C13038,1
C13039,1
C13040,1
C13041,2
C13042,1
C13043,1
C13044,1
C13045,1
C13046,1
C13047,1
C13048,1
C13049,1
C13050,1
C13051,1
C13052,1
C13053,1
C13054,1
C13055,1
C13056,1
C13057,1
C13058,2
C13059,1
C13060,1
C13061,1
C13062,1
C13063,1
C13064,1
C13065,1
C13066,1
C13067,1
C13068,1
C13069,1
C13070,1
C13071,1
C13072,1
C13073,1
C13074,1
C13075,2
C13076,1
C13077,1
C13078,1
C13079,1
C13080,1
C13081,1
C13082,1
C13083,1
C13084,1
C13085,1
C13086,2
C13087,1
C13088,1
C13089,1
C13090,1
C13091,1
C13092,1
C13093,1
C13094,1
C13095,1
C13096,1
C13097,1
C13098,1
C13099,1
C13100,1
C13101,1
C13102,1
C13103,1
C13104,1
C13105,1
C13106,1
C13107,1
C13108,1
C13109,1
C13110,1
C13111,1
C13112,1
C13113,1
C13114,1
C13115,1
C13116,1
C13117,1
C13118,1
C13119,1
C13120,1
C13121,1
C13122,1
C13123,1
C13124,1
C13125,1
C13126,1
C13127,1
C13128,1
C13129,1
C13130,1
C13131,1
C13132,1
C13133,1
C13134,1
C13135,1
C13136,1
C13137,1
C13138,1
C13139,1
C13140,1
C13141,1
C13142,1
C13143,1
C13144,1
C13145,1
C13146,1
C13147,1
C13148,1
C13149,1
C13150,1
C13151,1
C13152,1
C13153,1
C13154,1
C13155,1
C13156,1
C13157,1
C13158,1
C13159,1
C13160,1
C13161,1
C13162,1
C13163,1
C13164,1
C13165,1
C13166,1
C13167,1
C13168,1
C13169,1
C13170,1
C13171,2
C13172,1
C13173,1
C13174,1
C13175,1
C13176,1
C13177,1
C13178,1
C13179,1
C13180,1
C13181,1
C13182,1
C13183,1
C13184,1
C13185,1
C13186,1
C13187,1
C13188,1
C13189,1
C13190,2
C13191,1
C13192,1
C13193,1
C13194,1
C13195,1
C13196,2
C13197,1
C13198,1
C13199,1
C13200,1
C13201,1
C13202,1
C13203,1
C13204,1
C13205,1
C13206,1
C13207,1
C13208,1
C13209,1
C13210,2
C13211,1
C13212,1
C13213,1
C13214,1
C13215,1
C13216,1
C13217,1
C13218,1
C13219,1
C13220,1
C13221,1
C13222,1
C13223,1
C13224,1
C13225,1
C13226,1
C13227,1
C13228,1
C13229,1
C13230,2
C13231,1
C13232,1
C13233,1
C13234,1
C13235,1
C13236,1
C13237,1
C13238,1
C13239,1
C13240,1
C13241,1
C13242,1
C13243,1
C13244,1
C13245,1
C13246,1
C13247,1
C13248,1
C13249,1
C13250,1
C13251,1
C13252,1
C13253,2
C13254,2
C13255,1
C13256,1
C13257,1
C13258,1
C13259,1
C13260,1
C13261,1
C13262,1
C13263,1
C13264,2
C13265,1
C13266,1
C13267,1
C13268,1
C13269,2
C13270,1
C13271,2
C13272,1
C13273,1
C13274,1
C13275,1
C13276,1
C13277,1
C13278,1
C13279,1
C13280,1
C13281,1
C13282,1
C13283,1
C13284,1
C13285,1
C13286,1
C13287,1
C13288,1
C13289,1
C13290,1
C13291,1
C13292,1
C13293,1
C13294,1
C13295,1
C13296,1
C13297,1
C13298,1
C13299,1
C13300,1
C13301,1
C13302,1
C13303,1
C13304,1
C13305,1
C13306,1
C13307,1
C13308,1
C13309,1
C13310,1
C13311,1
C13312,1
C13313,1
C13314,1
C13315,1
C13316,1
C13317,2
C13318,2
C13319,1
C13320,1
C13321,1
C13322,1
C13323,1
C13324,1
C13325,1
C13326,1
C13327,1
C13328,1
C13329,1
C13330,1
C13331,1
C13332,1
C13333,1
C13334,1
C13335,1
C13336,1
C13337,1
C13338,1
C13339,1
C13340,2
C13341,1
C13342,2
C13343,2
C13344,1
C13345,1
C13346,1
C13347,1
C13348,1
C13349,2
C13350,1
C13351,1
C13352,1
C13353,1
C13354,2
C13355,1
C13356,1
C13357,1
C13358,1
C13359,2
C13360,1
C13361,1
C13362,1
C13363,1
C13364,2
C13365,1
C13366,1
C13367,1
C13368,1
C13369,1
C13370,1
C13371,1
C13372,1
C13373,1
C13374,1
C13375,1
C13376,1
C13377,1
C13378,1
C13379,1
C13380,1
C13381,1
C13382,1
C13383,1
C13384,1
C13385,1
C13386,1
C13387,1
C13388,1
C13389,1
C13390,1
C13391,1
C13392,1
C13393,2
C13394,1
C13395,1
C13396,1
C13397,1
C13398,1
C13399,2
C13400,1
C13401,1
C13402,1
C13403,2
C13404,1
C13405,1
C13406,1
C13407,1
C13408,1
C13409,1
C13410,1
C13411,1
C13412,1
C13413,1
C13414,1
C13415,1
C13416,1
C13417,1
C13418,2
C13419,1
C13420,1
C13421,1
C13422,1
C13423,1
C13424,1
C13425,1
C13426,1
C13427,1
C13428,1
C13429,1
C13430,1
C13431,1
C13432,1
C13433,1
C13434,1
C13435,1
C13436,1
C13437,1
C13438,1
C13439,1
C13440,3
C13441,1
C13442,1
C13443,1
C13444,1
C13445,2
C13446,1
C13447,1
C13448,1
C13449,2
C13450,1
C13451,1
C13452,1
C13453,1
C13454,1
C13455,1
C13456,1
C13457,1
C13458,1
C13459,1
C13460,2
C13461,1
C13462,1
C13463,1
C13464,1
C13465,1
C13466,1
C13467,1
C13468,1
C13469,1
C13470,3
C13471,1
C13472,1
C13473,1
C13474,1
C13475,1
C13476,1
C13477,1
C13478,1
C13479,1
C13480,1
C13481,1
C13482,1
C13483,1
C13484,1
C13485,1
C13486,2
C13487,1
C13488,1
C13489,1
C13490,1
C13491,1
C13492,1
C13493,1
C13494,2
C13495,2
C13496,1
C13497,1
C13498,1
C13499,1
C13500,1
C13501,1
C13502,1
C13503,2
C13504,1
C13505,1
C13506,1
C13507,1
C13508,1
C13509,1
C13510,1
C13511,2
C13512,1
C13513,1
C13514,1
C13515,1
C13516,2
C13517,2
C13518,1
C13519,1
C13520,1
C13521,1
C13522,1
C13523,1
C13524,1
C13525,1
C13526,1
C13527,1
C13528,1
C13529,1
C13530,1
C13531,1
C13532,1
C13533,1
C13534,1
C13535,1
C13536,1
C13537,1
C13538,1
C13539,1
C13540,1
C13541,2
C13542,1
C13543,1
C13544,1
C13545,1
C13546,1
C13547,1
C13548,1
C13549,1
C13550,1
C13551,1
C13552,1
C13553,1
