device_profile_id,DeviceInfo,id_30,id_31,id_33
SAMSUNG SM-G892A Build/NRD90M|Android 7.0|samsung browser 6.2|2220x1080,SAMSUNG SM-G892A Build/NRD90M,Android 7.0,samsung browser 6.2,2220x1080
iOS Device|iOS 11.1.2|mobile safari 11.0|1334x750,iOS Device,iOS 11.1.2,mobile safari 11.0,1334x750
Windows|UNK|chrome 62.0|UNK,Windows,,chrome 62.0,
UNK|UNK|chrome 62.0|UNK,,,chrome 62.0,
MacOS|Mac OS X 10_11_6|chrome 62.0|1280x800,MacOS,Mac OS X 10_11_6,chrome 62.0,1280x800
Windows|Windows 10|chrome 62.0|1366x768,Windows,Windows 10,chrome 62.0,1366x768
UNK|Android|chrome 62.0|1920x1080,,Android,chrome 62.0,1920x1080
SM-G930V Build/NRD90M|Android 7.0|chrome 62.0 for android|1920x1080,SM-G930V Build/NRD90M,Android 7.0,chrome 62.0 for android,1920x1080
Windows|Windows 10|chrome 62.0|1680x1050,Windows,Windows 10,chrome 62.0,1680x1050
UNK|Linux|chrome 62.0|1920x1080,,Linux,chrome 62.0,1920x1080
iOS Device|iOS 11.1.2|mobile safari 11.0|1136x640,iOS Device,iOS 11.1.2,mobile safari 11.0,1136x640
BLADE A602 Build/MRA58K|UNK|chrome 62.0 for android|UNK,BLADE A602 Build/MRA58K,,chrome 62.0 for android,
Windows|Windows 10|edge 15.0|UNK,Windows,Windows 10,edge 15.0,
iOS Device|iOS 11.0.3|mobile safari generic|1334x750,iOS Device,iOS 11.0.3,mobile safari generic,1334x750
MacOS|Mac OS X 10_7_5|chrome 49.0|1280x800,MacOS,Mac OS X 10_7_5,chrome 49.0,1280x800
XT1635-02 Build/NPN26.118-22-2|UNK|chrome 62.0 for android|UNK,XT1635-02 Build/NPN26.118-22-2,,chrome 62.0 for android,
MacOS|Mac OS X 10_12_6|chrome 61.0|5120x2880,MacOS,Mac OS X 10_12_6,chrome 61.0,5120x2880
MacOS|Mac OS X 10_12_6|chrome 62.0|2880x1800,MacOS,Mac OS X 10_12_6,chrome 62.0,2880x1800
Windows|Windows 10|edge 16.0|1920x1200,Windows,Windows 10,edge 16.0,1920x1200
MacOS|Mac OS X 10_13_1|safari generic|2560x1600,MacOS,Mac OS X 10_13_1,safari generic,2560x1600
iOS Device|iOS 11.1.0|mobile safari 11.0|2048x1536,iOS Device,iOS 11.1.0,mobile safari 11.0,2048x1536
Windows|Windows 10|chrome 62.0|1024x768,Windows,Windows 10,chrome 62.0,1024x768
Windows|Windows 10|edge 14.0|1366x768,Windows,Windows 10,edge 14.0,1366x768
Z970|Android|chrome 56.0 for android|1280x720,Z970,Android,chrome 56.0 for android,1280x720
UNK|Android|chrome 62.0|2560x1440,,Android,chrome 62.0,2560x1440
Windows|UNK|firefox 57.0|UNK,Windows,,firefox 57.0,
UNK|UNK|mobile safari 11.0|UNK,,,mobile safari 11.0,
iOS Device|iOS 11.1.2|mobile safari 11.0|2208x1242,iOS Device,iOS 11.1.2,mobile safari 11.0,2208x1242
iOS Device|iOS 11.0.3|mobile safari 11.0|2048x1536,iOS Device,iOS 11.0.3,mobile safari 11.0,2048x1536
iOS Device|iOS 11.1.2|mobile safari 11.0|2001x1125,iOS Device,iOS 11.1.2,mobile safari 11.0,2001x1125
SM-N920V Build/NRD90M|Android 7.0|chrome 62.0 for android|UNK,SM-N920V Build/NRD90M,Android 7.0,chrome 62.0 for android,
Redmi Note 4 Build/MMB29M|UNK|chrome 54.0 for android|UNK,Redmi Note 4 Build/MMB29M,,chrome 54.0 for android,
iOS Device|iOS 11.1.2|mobile safari uiwebview|2048x1536,iOS Device,iOS 11.1.2,mobile safari uiwebview,2048x1536
iOS Device|iOS 11.1.2|mobile safari 11.0|2048x1536,iOS Device,iOS 11.1.2,mobile safari 11.0,2048x1536
Windows|Windows 10|chrome 62.0|1920x1080,Windows,Windows 10,chrome 62.0,1920x1080
MacOS|Mac OS X 10_9_5|chrome|1440x900,MacOS,Mac OS X 10_9_5,chrome,1440x900
UNK|UNK|safari generic|UNK,,,safari generic,
UNK|UNK|chrome 62.0 for ios|UNK,,,chrome 62.0 for ios,
Lenovo PB1-750M Build/S100|UNK|chrome 62.0 for android|UNK,Lenovo PB1-750M Build/S100,,chrome 62.0 for android,
MacOS|Mac OS X 10_13_1|safari generic|1600x900,MacOS,Mac OS X 10_13_1,safari generic,1600x900
Windows|Windows 7|chrome 62.0|1366x768,Windows,Windows 7,chrome 62.0,1366x768
iOS Device|iOS 11.1.2|mobile safari generic|2208x1242,iOS Device,iOS 11.1.2,mobile safari generic,2208x1242
Windows|Windows 8.1|chrome 62.0|1366x768,Windows,Windows 8.1,chrome 62.0,1366x768
LT22i Build/6.2.A.1.100|UNK|chrome 62.0 for android|UNK,LT22i Build/6.2.A.1.100,,chrome 62.0 for android,
MacOS|Mac OS X 10_11_6|safari generic|1440x900,MacOS,Mac OS X 10_11_6,safari generic,1440x900
rv:52.0|Windows 10|firefox|1440x900,rv:52.0,Windows 10,firefox,1440x900
MacOS|Mac OS X 10_13_1|safari generic|1366x768,MacOS,Mac OS X 10_13_1,safari generic,1366x768
SM-G950U Build/NRD90M|UNK|chrome 60.0 for android|UNK,SM-G950U Build/NRD90M,,chrome 60.0 for android,
LG-H872 Build/NRD90U|Android 7.0|chrome 62.0 for android|2672x1440,LG-H872 Build/NRD90U,Android 7.0,chrome 62.0 for android,2672x1440
MacOS|Mac|safari generic|1440x900,MacOS,Mac,safari generic,1440x900
MacOS|Mac OS X 10_9_5|safari generic|1280x800,MacOS,Mac OS X 10_9_5,safari generic,1280x800
LG-K500 Build/MMB29M|UNK|chrome 62.0 for android|UNK,LG-K500 Build/MMB29M,,chrome 62.0 for android,
iOS Device|iOS 10.3.3|mobile safari 10.0|2208x1242,iOS Device,iOS 10.3.3,mobile safari 10.0,2208x1242
iOS Device|iOS 10.3.3|mobile safari 10.0|2048x1536,iOS Device,iOS 10.3.3,mobile safari 10.0,2048x1536
Windows|Windows 10|edge 14.0|UNK,Windows,Windows 10,edge 14.0,
UNK|UNK|mobile safari generic|UNK,,,mobile safari generic,
SM-P550 Build/MMB29M|UNK|chrome 62.0 for android|UNK,SM-P550 Build/MMB29M,,chrome 62.0 for android,
Windows|Windows 10|edge 15.0|1920x1080,Windows,Windows 10,edge 15.0,1920x1080
Windows|Windows 10|edge 14.0|1280x1024,Windows,Windows 10,edge 14.0,1280x1024
SM-J700M Build/MMB29K|UNK|chrome 61.0 for android|UNK,SM-J700M Build/MMB29K,,chrome 61.0 for android,
Trident/7.0|Windows 7|ie 11.0 for desktop|1920x1080,Trident/7.0,Windows 7,ie 11.0 for desktop,1920x1080
rv:57.0|Mac OS X 10.12|firefox 57.0|1440x900,rv:57.0,Mac OS X 10.12,firefox 57.0,1440x900
SM-G950U Build/NRD90M|Android 7.0|chrome 62.0 for android|2220x1080,SM-G950U Build/NRD90M,Android 7.0,chrome 62.0 for android,2220x1080
SAMSUNG SM-G930T Build/NRD90M|Android 7.0|samsung browser 6.2|1920x1080,SAMSUNG SM-G930T Build/NRD90M,Android 7.0,samsung browser 6.2,1920x1080
iOS Device|iOS 11.1.2|chrome 62.0 for ios|2048x1536,iOS Device,iOS 11.1.2,chrome 62.0 for ios,2048x1536
MacOS|Mac OS X 10_10_5|safari generic|1280x800,MacOS,Mac OS X 10_10_5,safari generic,1280x800
Blade V6 Plus Build/MRA58K|UNK|chrome 62.0 for android|UNK,Blade V6 Plus Build/MRA58K,,chrome 62.0 for android,
MacOS|Mac OS X 10_11_5|safari generic|1280x800,MacOS,Mac OS X 10_11_5,safari generic,1280x800
Trident/7.0|Windows 10|ie 11.0 for tablet|1366x768,Trident/7.0,Windows 10,ie 11.0 for tablet,1366x768
BLL-L23 Build/HUAWEIBLL-L23|UNK|chrome 62.0 for android|UNK,BLL-L23 Build/HUAWEIBLL-L23,,chrome 62.0 for android,
iOS Device|iOS 9.3.5|mobile safari 9.0|2048x1536,iOS Device,iOS 9.3.5,mobile safari 9.0,2048x1536
KYOCERA-C6742A Build/LMY47V|Android 5.1.1|chrome generic|960x540,KYOCERA-C6742A Build/LMY47V,Android 5.1.1,chrome generic,960x540
MacOS|Mac OS X 10_10_5|safari generic|1440x900,MacOS,Mac OS X 10_10_5,safari generic,1440x900
Windows|Windows 10|firefox 57.0|1366x768,Windows,Windows 10,firefox 57.0,1366x768
iOS Device|iOS 11.1.2|mobile safari 11.0|2732x2048,iOS Device,iOS 11.1.2,mobile safari 11.0,2732x2048
F3113 Build/33.2.A.4.70|UNK|chrome 62.0 for android|UNK,F3113 Build/33.2.A.4.70,,chrome 62.0 for android,
Trident/7.0|Windows 7|ie 11.0 for desktop|1600x900,Trident/7.0,Windows 7,ie 11.0 for desktop,1600x900
UNK|UNK|mobile safari 10.0|UNK,,,mobile safari 10.0,
iOS Device|iOS 11.1.2|mobile safari generic|2436x1125,iOS Device,iOS 11.1.2,mobile safari generic,2436x1125
iOS Device|iOS 11.1.2|mobile safari generic|1334x750,iOS Device,iOS 11.1.2,mobile safari generic,1334x750
D5306 Build/19.4.A.0.182|UNK|chrome 62.0 for android|UNK,D5306 Build/19.4.A.0.182,,chrome 62.0 for android,
Windows|Windows 7|chrome 62.0|1920x1080,Windows,Windows 7,chrome 62.0,1920x1080
Windows|Windows 10|edge 15.0|1366x768,Windows,Windows 10,edge 15.0,1366x768
Windows|Windows 10|chrome 62.0|1920x1200,Windows,Windows 10,chrome 62.0,1920x1200
Trident/7.0|UNK|ie 11.0 for desktop|UNK,Trident/7.0,,ie 11.0 for desktop,
UNK|UNK|chrome 61.0|UNK,,,chrome 61.0,
M4 SS4457 Build/MRA58K|UNK|chrome 62.0 for android|UNK,M4 SS4457 Build/MRA58K,,chrome 62.0 for android,
SM-G955U Build/NRD90M|Android 7.0|chrome 62.0 for android|UNK,SM-G955U Build/NRD90M,Android 7.0,chrome 62.0 for android,
SM-G610M Build/MMB29K|UNK|other|UNK,SM-G610M Build/MMB29K,,other,
Windows|Windows 7|chrome 62.0|UNK,Windows,Windows 7,chrome 62.0,
SAMSUNG SM-G935F Build/NRD90M|UNK|samsung browser 6.2|UNK,SAMSUNG SM-G935F Build/NRD90M,,samsung browser 6.2,
Windows|UNK|chrome 61.0|UNK,Windows,,chrome 61.0,
UNK|UNK|firefox 57.0|UNK,,,firefox 57.0,
MacOS|Mac OS X 10_13_1|chrome 62.0|2560x1600,MacOS,Mac OS X 10_13_1,chrome 62.0,2560x1600
SM-G610M Build/MMB29K|UNK|chrome 59.0 for android|UNK,SM-G610M Build/MMB29K,,chrome 59.0 for android,
XT1635-01|Android 7.1.1|chrome 62.0 for android|1920x1080,XT1635-01,Android 7.1.1,chrome 62.0 for android,1920x1080
MacOS|Mac OS X 10_13_1|safari generic|2048x1152,MacOS,Mac OS X 10_13_1,safari generic,2048x1152
rv:56.0|UNK|firefox 56.0|UNK,rv:56.0,,firefox 56.0,
SM-G950U Build/NRD90M|Android 7.0|chrome 62.0 for android|2960x1440,SM-G950U Build/NRD90M,Android 7.0,chrome 62.0 for android,2960x1440
MacOS|Mac OS X 10_10_5|safari generic|2560x1600,MacOS,Mac OS X 10_10_5,safari generic,2560x1600
VS500|Android 7.0|android webview 4.0|1280x720,VS500,Android 7.0,android webview 4.0,1280x720
CAM-L03 Build/HUAWEICAM-L03|UNK|chrome 62.0 for android|UNK,CAM-L03 Build/HUAWEICAM-L03,,chrome 62.0 for android,
RCT6303W87M7 Build/MRA58K|Android 6.0|chrome 62.0 for android|1280x800,RCT6303W87M7 Build/MRA58K,Android 6.0,chrome 62.0 for android,1280x800
M4 SS4451 Build/LMY47D|UNK|chrome|UNK,M4 SS4451 Build/LMY47D,,chrome,
KFFOWI Build/LVY48F|Android 5.1.1|chrome generic|1024x600,KFFOWI Build/LVY48F,Android 5.1.1,chrome generic,1024x600
iOS Device|iOS 10.3.1|mobile safari 10.0|2732x2048,iOS Device,iOS 10.3.1,mobile safari 10.0,2732x2048
rv:56.0|Mac OS X 10.9|firefox 56.0|1440x900,rv:56.0,Mac OS X 10.9,firefox 56.0,1440x900
Moto E (4) Build/NMA26.42-19|UNK|chrome generic|UNK,Moto E (4) Build/NMA26.42-19,,chrome generic,
SAMSUNG|UNK|samsung browser 6.2|UNK,SAMSUNG,,samsung browser 6.2,
E2306 Build/26.3.A.1.33|UNK|chrome 62.0 for android|UNK,E2306 Build/26.3.A.1.33,,chrome 62.0 for android,
UNK|UNK|mobile safari 9.0|UNK,,,mobile safari 9.0,
Windows|UNK|chrome 55.0|UNK,Windows,,chrome 55.0,
MacOS|Mac OS X 10_11_6|safari generic|2880x1800,MacOS,Mac OS X 10_11_6,safari generic,2880x1800
Ilium L910 Build/MRA58K|UNK|chrome 62.0 for android|UNK,Ilium L910 Build/MRA58K,,chrome 62.0 for android,
Windows|Windows 7|chrome 61.0|1920x1080,Windows,Windows 7,chrome 61.0,1920x1080
SM-J700M Build/MMB29K|UNK|chrome 62.0 for android|UNK,SM-J700M Build/MMB29K,,chrome 62.0 for android,
GT-I9300|UNK|chrome 62.0 for android|UNK,GT-I9300,,chrome 62.0 for android,
iOS Device|iOS 11.1.2|mobile safari generic|2001x1125,iOS Device,iOS 11.1.2,mobile safari generic,2001x1125
LG-H420 Build/LRX21Y|UNK|other|UNK,LG-H420 Build/LRX21Y,,other,
Windows|Windows 8.1|firefox 57.0|1024x768,Windows,Windows 8.1,firefox 57.0,1024x768
UNK|UNK|opera 49.0|UNK,,,opera 49.0,
Windows NT 6.2|UNK|ie|UNK,Windows NT 6.2,,ie,
XT1032 Build/LPBS23.13-56-2|UNK|chrome 55.0 for android|UNK,XT1032 Build/LPBS23.13-56-2,,chrome 55.0 for android,
GT-I9060M Build/KTU84P|UNK|chrome 62.0 for android|UNK,GT-I9060M Build/KTU84P,,chrome 62.0 for android,
Windows|UNK|edge 15.0|UNK,Windows,,edge 15.0,
rv:38.0|UNK|firefox|UNK,rv:38.0,,firefox,
Moto G (4) Build/NPJS25.93-14-10|UNK|chrome generic|UNK,Moto G (4) Build/NPJS25.93-14-10,,chrome generic,
iOS Device|iOS 11.0.3|mobile safari 11.0|1136x640,iOS Device,iOS 11.0.3,mobile safari 11.0,1136x640
iOS Device|iOS 10.3.3|mobile safari 10.0|1136x640,iOS Device,iOS 10.3.3,mobile safari 10.0,1136x640
Windows|Windows 7|chrome 62.0|1280x1024,Windows,Windows 7,chrome 62.0,1280x1024
SM-G530T|Android 5.1.1|chrome 62.0 for android|960x540,SM-G530T,Android 5.1.1,chrome 62.0 for android,960x540
LGMP260 Build/NRD90U|Android 7.0|chrome 61.0 for android|1280x720,LGMP260 Build/NRD90U,Android 7.0,chrome 61.0 for android,1280x720
SM-E500M Build/KTU84P|UNK|chrome 62.0 for android|UNK,SM-E500M Build/KTU84P,,chrome 62.0 for android,
iOS Device|iOS 11.1.2|mobile safari 11.0|2436x1125,iOS Device,iOS 11.1.2,mobile safari 11.0,2436x1125
SAMSUNG SM-G950U Build/NRD90M|Android 7.0|samsung browser 6.2|2220x1080,SAMSUNG SM-G950U Build/NRD90M,Android 7.0,samsung browser 6.2,2220x1080
Trident/7.0|Windows 7|ie 11.0 for desktop|1280x1024,Trident/7.0,Windows 7,ie 11.0 for desktop,1280x1024
iOS Device|iOS 11.1.1|mobile safari 11.0|2208x1242,iOS Device,iOS 11.1.1,mobile safari 11.0,2208x1242
Windows|Windows 10|chrome 62.0|UNK,Windows,Windows 10,chrome 62.0,
rv:11.0|Windows 7|ie 11.0 for desktop|1600x900,rv:11.0,Windows 7,ie 11.0 for desktop,1600x900
MacOS|Mac OS X 10_12_6|chrome 61.0|1440x900,MacOS,Mac OS X 10_12_6,chrome 61.0,1440x900
Windows|Windows 7|chrome 62.0|1920x1200,Windows,Windows 7,chrome 62.0,1920x1200
iOS Device|iOS 11.1.1|mobile safari 11.0|1334x750,iOS Device,iOS 11.1.1,mobile safari 11.0,1334x750
UNK|Android|chrome 61.0|855x480,,Android,chrome 61.0,855x480
Trident/7.0|Windows 7|ie 11.0 for desktop|UNK,Trident/7.0,Windows 7,ie 11.0 for desktop,
Windows|Windows 7|chrome 62.0|1600x900,Windows,Windows 7,chrome 62.0,1600x900
MacOS|Mac OS X 10_10_5|chrome 62.0|1920x1080,MacOS,Mac OS X 10_10_5,chrome 62.0,1920x1080
rv:57.0|Mac OS X 10.9|firefox 57.0|1440x900,rv:57.0,Mac OS X 10.9,firefox 57.0,1440x900
MacOS|Mac OS X 10_12_6|safari generic|2560x1600,MacOS,Mac OS X 10_12_6,safari generic,2560x1600
MacOS|Mac OS X 10_12_6|chrome 62.0|1920x1080,MacOS,Mac OS X 10_12_6,chrome 62.0,1920x1080
SM-G920I Build/NRD90M|UNK|chrome 62.0 for android|UNK,SM-G920I Build/NRD90M,,chrome 62.0 for android,
Windows|Windows Vista|chrome 49.0|1366x768,Windows,Windows Vista,chrome 49.0,1366x768
Windows|Windows 8.1|chrome 62.0|1600x900,Windows,Windows 8.1,chrome 62.0,1600x900
MacOS|Mac OS X 10_13_1|safari generic|4096x2304,MacOS,Mac OS X 10_13_1,safari generic,4096x2304
Trident/7.0|Windows 7|ie 11.0 for desktop|1366x768,Trident/7.0,Windows 7,ie 11.0 for desktop,1366x768
Windows|Windows 7|chrome 62.0|1024x768,Windows,Windows 7,chrome 62.0,1024x768
Trident/7.0|Windows 10|ie 11.0 for desktop|UNK,Trident/7.0,Windows 10,ie 11.0 for desktop,
iOS Device|iOS 11.1.1|mobile safari 11.0|2048x1536,iOS Device,iOS 11.1.1,mobile safari 11.0,2048x1536
rv:11.0|UNK|ie 11.0 for desktop|UNK,rv:11.0,,ie 11.0 for desktop,
Windows|Windows Vista|chrome 49.0|1280x800,Windows,Windows Vista,chrome 49.0,1280x800
iOS Device|iOS 11.0.3|mobile safari 11.0|1334x750,iOS Device,iOS 11.0.3,mobile safari 11.0,1334x750
Trident/7.0|Windows 7|ie 11.0 for desktop|1440x900,Trident/7.0,Windows 7,ie 11.0 for desktop,1440x900
iOS Device|iOS 10.3.2|mobile safari 10.0|2208x1242,iOS Device,iOS 10.3.2,mobile safari 10.0,2208x1242
Windows|Windows 10|chrome 62.0|1600x900,Windows,Windows 10,chrome 62.0,1600x900
Windows|Windows 7|chrome 62.0|1440x900,Windows,Windows 7,chrome 62.0,1440x900
MacOS|Mac OS X 10_11_6|chrome 62.0|1920x1080,MacOS,Mac OS X 10_11_6,chrome 62.0,1920x1080
Windows|Windows 10|chrome 62.0|1280x1024,Windows,Windows 10,chrome 62.0,1280x1024
Windows|Windows Vista|ie|1366x768,Windows,Windows Vista,ie,1366x768
Windows|Windows 7|ie 11.0 for desktop|1920x1080,Windows,Windows 7,ie 11.0 for desktop,1920x1080
Windows|Windows 7|firefox 57.0|1440x900,Windows,Windows 7,firefox 57.0,1440x900
iOS Device|iOS 10.3.1|mobile safari 10.0|2001x1125,iOS Device,iOS 10.3.1,mobile safari 10.0,2001x1125
UNK|UNK|chrome 49.0|UNK,,,chrome 49.0,
MacOS|Mac OS X 10_13_1|safari generic|2560x1440,MacOS,Mac OS X 10_13_1,safari generic,2560x1440
Windows|Windows 10|edge 16.0|UNK,Windows,Windows 10,edge 16.0,
Windows|Windows 7|chrome 62.0|1280x800,Windows,Windows 7,chrome 62.0,1280x800
MacOS|Mac OS X 10_11_6|chrome 61.0|2560x1600,MacOS,Mac OS X 10_11_6,chrome 61.0,2560x1600
iOS Device|iOS 11.0.2|mobile safari 11.0|2732x2048,iOS Device,iOS 11.0.2,mobile safari 11.0,2732x2048
Windows|UNK|edge 14.0|UNK,Windows,,edge 14.0,
Windows|Windows 7|chrome 62.0|1680x1050,Windows,Windows 7,chrome 62.0,1680x1050
Trident/7.0|Windows 10|ie 11.0 for desktop|1920x1080,Trident/7.0,Windows 10,ie 11.0 for desktop,1920x1080
Windows|Windows 10|edge 15.0|1600x900,Windows,Windows 10,edge 15.0,1600x900
rv:57.0|Mac OS X 10.11|firefox 57.0|1920x1080,rv:57.0,Mac OS X 10.11,firefox 57.0,1920x1080
Windows|Windows 10|firefox 57.0|1920x1080,Windows,Windows 10,firefox 57.0,1920x1080
Windows|Windows 10|firefox 57.0|1600x900,Windows,Windows 10,firefox 57.0,1600x900
SAMSUNG SM-J327T Build/NRD90M|Android 7.0|samsung browser 6.2|1280x720,SAMSUNG SM-J327T Build/NRD90M,Android 7.0,samsung browser 6.2,1280x720
Trident/7.0|Windows 7|ie 11.0 for desktop|1680x1050,Trident/7.0,Windows 7,ie 11.0 for desktop,1680x1050
rv:52.0|Windows Vista|firefox 52.0|1280x800,rv:52.0,Windows Vista,firefox 52.0,1280x800
MacOS|Mac OS X 10_10_5|chrome 61.0|1920x1080,MacOS,Mac OS X 10_10_5,chrome 61.0,1920x1080
SM-G900H Build/MMB29K|UNK|chrome 60.0 for android|UNK,SM-G900H Build/MMB29K,,chrome 60.0 for android,
TRT-L53 Build/HUAWEITRT-L53|UNK|chrome 62.0 for android|UNK,TRT-L53 Build/HUAWEITRT-L53,,chrome 62.0 for android,
rv:11.0|Windows 10|ie 11.0 for desktop|1920x1080,rv:11.0,Windows 10,ie 11.0 for desktop,1920x1080
Android 6.0.1|UNK|android webview 4.0|UNK,Android 6.0.1,,android webview 4.0,
MacOS|Mac OS X 10_12_6|safari generic|1440x900,MacOS,Mac OS X 10_12_6,safari generic,1440x900
UNK|UNK|chrome|UNK,,,chrome,
MacOS|Mac OS X 10_9_5|safari generic|2880x1800,MacOS,Mac OS X 10_9_5,safari generic,2880x1800
Windows|Windows 10|edge 14.0|2160x1440,Windows,Windows 10,edge 14.0,2160x1440
Moto G Play Build/MPIS24.241-15.3-26|UNK|chrome 62.0 for android|UNK,Moto G Play Build/MPIS24.241-15.3-26,,chrome 62.0 for android,
Trident/7.0|Windows 10|ie 11.0 for desktop|1280x1024,Trident/7.0,Windows 10,ie 11.0 for desktop,1280x1024
iOS Device|iOS 10.3.3|chrome 62.0 for ios|2048x1536,iOS Device,iOS 10.3.3,chrome 62.0 for ios,2048x1536
MacOS|Mac|safari generic|1366x768,MacOS,Mac,safari generic,1366x768
Nexus 6P Build/OPR5.170623.011|Android 8.0.0|UNK|2562x1442,Nexus 6P Build/OPR5.170623.011,Android 8.0.0,,2562x1442
rv:56.0|Mac OS X 10.11|firefox 56.0|1440x900,rv:56.0,Mac OS X 10.11,firefox 56.0,1440x900
Windows|Windows 10|edge 16.0|1600x900,Windows,Windows 10,edge 16.0,1600x900
UNK|Android|chrome 62.0|801x480,,Android,chrome 62.0,801x480
Windows|Windows 10|edge 14.0|1920x1080,Windows,Windows 10,edge 14.0,1920x1080
Windows|Windows 8.1|chrome 62.0|1920x1080,Windows,Windows 8.1,chrome 62.0,1920x1080
Trident/7.0|Windows 10|ie 11.0 for tablet|2736x1824,Trident/7.0,Windows 10,ie 11.0 for tablet,2736x1824
MacOS|Mac OS X 10_13_1|safari generic|1920x1080,MacOS,Mac OS X 10_13_1,safari generic,1920x1080
iOS Device|iOS 10.2.0|mobile safari 10.0|1136x640,iOS Device,iOS 10.2.0,mobile safari 10.0,1136x640
Trident/7.0|Windows 10|ie 11.0 for tablet|1920x1080,Trident/7.0,Windows 10,ie 11.0 for tablet,1920x1080
SGP521|UNK|chrome 62.0 for android|UNK,SGP521,,chrome 62.0 for android,
VS988 Build/NRD90U|Android 7.0|chrome 62.0 for android|2672x1440,VS988 Build/NRD90U,Android 7.0,chrome 62.0 for android,2672x1440
Windows|Windows 10|edge 15.0|1680x1050,Windows,Windows 10,edge 15.0,1680x1050
SM-G531H Build/LMY48B|UNK|chrome 57.0 for android|UNK,SM-G531H Build/LMY48B,,chrome 57.0 for android,
Trident/7.0|Windows 10|ie 11.0 for desktop|1600x900,Trident/7.0,Windows 10,ie 11.0 for desktop,1600x900
UNK|UNK|chrome 56.0|UNK,,,chrome 56.0,
Moto C Build/NRD90M.063|UNK|chrome 62.0 for android|UNK,Moto C Build/NRD90M.063,,chrome 62.0 for android,
MacOS|Mac OS X 10_11_6|chrome 62.0|4096x2304,MacOS,Mac OS X 10_11_6,chrome 62.0,4096x2304
MacOS|Mac OS X 10_11_6|chrome 62.0|2560x1600,MacOS,Mac OS X 10_11_6,chrome 62.0,2560x1600
LG-K410 Build/LRX22G|UNK|chrome 59.0 for android|UNK,LG-K410 Build/LRX22G,,chrome 59.0 for android,
Trident/7.0|Windows 7|ie 11.0 for desktop|1920x1200,Trident/7.0,Windows 7,ie 11.0 for desktop,1920x1200
Windows|Windows 7|chrome 62.0|3441x1440,Windows,Windows 7,chrome 62.0,3441x1440
Windows|Windows 10|opera 49.0|UNK,Windows,Windows 10,opera 49.0,
MacOS|Mac OS X 10_12_6|safari generic|1920x1080,MacOS,Mac OS X 10_12_6,safari generic,1920x1080
Windows|Windows 10|firefox 57.0|UNK,Windows,Windows 10,firefox 57.0,
MacOS|Mac OS X 10_9_5|opera 49.0|1280x800,MacOS,Mac OS X 10_9_5,opera 49.0,1280x800
SM-G935F Build/MMB29K|UNK|chrome 62.0 for android|UNK,SM-G935F Build/MMB29K,,chrome 62.0 for android,
Moto C Plus Build/NRD90M.05.022|UNK|chrome 56.0 for android|UNK,Moto C Plus Build/NRD90M.05.022,,chrome 56.0 for android,
LG-X180g Build/LMY47I|UNK|chrome 46.0 for android|UNK,LG-X180g Build/LMY47I,,chrome 46.0 for android,
Trident/7.0|Windows 10|ie 11.0 for tablet|UNK,Trident/7.0,Windows 10,ie 11.0 for tablet,
MacOS|Mac OS X 10_13_1|safari generic|1440x900,MacOS,Mac OS X 10_13_1,safari generic,1440x900
SM-G925P Build/NRD90M|UNK|chrome 56.0 for android|UNK,SM-G925P Build/NRD90M,,chrome 56.0 for android,
es-us|UNK|android webview 4.0|UNK,es-us,,android webview 4.0,
Windows|Windows 7|firefox 57.0|1920x1200,Windows,Windows 7,firefox 57.0,1920x1200
Windows|UNK|ie 11.0 for desktop|UNK,Windows,,ie 11.0 for desktop,
Windows|Windows 7|firefox 57.0|1920x1080,Windows,Windows 7,firefox 57.0,1920x1080
Windows|Windows 10|edge 15.0|2736x1824,Windows,Windows 10,edge 15.0,2736x1824
MacOS|Mac OS X 10_10_5|safari generic|1920x1080,MacOS,Mac OS X 10_10_5,safari generic,1920x1080
Windows|Windows 7|chrome 58.0|1600x900,Windows,Windows 7,chrome 58.0,1600x900
iOS Device|iOS 10.3.3|mobile safari 10.0|1334x750,iOS Device,iOS 10.3.3,mobile safari 10.0,1334x750
iOS Device|iOS 11.1.1|mobile safari 11.0|2436x1125,iOS Device,iOS 11.1.1,mobile safari 11.0,2436x1125
MacOS|Mac OS X 10_11_6|safari generic|1280x800,MacOS,Mac OS X 10_11_6,safari generic,1280x800
SM-G920V Build/NRD90M|Android 7.0|chrome 62.0 for android|2560x1440,SM-G920V Build/NRD90M,Android 7.0,chrome 62.0 for android,2560x1440
SM-G935T Build/NRD90M|Android 7.0|chrome 62.0 for android|1920x1080,SM-G935T Build/NRD90M,Android 7.0,chrome 62.0 for android,1920x1080
Moto E (4) Plus Build/NMA26.42-69|UNK|chrome generic|UNK,Moto E (4) Plus Build/NMA26.42-69,,chrome generic,
iOS Device|iOS 11.1.1|mobile safari 11.0|1136x640,iOS Device,iOS 11.1.1,mobile safari 11.0,1136x640
MacOS|Mac OS X 10_7_5|chrome 49.0|1920x1080,MacOS,Mac OS X 10_7_5,chrome 49.0,1920x1080
iOS Device|iOS 10.3.1|mobile safari 10.0|2208x1242,iOS Device,iOS 10.3.1,mobile safari 10.0,2208x1242
iOS Device|iOS 10.2.1|mobile safari 10.0|2048x1536,iOS Device,iOS 10.2.1,mobile safari 10.0,2048x1536
iOS Device|iOS 11.0.3|mobile safari 11.0|2208x1242,iOS Device,iOS 11.0.3,mobile safari 11.0,2208x1242
rv:52.0|Windows 7|firefox 52.0|1680x1050,rv:52.0,Windows 7,firefox 52.0,1680x1050
Trident/7.0|UNK|ie 11.0 for tablet|UNK,Trident/7.0,,ie 11.0 for tablet,
iOS Device|iOS 11.1.1|mobile safari 11.0|2001x1125,iOS Device,iOS 11.1.1,mobile safari 11.0,2001x1125
Windows|Windows 10|edge 16.0|1366x768,Windows,Windows 10,edge 16.0,1366x768
Windows|Windows 8.1|chrome 58.0|2880x1620,Windows,Windows 8.1,chrome 58.0,2880x1620
SM-G925W8|UNK|chrome 62.0 for android|UNK,SM-G925W8,,chrome 62.0 for android,
M4 SS4451 Build/LMY47D|UNK|chrome 61.0 for android|UNK,M4 SS4451 Build/LMY47D,,chrome 61.0 for android,
rv:48.0|Windows 7|firefox 48.0|1600x900,rv:48.0,Windows 7,firefox 48.0,1600x900
Windows|Windows 8.1|firefox 57.0|1920x1080,Windows,Windows 8.1,firefox 57.0,1920x1080
Windows|Windows 7|firefox|1920x1080,Windows,Windows 7,firefox,1920x1080
SAMSUNG-SM-G930A Build/NRD90M|Android 7.0|chrome 62.0 for android|1920x1080,SAMSUNG-SM-G930A Build/NRD90M,Android 7.0,chrome 62.0 for android,1920x1080
iOS Device|iOS 10.3.2|mobile safari 10.0|2048x1536,iOS Device,iOS 10.3.2,mobile safari 10.0,2048x1536
iOS Device|iOS 11.0.0|mobile safari 11.0|1334x750,iOS Device,iOS 11.0.0,mobile safari 11.0,1334x750
Windows|Windows 10|edge 16.0|1920x1080,Windows,Windows 10,edge 16.0,1920x1080
MacOS|Mac OS X 10_11_6|chrome 62.0|1366x768,MacOS,Mac OS X 10_11_6,chrome 62.0,1366x768
Windows|Windows 8.1|firefox 57.0|1680x1050,Windows,Windows 8.1,firefox 57.0,1680x1050
Windows|Windows 7|firefox 57.0|1680x1050,Windows,Windows 7,firefox 57.0,1680x1050
rv:57.0|Mac OS X 10.10|firefox 57.0|2880x1800,rv:57.0,Mac OS X 10.10,firefox 57.0,2880x1800
Windows|Windows 10|chrome 62.0|3840x2160,Windows,Windows 10,chrome 62.0,3840x2160
rv:56.0|Mac OS X 10.11|firefox 56.0|1920x1080,rv:56.0,Mac OS X 10.11,firefox 56.0,1920x1080
HTC One M9 Build/NRD90M|Android 7.0|chrome 62.0 for android|1920x1080,HTC One M9 Build/NRD90M,Android 7.0,chrome 62.0 for android,1920x1080
rv:57.0|Mac OS X 10.10|firefox 57.0|1920x1080,rv:57.0,Mac OS X 10.10,firefox 57.0,1920x1080
MacOS|Mac OS X 10_10_5|safari generic|5120x2880,MacOS,Mac OS X 10_10_5,safari generic,5120x2880
Windows|Windows 7|UNK|1638x922,Windows,Windows 7,,1638x922
MacOS|Mac OS X 10_10_5|safari generic|1920x1200,MacOS,Mac OS X 10_10_5,safari generic,1920x1200
rv:11.0|Windows 7|ie 11.0 for desktop|UNK,rv:11.0,Windows 7,ie 11.0 for desktop,
7055A Build/KVT49L|UNK|chrome 62.0 for android|UNK,7055A Build/KVT49L,,chrome 62.0 for android,
Moto G Play Build/MPIS24.241-15.3-7|UNK|chrome 62.0 for android|UNK,Moto G Play Build/MPIS24.241-15.3-7,,chrome 62.0 for android,
iOS Device|iOS 11.1.2|mobile safari generic|1136x640,iOS Device,iOS 11.1.2,mobile safari generic,1136x640
MacOS|Mac OS X 10_12_3|safari generic|1440x900,MacOS,Mac OS X 10_12_3,safari generic,1440x900
UNK|Android|chrome 62.0|1280x720,,Android,chrome 62.0,1280x720
SM-T810 Build/NRD90M|Android 7.0|chrome 62.0 for android|2048x1536,SM-T810 Build/NRD90M,Android 7.0,chrome 62.0 for android,2048x1536
Trident/7.0|Windows 8.1|ie 11.0 for desktop|UNK,Trident/7.0,Windows 8.1,ie 11.0 for desktop,
Windows|Windows 10|chrome 62.0|1280x768,Windows,Windows 10,chrome 62.0,1280x768
Windows|Windows 10|edge 15.0|2160x1440,Windows,Windows 10,edge 15.0,2160x1440
Windows|Windows 7|chrome 56.0|1600x900,Windows,Windows 7,chrome 56.0,1600x900
MacOS|Mac OS X 10_12|safari generic|1440x900,MacOS,Mac OS X 10_12,safari generic,1440x900
MacOS|Mac OS X 10_12_3|chrome 62.0|1440x900,MacOS,Mac OS X 10_12_3,chrome 62.0,1440x900
Trident/7.0|Windows 8.1|ie 11.0 for desktop|1920x1080,Trident/7.0,Windows 8.1,ie 11.0 for desktop,1920x1080
iOS Device|iOS 9.3.5|mobile safari 9.0|1024x768,iOS Device,iOS 9.3.5,mobile safari 9.0,1024x768
rv:51.0|UNK|firefox|UNK,rv:51.0,,firefox,
SAMSUNG|UNK|chrome generic|UNK,SAMSUNG,,chrome generic,
iOS Device|iOS 11.1.0|mobile safari 11.0|2208x1242,iOS Device,iOS 11.1.0,mobile safari 11.0,2208x1242
MacOS|Mac|safari generic|1920x1080,MacOS,Mac,safari generic,1920x1080
Windows|UNK|chrome 59.0|UNK,Windows,,chrome 59.0,
Trident/7.0|Windows 8.1|ie 11.0 for desktop|1366x768,Trident/7.0,Windows 8.1,ie 11.0 for desktop,1366x768
UNK|Linux|chrome 56.0|1920x1200,,Linux,chrome 56.0,1920x1200
UNK|Linux|chrome 62.0|UNK,,Linux,chrome 62.0,
rv:48.0|Windows 10|firefox 48.0|1920x1080,rv:48.0,Windows 10,firefox 48.0,1920x1080
SM-N910V Build/MMB29M|Android 6.0.1|chrome 62.0 for android|2560x1440,SM-N910V Build/MMB29M,Android 6.0.1,chrome 62.0 for android,2560x1440
LG-K410 Build/LRX22G|UNK|chrome 62.0 for android|UNK,LG-K410 Build/LRX22G,,chrome 62.0 for android,
iOS Device|iOS 11.1.1|mobile safari generic|1334x750,iOS Device,iOS 11.1.1,mobile safari generic,1334x750
Windows|Windows 7|chrome 62.0|1360x768,Windows,Windows 7,chrome 62.0,1360x768
Windows|Windows 10|firefox 57.0|1280x960,Windows,Windows 10,firefox 57.0,1280x960
iOS Device|iOS 11.1.0|mobile safari generic|1136x640,iOS Device,iOS 11.1.0,mobile safari generic,1136x640
SM-G930T Build/NRD90M|Android 7.0|chrome 62.0 for android|1920x1080,SM-G930T Build/NRD90M,Android 7.0,chrome 62.0 for android,1920x1080
rv:11.0|Windows 10|ie 11.0 for desktop|1600x900,rv:11.0,Windows 10,ie 11.0 for desktop,1600x900
Moto G Play Build/MPIS24.241-15.3-7|UNK|chrome 61.0 for android|UNK,Moto G Play Build/MPIS24.241-15.3-7,,chrome 61.0 for android,
SAMSUNG|Android 7.0|samsung browser 6.2|1920x1080,SAMSUNG,Android 7.0,samsung browser 6.2,1920x1080
LG-H870 Build/NRD90U|UNK|chrome 62.0 for android|UNK,LG-H870 Build/NRD90U,,chrome 62.0 for android,
iOS Device|iOS 10.2.1|mobile safari 10.0|1334x750,iOS Device,iOS 10.2.1,mobile safari 10.0,1334x750
SAMSUNG SM-G950U1 Build/NRD90M|Android 7.0|samsung browser 6.2|2220x1080,SAMSUNG SM-G950U1 Build/NRD90M,Android 7.0,samsung browser 6.2,2220x1080
Windows|Windows 10|chrome 62.0|1440x900,Windows,Windows 10,chrome 62.0,1440x900
SAMSUNG SM-S727VL Build/MMB29M|Android 6.0.1|samsung browser 4.0|1280x720,SAMSUNG SM-S727VL Build/MMB29M,Android 6.0.1,samsung browser 4.0,1280x720
SM-N920G Build/NRD90M|UNK|chrome 62.0 for android|UNK,SM-N920G Build/NRD90M,,chrome 62.0 for android,
Moto G (5) Plus Build/NPN25.137-72|UNK|android webview 4.0|UNK,Moto G (5) Plus Build/NPN25.137-72,,android webview 4.0,
Windows|Windows 10|chrome 61.0|1920x1080,Windows,Windows 10,chrome 61.0,1920x1080
Moto G (5) Build/NPP25.137-72|UNK|chrome generic|UNK,Moto G (5) Build/NPP25.137-72,,chrome generic,
Windows|Windows 7|chrome 61.0|1280x1024,Windows,Windows 7,chrome 61.0,1280x1024
MacOS|Mac OS X 10_13_1|chrome 62.0|1280x800,MacOS,Mac OS X 10_13_1,chrome 62.0,1280x800
UNK|Linux|chrome 62.0|1366x768,,Linux,chrome 62.0,1366x768
SM-G935F Build/NRD90M|UNK|chrome 62.0 for android|UNK,SM-G935F Build/NRD90M,,chrome 62.0 for android,
Windows|Windows 10|chrome 62.0|3440x1440,Windows,Windows 10,chrome 62.0,3440x1440
MacOS|Mac OS X 10_11_6|chrome 62.0|2880x1800,MacOS,Mac OS X 10_11_6,chrome 62.0,2880x1800
UNK|UNK|firefox 56.0|UNK,,,firefox 56.0,
Trident/7.0|Windows 8.1|ie 11.0 for desktop|1440x900,Trident/7.0,Windows 8.1,ie 11.0 for desktop,1440x900
Windows|Windows Vista|chrome 49.0|1440x900,Windows,Windows Vista,chrome 49.0,1440x900
MacOS|Mac OS X 10_12|safari generic|2560x1600,MacOS,Mac OS X 10_12,safari generic,2560x1600
Windows|Windows 10|edge 13.0|1366x768,Windows,Windows 10,edge 13.0,1366x768
LG-D373 Build/KOT49I.V10a|UNK|chrome 61.0 for android|UNK,LG-D373 Build/KOT49I.V10a,,chrome 61.0 for android,
ALE-L23 Build/HuaweiALE-L23|UNK|chrome 46.0 for android|UNK,ALE-L23 Build/HuaweiALE-L23,,chrome 46.0 for android,
Windows|Windows 10|ie 11.0 for desktop|UNK,Windows,Windows 10,ie 11.0 for desktop,
Z836BL|Android 6.0.1|chrome 53.0 for android|855x480,Z836BL,Android 6.0.1,chrome 53.0 for android,855x480
iOS Device|iOS|mobile safari generic|1334x750,iOS Device,iOS,mobile safari generic,1334x750
Ilium X710 Build/MRA58K|UNK|chrome 62.0 for android|UNK,Ilium X710 Build/MRA58K,,chrome 62.0 for android,
LG-D680 Build/KOT49I|UNK|chrome 62.0 for android|UNK,LG-D680 Build/KOT49I,,chrome 62.0 for android,
Trident/7.0|Windows 10|ie 11.0 for desktop|1920x1200,Trident/7.0,Windows 10,ie 11.0 for desktop,1920x1200
M4 SS4450 Build/MRA58K|UNK|other|UNK,M4 SS4450 Build/MRA58K,,other,
LGMP260 Build/NRD90U|Android 7.0|chrome 62.0 for android|1280x720,LGMP260 Build/NRD90U,Android 7.0,chrome 62.0 for android,1280x720
LG-K580 Build/MRA58K|UNK|chrome 62.0 for android|UNK,LG-K580 Build/MRA58K,,chrome 62.0 for android,
SM-J700M Build/LMY48B|UNK|chrome 54.0 for android|UNK,SM-J700M Build/LMY48B,,chrome 54.0 for android,
Windows|Windows 10|firefox 56.0|1920x1080,Windows,Windows 10,firefox 56.0,1920x1080
SM-A710M|UNK|chrome 62.0 for android|UNK,SM-A710M,,chrome 62.0 for android,
Trident/7.0|Windows 10|ie 11.0 for desktop|1680x1050,Trident/7.0,Windows 10,ie 11.0 for desktop,1680x1050
Moto Z2 Play Build/NPSS26.118-19-6|UNK|chrome 62.0 for android|UNK,Moto Z2 Play Build/NPSS26.118-19-6,,chrome 62.0 for android,
rv:56.0|Mac OS X 10.13|firefox 56.0|1366x768,rv:56.0,Mac OS X 10.13,firefox 56.0,1366x768
MacOS|Mac OS X 10_11_6|safari generic|1920x1200,MacOS,Mac OS X 10_11_6,safari generic,1920x1200
Moto G (4) Build/NPJ25.93-14.5|UNK|chrome generic|UNK,Moto G (4) Build/NPJ25.93-14.5,,chrome generic,
Z981 Build/MMB29M|Android 6.0.1|chrome 62.0 for android|1920x1080,Z981 Build/MMB29M,Android 6.0.1,chrome 62.0 for android,1920x1080
iOS Device|iOS 10.2.1|mobile safari 10.0|2208x1242,iOS Device,iOS 10.2.1,mobile safari 10.0,2208x1242
MacOS|Mac OS X 10_12_5|chrome 62.0|1440x900,MacOS,Mac OS X 10_12_5,chrome 62.0,1440x900
SM-T710 Build/NRD90M|UNK|chrome 62.0 for android|UNK,SM-T710 Build/NRD90M,,chrome 62.0 for android,
MacOS|Mac OS X 10_10_5|safari generic|2560x1440,MacOS,Mac OS X 10_10_5,safari generic,2560x1440
SM-T700 Build/MMB29K|UNK|chrome 62.0 for android|UNK,SM-T700 Build/MMB29K,,chrome 62.0 for android,
ONE TOUCH 4033A Build/JDQ39|UNK|chrome 62.0 for android|UNK,ONE TOUCH 4033A Build/JDQ39,,chrome 62.0 for android,
MacOS|Mac OS X 10_10_5|chrome 61.0|1366x768,MacOS,Mac OS X 10_10_5,chrome 61.0,1366x768
SM-J700M Build/LMY48B|UNK|chrome 60.0 for android|UNK,SM-J700M Build/LMY48B,,chrome 60.0 for android,
F5121 Build/34.3.A.0.228|UNK|chrome 62.0 for android|UNK,F5121 Build/34.3.A.0.228,,chrome 62.0 for android,
UNK|Android|chrome 61.0|1280x720,,Android,chrome 61.0,1280x720
MacOS|Mac OS X 10_8_5|chrome 49.0|1280x800,MacOS,Mac OS X 10_8_5,chrome 49.0,1280x800
WAS-LX3 Build/HUAWEIWAS-LX3|UNK|chrome 62.0 for android|UNK,WAS-LX3 Build/HUAWEIWAS-LX3,,chrome 62.0 for android,
MacOS|Mac OS X 10_13_1|chrome 62.0|1440x900,MacOS,Mac OS X 10_13_1,chrome 62.0,1440x900
R8106|UNK|chrome 62.0 for android|UNK,R8106,,chrome 62.0 for android,
iOS Device|iOS 11.0.1|mobile safari 11.0|2732x2048,iOS Device,iOS 11.0.1,mobile safari 11.0,2732x2048
MacOS|Mac OS X 10_9_5|safari generic|1440x900,MacOS,Mac OS X 10_9_5,safari generic,1440x900
MotoG3 Build/MPIS24.65-33.1-2-16|UNK|chrome 62.0 for android|UNK,MotoG3 Build/MPIS24.65-33.1-2-16,,chrome 62.0 for android,
SM-G925I Build/MMB29K|UNK|chrome 62.0 for android|UNK,SM-G925I Build/MMB29K,,chrome 62.0 for android,
HUAWEI VNS-L53 Build/HUAWEIVNS-L53|UNK|chrome 62.0 for android|UNK,HUAWEI VNS-L53 Build/HUAWEIVNS-L53,,chrome 62.0 for android,
MacOS|Mac OS X 10_11_6|chrome 61.0|2880x1800,MacOS,Mac OS X 10_11_6,chrome 61.0,2880x1800
iOS Device|iOS 10.3.3|mobile safari 10.0|2001x1125,iOS Device,iOS 10.3.3,mobile safari 10.0,2001x1125
iOS Device|iOS 11.0.2|mobile safari 11.0|2208x1242,iOS Device,iOS 11.0.2,mobile safari 11.0,2208x1242
Blade V6 Build/LRX22G|UNK|chrome 62.0 for android|UNK,Blade V6 Build/LRX22G,,chrome 62.0 for android,
SM-T113NU Build/KTU84P|UNK|chrome 62.0 for android|UNK,SM-T113NU Build/KTU84P,,chrome 62.0 for android,
SAMSUNG SM-G530H Build/LRX22G|UNK|other|UNK,SAMSUNG SM-G530H Build/LRX22G,,other,
SM-J510MN Build/MMB29M|UNK|chrome 62.0 for android|UNK,SM-J510MN Build/MMB29M,,chrome 62.0 for android,
SM-G950F Build/NRD90M|UNK|chrome 62.0 for android|UNK,SM-G950F Build/NRD90M,,chrome 62.0 for android,
iOS Device|iOS 11.1.0|mobile safari 11.0|1334x750,iOS Device,iOS 11.1.0,mobile safari 11.0,1334x750
SAMSUNG SM-J700M Build/MMB29K|UNK|samsung browser 6.2|UNK,SAMSUNG SM-J700M Build/MMB29K,,samsung browser 6.2,
MacOS|Mac OS X 10_12_6|safari generic|5120x2880,MacOS,Mac OS X 10_12_6,safari generic,5120x2880
SM-G570M Build/MMB29K|UNK|chrome 62.0 for android|UNK,SM-G570M Build/MMB29K,,chrome 62.0 for android,
SAMSUNG-SM-G891A Build/NRD90M|Android 7.0|chrome 62.0 for android|UNK,SAMSUNG-SM-G891A Build/NRD90M,Android 7.0,chrome 62.0 for android,
iOS Device|iOS 9.3.5|mobile safari 9.0|2208x1242,iOS Device,iOS 9.3.5,mobile safari 9.0,2208x1242
Windows|Windows Vista|firefox 52.0|1280x800,Windows,Windows Vista,firefox 52.0,1280x800
SM-G531H Build/LMY48B|UNK|chrome 62.0 for android|UNK,SM-G531H Build/LMY48B,,chrome 62.0 for android,
SM-J500M Build/LMY48B|UNK|chrome 62.0 for android|UNK,SM-J500M Build/LMY48B,,chrome 62.0 for android,
XT1032 Build/LPBS23.13-56-2|UNK|chrome 54.0 for android|UNK,XT1032 Build/LPBS23.13-56-2,,chrome 54.0 for android,
SM-J727U Build/NRD90M|UNK|chrome 58.0 for android|UNK,SM-J727U Build/NRD90M,,chrome 58.0 for android,
LGLS676 Build/MXB48T|Android 6.0.1|chrome 62.0 for android|1280x720,LGLS676 Build/MXB48T,Android 6.0.1,chrome 62.0 for android,1280x720
iOS Device|iOS 10.0.2|mobile safari 10.0|1136x640,iOS Device,iOS 10.0.2,mobile safari 10.0,1136x640
MacOS|Mac OS X 10_13_1|safari generic|1152x720,MacOS,Mac OS X 10_13_1,safari generic,1152x720
MacOS|Mac OS X 10_10_5|chrome 62.0|1280x800,MacOS,Mac OS X 10_10_5,chrome 62.0,1280x800
TA-1003|UNK|chrome 62.0 for android|UNK,TA-1003,,chrome 62.0 for android,
iOS Device|iOS 11.0.2|mobile safari 11.0|1136x640,iOS Device,iOS 11.0.2,mobile safari 11.0,1136x640
SM-G900V Build/MMB29M|Android 6.0.1|chrome 62.0 for android|1920x1080,SM-G900V Build/MMB29M,Android 6.0.1,chrome 62.0 for android,1920x1080
UNK|Linux|chrome 60.0|1366x768,,Linux,chrome 60.0,1366x768
SM-G955U Build/NRD90M|Android 7.0|chrome 62.0 for android|2220x1080,SM-G955U Build/NRD90M,Android 7.0,chrome 62.0 for android,2220x1080
iOS Device|iOS 11.0.1|mobile safari uiwebview|2048x1536,iOS Device,iOS 11.0.1,mobile safari uiwebview,2048x1536
VK810|Android 5.0.2|chrome 62.0 for android|1920x1200,VK810,Android 5.0.2,chrome 62.0 for android,1920x1200
MacOS|Mac OS X 10_11_6|safari generic|2560x1600,MacOS,Mac OS X 10_11_6,safari generic,2560x1600
Windows|Windows 7|firefox 57.0|1366x768,Windows,Windows 7,firefox 57.0,1366x768
KFASWI Build/LVY48F|Android 5.1.1|chrome generic|UNK,KFASWI Build/LVY48F,Android 5.1.1,chrome generic,
iOS Device|iOS 10.2.0|mobile safari 10.0|2048x1536,iOS Device,iOS 10.2.0,mobile safari 10.0,2048x1536
SM-J320M Build/LMY47V|UNK|chrome 62.0 for android|UNK,SM-J320M Build/LMY47V,,chrome 62.0 for android,
MacOS|Mac OS X 10_13_1|chrome 62.0|2880x1800,MacOS,Mac OS X 10_13_1,chrome 62.0,2880x1800
MacOS|Mac OS X 10_13_1|chrome 62.0|5120x2880,MacOS,Mac OS X 10_13_1,chrome 62.0,5120x2880
rv:52.0|Windows Vista|firefox 52.0|1920x1080,rv:52.0,Windows Vista,firefox 52.0,1920x1080
Trident/7.0|Windows 10|ie 11.0 for desktop|3440x1440,Trident/7.0,Windows 10,ie 11.0 for desktop,3440x1440
rv:57.0|Windows 10|firefox|1366x768,rv:57.0,Windows 10,firefox,1366x768
MacOS|Mac OS X 10_12_6|safari generic|4096x2304,MacOS,Mac OS X 10_12_6,safari generic,4096x2304
SM-J120H Build/LMY47V|UNK|chrome generic|UNK,SM-J120H Build/LMY47V,,chrome generic,
Windows|Windows 10|chrome 62.0|1280x1025,Windows,Windows 10,chrome 62.0,1280x1025
Windows|Windows 8.1|ie 11.0 for desktop|1600x900,Windows,Windows 8.1,ie 11.0 for desktop,1600x900
Windows|Windows 7|chrome 62.0|2560x1440,Windows,Windows 7,chrome 62.0,2560x1440
Windows|Windows 10|chrome 62.0|1280x720,Windows,Windows 10,chrome 62.0,1280x720
MacOS|Mac OS X 10_13_1|safari generic|5120x2880,MacOS,Mac OS X 10_13_1,safari generic,5120x2880
Windows|Windows 10|chrome|1600x900,Windows,Windows 10,chrome,1600x900
SM-N950U Build/NMF26X|Android 7.1.1|chrome 62.0 for android|UNK,SM-N950U Build/NMF26X,Android 7.1.1,chrome 62.0 for android,
MacOS|Mac OS X 10_11_6|chrome 62.0|1440x900,MacOS,Mac OS X 10_11_6,chrome 62.0,1440x900
MacOS|Mac OS X 10_13_1|safari generic|3360x2100,MacOS,Mac OS X 10_13_1,safari generic,3360x2100
Windows|Windows 8.1|chrome 62.0|2304x1296,Windows,Windows 8.1,chrome 62.0,2304x1296
iOS Device|iOS 11.0.3|chrome 62.0 for ios|2048x1536,iOS Device,iOS 11.0.3,chrome 62.0 for ios,2048x1536
LG-D693n Build/LRX22G|UNK|chrome 60.0 for android|UNK,LG-D693n Build/LRX22G,,chrome 60.0 for android,
Windows|Windows XP|firefox 52.0|1152x864,Windows,Windows XP,firefox 52.0,1152x864
HUAWEI RIO-L03 Build/HUAWEIRIO-L03|UNK|chrome 62.0 for android|UNK,HUAWEI RIO-L03 Build/HUAWEIRIO-L03,,chrome 62.0 for android,
Windows|Windows 10|firefox 52.0|1920x1080,Windows,Windows 10,firefox 52.0,1920x1080
Windows|Windows XP|chrome 49.0|1024x768,Windows,Windows XP,chrome 49.0,1024x768
iOS Device|iOS 10.3.3|mobile safari generic|2048x1536,iOS Device,iOS 10.3.3,mobile safari generic,2048x1536
iOS Device|iOS|mobile safari 8.0|1024x768,iOS Device,iOS,mobile safari 8.0,1024x768
MacOS|Mac OS X 10_11_6|safari generic|1920x1080,MacOS,Mac OS X 10_11_6,safari generic,1920x1080
MacOS|Mac OS X 10_13_1|safari generic|2880x1800,MacOS,Mac OS X 10_13_1,safari generic,2880x1800
SAMSUNG SM-G930A Build/NRD90M|Android 7.0|samsung browser 6.2|2560x1440,SAMSUNG SM-G930A Build/NRD90M,Android 7.0,samsung browser 6.2,2560x1440
5012G Build/MRA58K|UNK|chrome 55.0 for android|UNK,5012G Build/MRA58K,,chrome 55.0 for android,
MacOS|Mac OS X 10_13_1|safari generic|1280x800,MacOS,Mac OS X 10_13_1,safari generic,1280x800
rv:52.0|Windows 10|firefox|2560x1440,rv:52.0,Windows 10,firefox,2560x1440
BLL-L23 Build/HUAWEIBLL-L23|UNK|chrome 60.0 for android|UNK,BLL-L23 Build/HUAWEIBLL-L23,,chrome 60.0 for android,
rv:57.0|Windows 10|firefox|1280x768,rv:57.0,Windows 10,firefox,1280x768
Windows|Windows 7|firefox 57.0|1600x900,Windows,Windows 7,firefox 57.0,1600x900
UNK|Linux|chrome 61.0|1366x768,,Linux,chrome 61.0,1366x768
iOS Device|iOS 10.3.3|mobile safari generic|1334x750,iOS Device,iOS 10.3.3,mobile safari generic,1334x750
SM-P350 Build/MMB29M|UNK|chrome 62.0 for android|UNK,SM-P350 Build/MMB29M,,chrome 62.0 for android,
MacOS|Mac OS X 10_12_6|chrome 62.0|1440x900,MacOS,Mac OS X 10_12_6,chrome 62.0,1440x900
SM-G610M Build/MMB29K|UNK|chrome 62.0 for android|UNK,SM-G610M Build/MMB29K,,chrome 62.0 for android,
Trident/7.0|Windows 7|ie 11.0 for desktop|1280x720,Trident/7.0,Windows 7,ie 11.0 for desktop,1280x720
MacOS|Mac OS X 10_12_6|safari generic|2880x1800,MacOS,Mac OS X 10_12_6,safari generic,2880x1800
MacOS|Mac OS X 10_11_6|safari generic|1366x768,MacOS,Mac OS X 10_11_6,safari generic,1366x768
MacOS|Mac OS X 10_10_5|safari generic|1680x1050,MacOS,Mac OS X 10_10_5,safari generic,1680x1050
MacOS|Mac OS X 10_12_6|safari generic|1280x800,MacOS,Mac OS X 10_12_6,safari generic,1280x800
SM-A300H Build/LRX22G|UNK|chrome 62.0 for android|UNK,SM-A300H Build/LRX22G,,chrome 62.0 for android,
Windows|Windows 7|UNK|1600x900,Windows,Windows 7,,1600x900
Moto|Android 7.0|chrome generic|1920x1080,Moto,Android 7.0,chrome generic,1920x1080
iOS Device|iOS 10.3.3|mobile safari generic|1136x640,iOS Device,iOS 10.3.3,mobile safari generic,1136x640
UNK|Linux|chrome 60.0|UNK,,Linux,chrome 60.0,
Windows|Windows Vista|ie|1280x720,Windows,Windows Vista,ie,1280x720
Windows|Windows 8.1|chrome 62.0|1440x900,Windows,Windows 8.1,chrome 62.0,1440x900
Trident/7.0|Windows 10|ie 11.0 for tablet|3200x1800,Trident/7.0,Windows 10,ie 11.0 for tablet,3200x1800
iOS Device|iOS 11.2.0|mobile safari 11.0|2048x1536,iOS Device,iOS 11.2.0,mobile safari 11.0,2048x1536
Windows|Windows 10|firefox generic|1920x1080,Windows,Windows 10,firefox generic,1920x1080
iOS Device|iOS 10.3.1|mobile safari generic|1334x750,iOS Device,iOS 10.3.1,mobile safari generic,1334x750
rv:48.0|Mac OS X 10.6|firefox 48.0|1440x900,rv:48.0,Mac OS X 10.6,firefox 48.0,1440x900
SM-G925V Build/NRD90M|Android 7.0|chrome 62.0 for android|2560x1440,SM-G925V Build/NRD90M,Android 7.0,chrome 62.0 for android,2560x1440
rv:56.0|Mac OS X 10.12|firefox 56.0|1920x1080,rv:56.0,Mac OS X 10.12,firefox 56.0,1920x1080
SAMSUNG SM-N910A Build/MMB29M|Android 6.0.1|samsung browser 6.2|2560x1440,SAMSUNG SM-N910A Build/MMB29M,Android 6.0.1,samsung browser 6.2,2560x1440
iOS Device|iOS|mobile safari 9.0|1136x640,iOS Device,iOS,mobile safari 9.0,1136x640
Windows|Windows 10|chrome 62.0|2112x1188,Windows,Windows 10,chrome 62.0,2112x1188
MacOS|Mac OS X 10_12_6|chrome 62.0|2560x1600,MacOS,Mac OS X 10_12_6,chrome 62.0,2560x1600
MacOS|Mac OS X 10_11_6|chrome 61.0|1366x768,MacOS,Mac OS X 10_11_6,chrome 61.0,1366x768
iOS Device|iOS|mobile safari 8.0|2048x1536,iOS Device,iOS,mobile safari 8.0,2048x1536
rv:57.0|Mac OS X 10.13|firefox 57.0|2560x1600,rv:57.0,Mac OS X 10.13,firefox 57.0,2560x1600
iOS Device|iOS 10.3.2|mobile safari 10.0|1334x750,iOS Device,iOS 10.3.2,mobile safari 10.0,1334x750
UNK|Linux|chrome 56.0|1280x720,,Linux,chrome 56.0,1280x720
iOS Device|iOS 11.2.0|mobile safari 11.0|2436x1125,iOS Device,iOS 11.2.0,mobile safari 11.0,2436x1125
SM-G532M Build/MMB29T|UNK|chrome 60.0 for android|UNK,SM-G532M Build/MMB29T,,chrome 60.0 for android,
Windows|Windows 10|chrome 62.0|2736x1824,Windows,Windows 10,chrome 62.0,2736x1824
Windows|Windows XP|firefox 52.0|1280x800,Windows,Windows XP,firefox 52.0,1280x800
Windows|Windows 10|opera 49.0|1366x768,Windows,Windows 10,opera 49.0,1366x768
iOS Device|iOS 11.2.0|mobile safari 11.0|2224x1668,iOS Device,iOS 11.2.0,mobile safari 11.0,2224x1668
5080A Build/MRA58K|UNK|chrome 62.0 for android|UNK,5080A Build/MRA58K,,chrome 62.0 for android,
XT1254 Build/MCG24.251-5-5|Android 6.0.1|chrome 62.0 for android|2560x1440,XT1254 Build/MCG24.251-5-5,Android 6.0.1,chrome 62.0 for android,2560x1440
Windows|Windows 10|edge 13.0|2160x1440,Windows,Windows 10,edge 13.0,2160x1440
iOS Device|iOS 11.0.3|mobile safari 11.0|2001x1125,iOS Device,iOS 11.0.3,mobile safari 11.0,2001x1125
KFGIWI Build/LVY48F|Android 5.1.1|chrome generic|UNK,KFGIWI Build/LVY48F,Android 5.1.1,chrome generic,
iOS Device|iOS 10.3.1|mobile safari 10.0|1334x750,iOS Device,iOS 10.3.1,mobile safari 10.0,1334x750
Windows|Windows 10|chrome 62.0|2400x1350,Windows,Windows 10,chrome 62.0,2400x1350
MacOS|Mac OS X 10_12_5|safari generic|2880x1800,MacOS,Mac OS X 10_12_5,safari generic,2880x1800
Windows|Windows 10|firefox 57.0|1440x900,Windows,Windows 10,firefox 57.0,1440x900
rv:57.0|Mac OS X 10.13|firefox 57.0|1440x900,rv:57.0,Mac OS X 10.13,firefox 57.0,1440x900
Windows|Windows 10|chrome 62.0|2560x1440,Windows,Windows 10,chrome 62.0,2560x1440
Trident/7.0|Windows 10|ie 11.0 for desktop|1366x768,Trident/7.0,Windows 10,ie 11.0 for desktop,1366x768
iOS Device|iOS 11.2.0|mobile safari 11.0|1334x750,iOS Device,iOS 11.2.0,mobile safari 11.0,1334x750
LG-D331 Build/LRX22G|UNK|chrome 60.0 for android|UNK,LG-D331 Build/LRX22G,,chrome 60.0 for android,
MacOS|Mac OS X 10_11_6|other|1152x720,MacOS,Mac OS X 10_11_6,other,1152x720
iOS Device|iOS 11.0.2|mobile safari 11.0|1334x750,iOS Device,iOS 11.0.2,mobile safari 11.0,1334x750
Windows|Windows 8|chrome 62.0|UNK,Windows,Windows 8,chrome 62.0,
SM-G930V Build/NRD90M|Android 7.0|chrome 62.0 for android|2560x1440,SM-G930V Build/NRD90M,Android 7.0,chrome 62.0 for android,2560x1440
rv:57.0|Android 7.0|Generic/Android 7.0|1920x1080,rv:57.0,Android 7.0,Generic/Android 7.0,1920x1080
rv:48.0|Mac|firefox 48.0|1280x800,rv:48.0,Mac,firefox 48.0,1280x800
MacOS|Mac OS X 10_9_5|chrome 61.0|1440x900,MacOS,Mac OS X 10_9_5,chrome 61.0,1440x900
UNK|Linux|chrome 60.0|1920x1080,,Linux,chrome 60.0,1920x1080
SM-G950U1 Build/NRD90M|Android 7.0|chrome 62.0 for android|2220x1080,SM-G950U1 Build/NRD90M,Android 7.0,chrome 62.0 for android,2220x1080
MacOS|Mac OS X 10_6_8|chrome 49.0|1280x800,MacOS,Mac OS X 10_6_8,chrome 49.0,1280x800
Pixel|UNK|chrome 62.0 for android|UNK,Pixel,,chrome 62.0 for android,
MacOS|Mac|chrome 62.0|1280x800,MacOS,Mac,chrome 62.0,1280x800
iOS Device|iOS|mobile safari generic|2048x1536,iOS Device,iOS,mobile safari generic,2048x1536
iOS Device|iOS 11.0.1|mobile safari 11.0|2048x1536,iOS Device,iOS 11.0.1,mobile safari 11.0,2048x1536
Windows|Windows 8.1|firefox 57.0|1366x768,Windows,Windows 8.1,firefox 57.0,1366x768
Windows|Windows XP|firefox 52.0|1280x1024,Windows,Windows XP,firefox 52.0,1280x1024
Windows|Windows 10|firefox 57.0|1024x768,Windows,Windows 10,firefox 57.0,1024x768
Windows|Windows 10|chrome 62.0|2000x1125,Windows,Windows 10,chrome 62.0,2000x1125
SM-J700M Build/LMY48B|UNK|chrome 62.0 for android|UNK,SM-J700M Build/LMY48B,,chrome 62.0 for android,
iOS Device|iOS|mobile safari 9.0|1334x750,iOS Device,iOS,mobile safari 9.0,1334x750
SM-G900T Build/MMB29M|Android 6.0.1|chrome 62.0 for android|1920x1080,SM-G900T Build/MMB29M,Android 6.0.1,chrome 62.0 for android,1920x1080
E5606 Build/30.2.A.1.21|UNK|chrome 62.0 for android|UNK,E5606 Build/30.2.A.1.21,,chrome 62.0 for android,
Windows|Windows 10|chrome 62.0|2560x1600,Windows,Windows 10,chrome 62.0,2560x1600
MacOS|Mac OS X 10_11_4|safari generic|1600x1000,MacOS,Mac OS X 10_11_4,safari generic,1600x1000
MacOS|Mac OS X 10_7_5|chrome 49.0|1440x900,MacOS,Mac OS X 10_7_5,chrome 49.0,1440x900
Moto Z2 Play Build/NPS26.74-16-1|UNK|chrome 56.0 for android|UNK,Moto Z2 Play Build/NPS26.74-16-1,,chrome 56.0 for android,
MacOS|Mac OS X 10_11_6|chrome 61.0|1920x1080,MacOS,Mac OS X 10_11_6,chrome 61.0,1920x1080
Z410|UNK|chrome 62.0 for android|UNK,Z410,,chrome 62.0 for android,
UNK|UNK|mobile|UNK,,,mobile,
rv:56.0|Mac OS X 10.10|firefox 56.0|1280x800,rv:56.0,Mac OS X 10.10,firefox 56.0,1280x800
MacOS|Mac OS X 10_12_6|chrome 61.0|2880x1800,MacOS,Mac OS X 10_12_6,chrome 61.0,2880x1800
LG-H500 Build/LRX21Y|UNK|chrome 59.0 for android|UNK,LG-H500 Build/LRX21Y,,chrome 59.0 for android,
MacOS|Mac OS X 10_13_1|chrome 61.0|1440x900,MacOS,Mac OS X 10_13_1,chrome 61.0,1440x900
HUAWEI TAG-L13 Build/HUAWEITAG-L13|UNK|chrome 62.0 for android|UNK,HUAWEI TAG-L13 Build/HUAWEITAG-L13,,chrome 62.0 for android,
UNK|Android|chrome 62.0|1366x768,,Android,chrome 62.0,1366x768
P4526A Build/NRD90M|UNK|chrome 58.0 for android|UNK,P4526A Build/NRD90M,,chrome 58.0 for android,
iOS Device|iOS 10.0.2|mobile safari 10.0|1334x750,iOS Device,iOS 10.0.2,mobile safari 10.0,1334x750
iOS Device|iOS|mobile safari generic|2208x1242,iOS Device,iOS,mobile safari generic,2208x1242
SM-G900F Build/MMB29M|UNK|chrome 62.0 for android|UNK,SM-G900F Build/MMB29M,,chrome 62.0 for android,
Moto G (4) Build/NPJ25.93-14.7|UNK|chrome generic|UNK,Moto G (4) Build/NPJ25.93-14.7,,chrome generic,
MacOS|Mac OS X 10_12_1|chrome 62.0|1280x720,MacOS,Mac OS X 10_12_1,chrome 62.0,1280x720
SM-A510M Build/NRD90M|UNK|chrome 62.0 for android|UNK,SM-A510M Build/NRD90M,,chrome 62.0 for android,
rv:57.0|Mac OS X 10.11|firefox 57.0|1280x800,rv:57.0,Mac OS X 10.11,firefox 57.0,1280x800
XT1565|Android 6.0.1|chrome 62.0 for android|1920x1080,XT1565,Android 6.0.1,chrome 62.0 for android,1920x1080
Blade V6 Max Build/MRA58K|UNK|chrome 62.0 for android|UNK,Blade V6 Max Build/MRA58K,,chrome 62.0 for android,
SM-G930V Build/NRD90M|Android 7.0|chrome 62.0 for android|UNK,SM-G930V Build/NRD90M,Android 7.0,chrome 62.0 for android,
iOS Device|iOS 11.1.2|mobile safari 11.0|2224x1668,iOS Device,iOS 11.1.2,mobile safari 11.0,2224x1668
MacOS|Mac OS X 10_12_6|safari generic|2560x1440,MacOS,Mac OS X 10_12_6,safari generic,2560x1440
iOS Device|iOS 10.3.3|mobile safari generic|2001x1125,iOS Device,iOS 10.3.3,mobile safari generic,2001x1125
MacOS|Mac OS X 10_9_5|chrome 62.0|1280x800,MacOS,Mac OS X 10_9_5,chrome 62.0,1280x800
UNK|Linux|chrome 59.0|1920x1080,,Linux,chrome 59.0,1920x1080
MacOS|Mac OS X 10_12_5|safari generic|1440x900,MacOS,Mac OS X 10_12_5,safari generic,1440x900
F3213 Build/36.1.A.1.86|UNK|chrome 62.0 for android|UNK,F3213 Build/36.1.A.1.86,,chrome 62.0 for android,
REX|UNK|chrome 61.0 for android|UNK,REX,,chrome 61.0 for android,
SM-G532M Build/MMB29T|UNK|Samsung/SM-G532M|UNK,SM-G532M Build/MMB29T,,Samsung/SM-G532M,
iOS Device|iOS 9.3.5|chrome 62.0 for ios|1024x768,iOS Device,iOS 9.3.5,chrome 62.0 for ios,1024x768
Pixel Build/OPR3.170623.013|Android 8.0.0|UNK|UNK,Pixel Build/OPR3.170623.013,Android 8.0.0,,
Moto G Play Build/MPIS24.241-15.3-26|UNK|chrome 61.0 for android|UNK,Moto G Play Build/MPIS24.241-15.3-26,,chrome 61.0 for android,
Windows|Windows 10|chrome 62.0|3200x1800,Windows,Windows 10,chrome 62.0,3200x1800
XT1585 Build/NCK25.118-10.5|Android 7.0|chrome 62.0 for android|2560x1440,XT1585 Build/NCK25.118-10.5,Android 7.0,chrome 62.0 for android,2560x1440
Windows|Windows 10|edge 14.0|2736x1824,Windows,Windows 10,edge 14.0,2736x1824
MotoG3-TE|UNK|chrome 62.0 for android|UNK,MotoG3-TE,,chrome 62.0 for android,
Ilium LT510 Build/MRA58K|UNK|chrome 60.0 for android|UNK,Ilium LT510 Build/MRA58K,,chrome 60.0 for android,
SAMSUNG-SM-G870A Build/MMB29M|Android 6.0.1|chrome 62.0 for android|1920x1080,SAMSUNG-SM-G870A Build/MMB29M,Android 6.0.1,chrome 62.0 for android,1920x1080
SM-A500M Build/KTU84P|UNK|chrome 62.0 for android|UNK,SM-A500M Build/KTU84P,,chrome 62.0 for android,
HTC|Android|chrome 50.0 for android|1280x720,HTC,Android,chrome 50.0 for android,1280x720
iOS Device|iOS 10.2.1|mobile safari 10.0|1136x640,iOS Device,iOS 10.2.1,mobile safari 10.0,1136x640
MacOS|Mac OS X 10_13_1|chrome 62.0|1920x1080,MacOS,Mac OS X 10_13_1,chrome 62.0,1920x1080
SAMSUNG SM-G950F Build/NRD90M|UNK|samsung browser 6.2|UNK,SAMSUNG SM-G950F Build/NRD90M,,samsung browser 6.2,
iOS Device|iOS 11.1.2|chrome 62.0 for ios|2732x2048,iOS Device,iOS 11.1.2,chrome 62.0 for ios,2732x2048
rv:57.0|Mac OS X 10.12|firefox 57.0|2560x1600,rv:57.0,Mac OS X 10.12,firefox 57.0,2560x1600
LG-X240 Build/MRA58K|UNK|chrome 62.0 for android|UNK,LG-X240 Build/MRA58K,,chrome 62.0 for android,
MacOS|Mac OS X 10_12_6|chrome 62.0|3360x2100,MacOS,Mac OS X 10_12_6,chrome 62.0,3360x2100
rv:48.0|Mac OS X 10.12|firefox 48.0|1440x900,rv:48.0,Mac OS X 10.12,firefox 48.0,1440x900
KFAUWI Build/LVY48F|Android 5.1.1|chrome generic|1024x600,KFAUWI Build/LVY48F,Android 5.1.1,chrome generic,1024x600
iOS Device|iOS 10.1.1|mobile safari 10.0|1334x750,iOS Device,iOS 10.1.1,mobile safari 10.0,1334x750
MacOS|Mac OS X 10_11_5|safari generic|2560x1600,MacOS,Mac OS X 10_11_5,safari generic,2560x1600
MacOS|Mac OS X 10_13_1|safari generic|3200x1800,MacOS,Mac OS X 10_13_1,safari generic,3200x1800
LG-K428 Build/MMB29M|Android 6.0.1|chrome 59.0 for android|1280x720,LG-K428 Build/MMB29M,Android 6.0.1,chrome 59.0 for android,1280x720
SAMSUNG SM-T580 Build/NRD90M|Android 7.0|samsung browser 6.2|1920x1200,SAMSUNG SM-T580 Build/NRD90M,Android 7.0,samsung browser 6.2,1920x1200
iOS Device|iOS 11.2.0|mobile safari 11.0|1136x640,iOS Device,iOS 11.2.0,mobile safari 11.0,1136x640
Windows|Windows 10|edge 13.0|UNK,Windows,Windows 10,edge 13.0,
SM-G531H Build/LMY48B|UNK|chrome 61.0 for android|UNK,SM-G531H Build/LMY48B,,chrome 61.0 for android,
Edison|UNK|chrome 62.0 for android|UNK,Edison,,chrome 62.0 for android,
UNK|Linux|chrome 62.0|2562x1442,,Linux,chrome 62.0,2562x1442
iOS Device|iOS 11.1.1|mobile safari generic|1136x640,iOS Device,iOS 11.1.1,mobile safari generic,1136x640
rv:57.0|Windows 7|firefox 57.0|1600x900,rv:57.0,Windows 7,firefox 57.0,1600x900
iOS Device|iOS|mobile safari 10.0|1334x750,iOS Device,iOS,mobile safari 10.0,1334x750
MacOS|Mac OS X 10_12_6|chrome 61.0|UNK,MacOS,Mac OS X 10_12_6,chrome 61.0,
Hisense F20 Build/MMB29M|UNK|chrome 62.0 for android|UNK,Hisense F20 Build/MMB29M,,chrome 62.0 for android,
SM-J327V Build/NRD90M|Android 7.0|chrome 62.0 for android|1280x720,SM-J327V Build/NRD90M,Android 7.0,chrome 62.0 for android,1280x720
iOS Device|iOS 11.0.3|mobile safari generic|2208x1242,iOS Device,iOS 11.0.3,mobile safari generic,2208x1242
LGLS775 Build/NRD90U|Android 7.0|chrome 61.0 for android|1280x720,LGLS775 Build/NRD90U,Android 7.0,chrome 61.0 for android,1280x720
MacOS|Mac OS X 10_12_5|safari generic|1280x800,MacOS,Mac OS X 10_12_5,safari generic,1280x800
Windows|Windows 8.1|chrome 62.0|UNK,Windows,Windows 8.1,chrome 62.0,
SM-A710M Build/LMY47X|UNK|chrome 60.0 for android|UNK,SM-A710M Build/LMY47X,,chrome 60.0 for android,
MacOS|Mac OS X 10_12_1|chrome 62.0|2560x1600,MacOS,Mac OS X 10_12_1,chrome 62.0,2560x1600
iOS Device|iOS 11.0.0|mobile safari 11.0|2048x1536,iOS Device,iOS 11.0.0,mobile safari 11.0,2048x1536
iOS Device|iOS 11.2.0|mobile safari generic|2208x1242,iOS Device,iOS 11.2.0,mobile safari generic,2208x1242
LG-LS777 Build/NRD90U|Android 7.0|chrome 62.0 for android|1280x720,LG-LS777 Build/NRD90U,Android 7.0,chrome 62.0 for android,1280x720
Windows|Windows 7|ie 11.0 for desktop|UNK,Windows,Windows 7,ie 11.0 for desktop,
rv:57.0|Mac OS X 10.10|firefox 57.0|1680x1050,rv:57.0,Mac OS X 10.10,firefox 57.0,1680x1050
Windows|Windows 10|chrome 62.0|2560x1080,Windows,Windows 10,chrome 62.0,2560x1080
LG-H320 Build/LRX21Y|UNK|chrome 51.0 for android|UNK,LG-H320 Build/LRX21Y,,chrome 51.0 for android,
Windows|Windows 8.1|ie 11.0 for desktop|UNK,Windows,Windows 8.1,ie 11.0 for desktop,
Windows|Windows 10|chrome 60.0|1920x1080,Windows,Windows 10,chrome 60.0,1920x1080
QTASUN1 Build/NRD90M|Android 7.0|chrome 56.0 for android|1920x1200,QTASUN1 Build/NRD90M,Android 7.0,chrome 56.0 for android,1920x1200
SM-J730G Build/NRD90M|UNK|chrome 62.0 for android|UNK,SM-J730G Build/NRD90M,,chrome 62.0 for android,
rv:58.0|UNK|firefox generic|UNK,rv:58.0,,firefox generic,
HTC 10 Build/NRD90M|Android 7.0|chrome 62.0 for android|2560x1440,HTC 10 Build/NRD90M,Android 7.0,chrome 62.0 for android,2560x1440
rv:57.0|Mac OS X 10.12|firefox 57.0|2880x1800,rv:57.0,Mac OS X 10.12,firefox 57.0,2880x1800
XT1063|UNK|chrome 62.0 for android|UNK,XT1063,,chrome 62.0 for android,
iOS Device|iOS 11.1.2|chrome 62.0 for ios|2224x1668,iOS Device,iOS 11.1.2,chrome 62.0 for ios,2224x1668
VS995 Build/NRD90M|Android 7.0|chrome 62.0 for android|2560x1440,VS995 Build/NRD90M,Android 7.0,chrome 62.0 for android,2560x1440
MacOS|Mac OS X 10_11_3|chrome 63.0|1600x900,MacOS,Mac OS X 10_11_3,chrome 63.0,1600x900
SM-G550T Build/MMB29K|Android 6.0.1|chrome 59.0 for android|1280x720,SM-G550T Build/MMB29K,Android 6.0.1,chrome 59.0 for android,1280x720
SAMSUNG SM-G930P Build/NRD90M|Android 7.0|samsung browser 6.2|1920x1080,SAMSUNG SM-G930P Build/NRD90M,Android 7.0,samsung browser 6.2,1920x1080
MacOS|Mac|safari generic|1680x1050,MacOS,Mac,safari generic,1680x1050
LG-K530 Build/MMB29M|UNK|chrome 62.0 for android|UNK,LG-K530 Build/MMB29M,,chrome 62.0 for android,
SAMSUNG SM-J701M Build/NRD90M|UNK|samsung browser 6.2|UNK,SAMSUNG SM-J701M Build/NRD90M,,samsung browser 6.2,
MacOS|Mac OS X 10_10_5|chrome 62.0|1440x900,MacOS,Mac OS X 10_10_5,chrome 62.0,1440x900
SAMSUNG SM-T587P Build/NRD90M|Android 7.0|samsung browser 6.2|1920x1200,SAMSUNG SM-T587P Build/NRD90M,Android 7.0,samsung browser 6.2,1920x1200
rv:57.0|Mac OS X 10.10|firefox 57.0|1280x800,rv:57.0,Mac OS X 10.10,firefox 57.0,1280x800
Windows|Windows 10|chrome 62.0|2048x1152,Windows,Windows 10,chrome 62.0,2048x1152
SM-T530NU Build/LRX22G|Android 5.0.2|chrome 62.0 for android|1280x800,SM-T530NU Build/LRX22G,Android 5.0.2,chrome 62.0 for android,1280x800
SM-S920L|Android 5.0.2|chrome 62.0 for android|960x540,SM-S920L,Android 5.0.2,chrome 62.0 for android,960x540
Windows|Windows 10|firefox 56.0|1600x900,Windows,Windows 10,firefox 56.0,1600x900
SM-G530H Build/LRX22G|UNK|chrome 62.0 for android|UNK,SM-G530H Build/LRX22G,,chrome 62.0 for android,
LG-V410|Android 5.0.2|chrome 61.0 for android|UNK,LG-V410,Android 5.0.2,chrome 61.0 for android,
Windows|Windows 8.1|chrome 62.0|1728x972,Windows,Windows 8.1,chrome 62.0,1728x972
SAMSUNG SM-G891A Build/NRD90M|Android 7.0|samsung browser 6.2|1920x1080,SAMSUNG SM-G891A Build/NRD90M,Android 7.0,samsung browser 6.2,1920x1080
iOS Device|iOS 11.1.2|mobile safari generic|2048x1536,iOS Device,iOS 11.1.2,mobile safari generic,2048x1536
GT-P5113|Android|chrome 62.0 for android|1280x800,GT-P5113,Android,chrome 62.0 for android,1280x800
LG-H840 Build/NRD90U|UNK|chrome 62.0 for android|UNK,LG-H840 Build/NRD90U,,chrome 62.0 for android,
BAC-L03 Build/HUAWEIBAC-L03|UNK|chrome 62.0 for android|UNK,BAC-L03 Build/HUAWEIBAC-L03,,chrome 62.0 for android,
UNK|UNK|chrome generic|UNK,,,chrome generic,
SAMSUNG SM-T810 Build/NRD90M|UNK|samsung browser 6.2|UNK,SAMSUNG SM-T810 Build/NRD90M,,samsung browser 6.2,
SM-G930V Build/NRD90M|Android 7.0|chrome 61.0 for android|1920x1080,SM-G930V Build/NRD90M,Android 7.0,chrome 61.0 for android,1920x1080
rv:11.0|Windows 7|ie 11.0 for desktop|1366x768,rv:11.0,Windows 7,ie 11.0 for desktop,1366x768
Windows|Windows 10|chrome 62.0|3000x2000,Windows,Windows 10,chrome 62.0,3000x2000
Windows|Windows 10|edge 15.0|1280x1024,Windows,Windows 10,edge 15.0,1280x1024
VS835|Android 7.0|chrome 62.0 for android|1280x720,VS835,Android 7.0,chrome 62.0 for android,1280x720
LG-TP450 Build/NRD90U|UNK|chrome 60.0 for android|UNK,LG-TP450 Build/NRD90U,,chrome 60.0 for android,
rv:57.0|Mac OS X 10.13|firefox 57.0|1920x1080,rv:57.0,Mac OS X 10.13,firefox 57.0,1920x1080
SM-J727V Build/NRD90M|Android 7.0|chrome 62.0 for android|1280x720,SM-J727V Build/NRD90M,Android 7.0,chrome 62.0 for android,1280x720
SM-G900T Build/MMB29M|UNK|chrome 62.0 for android|UNK,SM-G900T Build/MMB29M,,chrome 62.0 for android,
MacOS|Mac OS X 10_9_5|chrome 62.0|1920x1080,MacOS,Mac OS X 10_9_5,chrome 62.0,1920x1080
rv:57.0|Mac OS X 10.12|firefox 57.0|1920x1080,rv:57.0,Mac OS X 10.12,firefox 57.0,1920x1080
MacOS|Mac OS X 10_10_5|safari generic|1024x640,MacOS,Mac OS X 10_10_5,safari generic,1024x640
GT-I9060M Build/KTU84P|UNK|chrome 60.0 for android|UNK,GT-I9060M Build/KTU84P,,chrome 60.0 for android,
MacOS|Mac OS X 10_10_5|chrome 62.0|2880x1800,MacOS,Mac OS X 10_10_5,chrome 62.0,2880x1800
Windows|UNK|chrome 60.0|UNK,Windows,,chrome 60.0,
ALE-L23 Build/HuaweiALE-L23|UNK|chrome 62.0 for android|UNK,ALE-L23 Build/HuaweiALE-L23,,chrome 62.0 for android,
Windows|Windows Vista|chrome 49.0|1920x1080,Windows,Windows Vista,chrome 49.0,1920x1080
Windows|Windows 8.1|chrome 62.0|1280x1024,Windows,Windows 8.1,chrome 62.0,1280x1024
SM-G955F Build/NRD90M|UNK|chrome 62.0 for android|UNK,SM-G955F Build/NRD90M,,chrome 62.0 for android,
MacOS|Mac OS X 10_13_1|safari generic|3840x2400,MacOS,Mac OS X 10_13_1,safari generic,3840x2400
Windows|Windows 10|firefox 57.0|2560x1080,Windows,Windows 10,firefox 57.0,2560x1080
Windows|Windows 8.1|firefox 56.0|1920x1080,Windows,Windows 8.1,firefox 56.0,1920x1080
iOS Device|iOS 10.3.3|chrome|2048x1536,iOS Device,iOS 10.3.3,chrome,2048x1536
KFDOWI Build/LVY48F|Android 5.1.1|chrome generic|UNK,KFDOWI Build/LVY48F,Android 5.1.1,chrome generic,
UNK|Android 6.0.1|android webview 4.0|1920x1080,,Android 6.0.1,android webview 4.0,1920x1080
iOS Device|iOS 11.0.2|mobile safari generic|2048x1536,iOS Device,iOS 11.0.2,mobile safari generic,2048x1536
SM-J200M Build/LMY47X|UNK|chrome 62.0 for android|UNK,SM-J200M Build/LMY47X,,chrome 62.0 for android,
SM-J320H|UNK|chrome 62.0 for android|UNK,SM-J320H,,chrome 62.0 for android,
UNK|Linux|chrome 62.0|2220x1080,,Linux,chrome 62.0,2220x1080
MacOS|Mac OS X 10_6_8|chrome 49.0|1920x1080,MacOS,Mac OS X 10_6_8,chrome 49.0,1920x1080
SAMSUNG SM-G950U Build/NRD90M|Android 7.0|samsung browser 6.2|UNK,SAMSUNG SM-G950U Build/NRD90M,Android 7.0,samsung browser 6.2,
BLADE V8 SE Build/NRD90M|UNK|chrome 62.0 for android|UNK,BLADE V8 SE Build/NRD90M,,chrome 62.0 for android,
Trident/7.0|Windows 10|ie 11.0 for desktop|1440x900,Trident/7.0,Windows 10,ie 11.0 for desktop,1440x900
iOS Device|iOS 11.2.0|mobile safari 11.0|2208x1242,iOS Device,iOS 11.2.0,mobile safari 11.0,2208x1242
SM-N920T Build/NRD90M|Android 7.0|chrome 62.0 for android|UNK,SM-N920T Build/NRD90M,Android 7.0,chrome 62.0 for android,
MacOS|Mac OS X 10_12_6|chrome 62.0|1280x800,MacOS,Mac OS X 10_12_6,chrome 62.0,1280x800
LG-H542 Build/MRA58K|UNK|chrome 52.0 for android|UNK,LG-H542 Build/MRA58K,,chrome 52.0 for android,
Windows|Windows 8|chrome 62.0|1920x1080,Windows,Windows 8,chrome 62.0,1920x1080
MacOS|Mac OS X 10_11_3|safari generic|1920x1080,MacOS,Mac OS X 10_11_3,safari generic,1920x1080
UNK|Linux|chrome 61.0|1920x1080,,Linux,chrome 61.0,1920x1080
rv:52.0|Windows 7|firefox 52.0|1600x900,rv:52.0,Windows 7,firefox 52.0,1600x900
SM-G900V Build/MMB29M|Android 6.0.1|chrome 57.0 for android|1920x1080,SM-G900V Build/MMB29M,Android 6.0.1,chrome 57.0 for android,1920x1080
iOS Device|iOS 11.2.0|mobile safari generic|2048x1536,iOS Device,iOS 11.2.0,mobile safari generic,2048x1536
MacOS|Mac OS X 10_8_5|safari generic|2880x1800,MacOS,Mac OS X 10_8_5,safari generic,2880x1800
MacOS|Mac OS X 10_10_5|chrome 61.0|1280x800,MacOS,Mac OS X 10_10_5,chrome 61.0,1280x800
SM-T330NU Build/LMY47X|Android 5.1.1|chrome 61.0 for android|UNK,SM-T330NU Build/LMY47X,Android 5.1.1,chrome 61.0 for android,
UNK|UNK|chrome 51.0|UNK,,,chrome 51.0,
SAMSUNG SM-J500M Build/LMY48B|UNK|other|UNK,SAMSUNG SM-J500M Build/LMY48B,,other,
iOS Device|iOS 10.0.2|mobile safari 10.0|2048x1536,iOS Device,iOS 10.0.2,mobile safari 10.0,2048x1536
LG-M322|Android 7.0|chrome 62.0 for android|1280x720,LG-M322,Android 7.0,chrome 62.0 for android,1280x720
CHC-U03 Build/HuaweiCHC-U03|UNK|chrome 62.0 for android|UNK,CHC-U03 Build/HuaweiCHC-U03,,chrome 62.0 for android,
Windows|Windows 10|firefox 57.0|1280x1024,Windows,Windows 10,firefox 57.0,1280x1024
Windows|Windows 10|chrome 62.0|2304x1440,Windows,Windows 10,chrome 62.0,2304x1440
HTC Desire 650 Build/MMB29M|UNK|chrome 60.0 for android|UNK,HTC Desire 650 Build/MMB29M,,chrome 60.0 for android,
SAMSUNG|Android 6.0.1|samsung browser 6.2|2562x1442,SAMSUNG,Android 6.0.1,samsung browser 6.2,2562x1442
iOS Device|iOS 11.1.1|mobile safari generic|2208x1242,iOS Device,iOS 11.1.1,mobile safari generic,2208x1242
iOS Device|iOS|mobile safari 9.0|2048x1536,iOS Device,iOS,mobile safari 9.0,2048x1536
iOS Device|iOS 11.1.1|mobile safari 11.0|2224x1668,iOS Device,iOS 11.1.1,mobile safari 11.0,2224x1668
UNK|Linux|chrome 62.0|2560x1440,,Linux,chrome 62.0,2560x1440
Windows|Windows 10|chrome 62.0|1280x800,Windows,Windows 10,chrome 62.0,1280x800
SAMSUNG-SM-G935A Build/NRD90M|Android 7.0|chrome 57.0 for android|2560x1440,SAMSUNG-SM-G935A Build/NRD90M,Android 7.0,chrome 57.0 for android,2560x1440
Windows|Windows 10|chrome 62.0|2160x1440,Windows,Windows 10,chrome 62.0,2160x1440
SM-G925I Build/NRD90M|UNK|chrome 62.0 for android|UNK,SM-G925I Build/NRD90M,,chrome 62.0 for android,
iOS Device|iOS 11.0.2|mobile safari 11.0|2048x1536,iOS Device,iOS 11.0.2,mobile safari 11.0,2048x1536
MacOS|Mac OS X 10_9_5|safari generic|2560x1600,MacOS,Mac OS X 10_9_5,safari generic,2560x1600
LG-K200 Build/MXB48T|UNK|chrome 62.0 for android|UNK,LG-K200 Build/MXB48T,,chrome 62.0 for android,
Aquaris|UNK|chrome 61.0 for android|UNK,Aquaris,,chrome 61.0 for android,
SM-J710MN Build/MMB29K|UNK|chrome 62.0 for android|UNK,SM-J710MN Build/MMB29K,,chrome 62.0 for android,
Windows|Windows Vista|firefox 52.0|1280x600,Windows,Windows Vista,firefox 52.0,1280x600
MacOS|Mac OS X 10_12_6|safari generic|3360x2100,MacOS,Mac OS X 10_12_6,safari generic,3360x2100
SM-J120H Build/LMY47V|UNK|chrome 61.0 for android|UNK,SM-J120H Build/LMY47V,,chrome 61.0 for android,
Alcatel_4060A|Android 5.1.1|chrome generic|855x480,Alcatel_4060A,Android 5.1.1,chrome generic,855x480
MacOS|Mac OS X 10_12_4|safari generic|3360x2100,MacOS,Mac OS X 10_12_4,safari generic,3360x2100
iOS Device|iOS 10.2.1|mobile safari generic|2048x1536,iOS Device,iOS 10.2.1,mobile safari generic,2048x1536
LGMS631 Build/MRA58K|Android 6.0|chrome 62.0 for android|1280x720,LGMS631 Build/MRA58K,Android 6.0,chrome 62.0 for android,1280x720
SM-J510MN Build/MMB29M|UNK|chrome 61.0 for android|UNK,SM-J510MN Build/MMB29M,,chrome 61.0 for android,
Windows|UNK|edge 16.0|UNK,Windows,,edge 16.0,
MOT-A6020l37 Build/LMY47V|UNK|other|UNK,MOT-A6020l37 Build/LMY47V,,other,
SAMSUNG|Android 5.1.1|chrome generic|1920x1080,SAMSUNG,Android 5.1.1,chrome generic,1920x1080
5011A Build/NRD90M|UNK|chrome 56.0 for android|UNK,5011A Build/NRD90M,,chrome 56.0 for android,
Windows|Windows 10|chrome 61.0|1366x768,Windows,Windows 10,chrome 61.0,1366x768
Windows|Windows 10|edge 15.0|1024x768,Windows,Windows 10,edge 15.0,1024x768
SM-T550 Build/NMF26X|Android 7.1.1|chrome 62.0 for android|1024x768,SM-T550 Build/NMF26X,Android 7.1.1,chrome 62.0 for android,1024x768
MacOS|Mac OS X 10_13_2|chrome 62.0|1440x900,MacOS,Mac OS X 10_13_2,chrome 62.0,1440x900
Windows|Windows Vista|chrome 49.0|1280x1024,Windows,Windows Vista,chrome 49.0,1280x1024
rv:57.0|UNK|firefox 57.0|UNK,rv:57.0,,firefox 57.0,
Moto G (5) Plus Build/NPNS25.137-15-11|UNK|chrome generic|UNK,Moto G (5) Plus Build/NPNS25.137-15-11,,chrome generic,
E6603 Build/32.4.A.1.54|UNK|chrome 62.0 for android|UNK,E6603 Build/32.4.A.1.54,,chrome 62.0 for android,
Redmi 4A Build/MMB29M|UNK|chrome 62.0 for android|UNK,Redmi 4A Build/MMB29M,,chrome 62.0 for android,
Windows|UNK|opera 49.0|UNK,Windows,,opera 49.0,
iOS Device|iOS 11.2.0|mobile safari 11.0|2001x1125,iOS Device,iOS 11.2.0,mobile safari 11.0,2001x1125
rv:55.0|Mac OS X 10.10|firefox 55.0|1920x1080,rv:55.0,Mac OS X 10.10,firefox 55.0,1920x1080
SM-T520|Android 4.4.2|chrome 62.0 for android|2560x1600,SM-T520,Android 4.4.2,chrome 62.0 for android,2560x1600
Trident/7.0|Windows 7|ie 11.0 for desktop|1024x768,Trident/7.0,Windows 7,ie 11.0 for desktop,1024x768
SM-G920V Build/NRD90M|Android 7.0|chrome 56.0 for android|2560x1440,SM-G920V Build/NRD90M,Android 7.0,chrome 56.0 for android,2560x1440
HTC Desire 10 lifestyle Build/MMB29M|UNK|chrome 62.0 for android|UNK,HTC Desire 10 lifestyle Build/MMB29M,,chrome 62.0 for android,
SM-A720F Build/MMB29K|UNK|chrome 62.0 for android|UNK,SM-A720F Build/MMB29K,,chrome 62.0 for android,
Moto G (5S|UNK|chrome generic|UNK,Moto G (5S,,chrome generic,
SM-G925I Build/LMY47X|UNK|chrome 62.0 for android|UNK,SM-G925I Build/LMY47X,,chrome 62.0 for android,
SM-G930R4 Build/NRD90M|Android 7.0|chrome 62.0 for android|1920x1080,SM-G930R4 Build/NRD90M,Android 7.0,chrome 62.0 for android,1920x1080
iOS Device|iOS 11.1.0|mobile safari generic|2208x1242,iOS Device,iOS 11.1.0,mobile safari generic,2208x1242
LG-K410 Build/LRX22G|UNK|chrome 61.0 for android|UNK,LG-K410 Build/LRX22G,,chrome 61.0 for android,
MacOS|Mac OS X 10_13_1|chrome 62.0|2880x1620,MacOS,Mac OS X 10_13_1,chrome 62.0,2880x1620
SAMSUNG SM-G610M Build/MMB29K|UNK|samsung browser 6.2|UNK,SAMSUNG SM-G610M Build/MMB29K,,samsung browser 6.2,
Lenovo K33b36 Build/NRD90N|UNK|chrome 62.0 for android|UNK,Lenovo K33b36 Build/NRD90N,,chrome 62.0 for android,
UNK|Android|chrome 61.0|1366x768,,Android,chrome 61.0,1366x768
SM-G930U Build/NRD90M|UNK|chrome 62.0 for android|UNK,SM-G930U Build/NRD90M,,chrome 62.0 for android,
MacOS|Mac OS X 10_10_5|chrome 60.0|1280x800,MacOS,Mac OS X 10_10_5,chrome 60.0,1280x800
Moto Z2 Play Build/NPS26.118-19|UNK|chrome 62.0 for android|UNK,Moto Z2 Play Build/NPS26.118-19,,chrome 62.0 for android,
iOS Device|iOS 10.3.2|chrome 62.0 for ios|2732x2048,iOS Device,iOS 10.3.2,chrome 62.0 for ios,2732x2048
SAMSUNG SM-N950U Build/NMF26X|Android 7.1.1|samsung browser 6.2|UNK,SAMSUNG SM-N950U Build/NMF26X,Android 7.1.1,samsung browser 6.2,
5012G Build/MRA58K|UNK|chrome 62.0 for android|UNK,5012G Build/MRA58K,,chrome 62.0 for android,
MacOS|Mac OS X 10_11_6|chrome 62.0|1920x1200,MacOS,Mac OS X 10_11_6,chrome 62.0,1920x1200
rv:52.0|Windows Vista|firefox 52.0|1366x768,rv:52.0,Windows Vista,firefox 52.0,1366x768
rv:57.0|Mac OS X 10.12|firefox 57.0|1920x1200,rv:57.0,Mac OS X 10.12,firefox 57.0,1920x1200
SM-A320FL Build/MMB29K|UNK|chrome 62.0 for android|UNK,SM-A320FL Build/MMB29K,,chrome 62.0 for android,
Windows|Windows 7|chrome|1366x768,Windows,Windows 7,chrome,1366x768
rv:11.0|Windows 7|ie 11.0 for desktop|1920x1080,rv:11.0,Windows 7,ie 11.0 for desktop,1920x1080
LG-M250 Build/NRD90U|UNK|chrome 62.0 for android|UNK,LG-M250 Build/NRD90U,,chrome 62.0 for android,
KFSAWI|Android 5.1.1|chrome generic|2560x1600,KFSAWI,Android 5.1.1,chrome generic,2560x1600
rv:11.0|Windows 7|ie 11.0 for desktop|1440x900,rv:11.0,Windows 7,ie 11.0 for desktop,1440x900
MacOS|Mac OS X 10_13_1|chrome 59.0|2560x1600,MacOS,Mac OS X 10_13_1,chrome 59.0,2560x1600
SAMSUNG SM-G930F Build/NRD90M|UNK|samsung browser 6.2|UNK,SAMSUNG SM-G930F Build/NRD90M,,samsung browser 6.2,
MacOS|Mac OS X 10_12_3|safari generic|1920x1080,MacOS,Mac OS X 10_12_3,safari generic,1920x1080
Lenovo K33b36 Build/MMB29M|UNK|chrome 61.0 for android|UNK,Lenovo K33b36 Build/MMB29M,,chrome 61.0 for android,
MacOS|Mac OS X 10_10_5|chrome 62.0|1680x1050,MacOS,Mac OS X 10_10_5,chrome 62.0,1680x1050
SAMSUNG SM-N920V Build/NRD90M|Android 7.0|samsung browser 6.2|UNK,SAMSUNG SM-N920V Build/NRD90M,Android 7.0,samsung browser 6.2,
Windows NT 6.1|UNK|ie|UNK,Windows NT 6.1,,ie,
Windows NT 6.1|Windows 7|ie|1920x1080,Windows NT 6.1,Windows 7,ie,1920x1080
MacOS|Mac OS X 10_12_2|safari generic|1280x800,MacOS,Mac OS X 10_12_2,safari generic,1280x800
Windows|Windows 7|chrome 60.0|1366x768,Windows,Windows 7,chrome 60.0,1366x768
Windows|Windows 10|chrome 62.0|1152x864,Windows,Windows 10,chrome 62.0,1152x864
Windows|Windows 10|chrome 62.0|1400x1050,Windows,Windows 10,chrome 62.0,1400x1050
rv:45.0|Windows 10|firefox|1920x1080,rv:45.0,Windows 10,firefox,1920x1080
MacOS|Mac OS X 10_11_6|chrome 61.0|1920x1200,MacOS,Mac OS X 10_11_6,chrome 61.0,1920x1200
MacOS|Mac OS X 10_12_5|chrome 61.0|2560x1600,MacOS,Mac OS X 10_12_5,chrome 61.0,2560x1600
SAMSUNG-SM-J327A Build/NRD90M|Android 7.0|chrome 62.0 for android|1280x720,SAMSUNG-SM-J327A Build/NRD90M,Android 7.0,chrome 62.0 for android,1280x720
Windows|Windows 7|chrome 62.0|1280x720,Windows,Windows 7,chrome 62.0,1280x720
SM-G935V Build/NRD90M|Android 7.0|chrome 62.0 for android|1920x1080,SM-G935V Build/NRD90M,Android 7.0,chrome 62.0 for android,1920x1080
Windows|Windows 10|edge|1366x768,Windows,Windows 10,edge,1366x768
MDDRJS|Windows 7|ie 11.0 for desktop|1024x768,MDDRJS,Windows 7,ie 11.0 for desktop,1024x768
Windows|Windows 8.1|chrome 58.0|UNK,Windows,Windows 8.1,chrome 58.0,
MacOS|Mac OS X 10_8_5|chrome 49.0|1920x1080,MacOS,Mac OS X 10_8_5,chrome 49.0,1920x1080
Windows|Windows 10|edge 16.0|1680x1050,Windows,Windows 10,edge 16.0,1680x1050
Windows|Windows 7|chrome 59.0|1440x900,Windows,Windows 7,chrome 59.0,1440x900
Windows|Windows 10|edge 14.0|1600x900,Windows,Windows 10,edge 14.0,1600x900
rv:57.0|Mac OS X 10.12|firefox 57.0|3840x2400,rv:57.0,Mac OS X 10.12,firefox 57.0,3840x2400
MacOS|Mac OS X 10_12_6|chrome 61.0|2560x1600,MacOS,Mac OS X 10_12_6,chrome 61.0,2560x1600
rv:11.0|Windows 7|ie 11.0 for desktop|1680x1050,rv:11.0,Windows 7,ie 11.0 for desktop,1680x1050
SAMSUNG|Android|chrome generic|1920x1080,SAMSUNG,Android,chrome generic,1920x1080
Windows|Windows 7|chrome 62.0|1600x1200,Windows,Windows 7,chrome 62.0,1600x1200
SM-G935P Build/NRD90M|Android 7.0|chrome 62.0 for android|1920x1080,SM-G935P Build/NRD90M,Android 7.0,chrome 62.0 for android,1920x1080
Windows|Windows 8.1|chrome 62.0|2400x1350,Windows,Windows 8.1,chrome 62.0,2400x1350
MacOS|Mac OS X 10_10_5|chrome 62.0|2048x1152,MacOS,Mac OS X 10_10_5,chrome 62.0,2048x1152
UNK|UNK|firefox 52.0|UNK,,,firefox 52.0,
SM-G930P Build/NRD90M|Android 7.0|chrome 62.0 for android|1920x1080,SM-G930P Build/NRD90M,Android 7.0,chrome 62.0 for android,1920x1080
MacOS|Mac OS X 10_12_6|chrome 62.0|4096x2304,MacOS,Mac OS X 10_12_6,chrome 62.0,4096x2304
Windows|Windows Vista|opera|1440x900,Windows,Windows Vista,opera,1440x900
MacOS|Mac OS X 10_12_6|chrome 63.0|2560x1440,MacOS,Mac OS X 10_12_6,chrome 63.0,2560x1440
Windows|Windows 7|ie 11.0 for desktop|1366x768,Windows,Windows 7,ie 11.0 for desktop,1366x768
Windows|Windows 7|firefox 57.0|1280x960,Windows,Windows 7,firefox 57.0,1280x960
Windows|Windows 7|ie 11.0 for desktop|1280x1024,Windows,Windows 7,ie 11.0 for desktop,1280x1024
SM-G928V Build/NRD90M|Android 7.0|chrome 62.0 for android|UNK,SM-G928V Build/NRD90M,Android 7.0,chrome 62.0 for android,
Windows|Windows 7|chrome 61.0|1680x1050,Windows,Windows 7,chrome 61.0,1680x1050
rv:57.0|Android 7.0|Generic/Android 7.0|UNK,rv:57.0,Android 7.0,Generic/Android 7.0,
Windows|Windows 7|firefox 57.0|UNK,Windows,Windows 7,firefox 57.0,
Windows|Windows 10|chrome 62.0|3201x1800,Windows,Windows 10,chrome 62.0,3201x1800
LG-M210 Build/NRD90U|Android 7.0|chrome 62.0 for android|1280x720,LG-M210 Build/NRD90U,Android 7.0,chrome 62.0 for android,1280x720
Blade V580 Build/LMY47D|UNK|chrome 62.0 for android|UNK,Blade V580 Build/LMY47D,,chrome 62.0 for android,
Ilium LT500 Build/LMY47O|UNK|chrome 60.0 for android|UNK,Ilium LT500 Build/LMY47O,,chrome 60.0 for android,
MacOS|Mac OS X 10_11_6|chrome 60.0|2560x1440,MacOS,Mac OS X 10_11_6,chrome 60.0,2560x1440
MacOS|Mac OS X 10_9_5|safari generic|1366x768,MacOS,Mac OS X 10_9_5,safari generic,1366x768
Y635-L03 Build/HuaweiY635-L03|UNK|chrome 62.0 for android|UNK,Y635-L03 Build/HuaweiY635-L03,,chrome 62.0 for android,
rv:56.0|Windows 8.1|firefox 56.0|1600x900,rv:56.0,Windows 8.1,firefox 56.0,1600x900
Trident/7.0|Windows 7|ie 11.0 for desktop|2560x1080,Trident/7.0,Windows 7,ie 11.0 for desktop,2560x1080
MacOS|Mac OS X 10_11_5|safari generic|1440x900,MacOS,Mac OS X 10_11_5,safari generic,1440x900
Trident/7.0|Windows 7|ie 11.0 for desktop|1280x800,Trident/7.0,Windows 7,ie 11.0 for desktop,1280x800
XT1635-01 Build/NDNS26.118-23-12-3|Android 7.1.1|chrome 62.0 for android|UNK,XT1635-01 Build/NDNS26.118-23-12-3,Android 7.1.1,chrome 62.0 for android,
MacOS|Mac OS X 10_8_5|chrome 49.0|1440x900,MacOS,Mac OS X 10_8_5,chrome 49.0,1440x900
rv:42.0|Windows 7|firefox|1366x768,rv:42.0,Windows 7,firefox,1366x768
SAMSUNG SM-G925T Build/NRD90M|Android 7.0|samsung browser 6.2|2560x1440,SAMSUNG SM-G925T Build/NRD90M,Android 7.0,samsung browser 6.2,2560x1440
Windows|Windows 7|chrome|1280x1024,Windows,Windows 7,chrome,1280x1024
rv:56.0|Windows 10|firefox|1680x1050,rv:56.0,Windows 10,firefox,1680x1050
MacOS|Mac OS X 10_10_5|safari generic|2880x1800,MacOS,Mac OS X 10_10_5,safari generic,2880x1800
SAMSUNG-SM-G900A Build/LRX21T|Android 5.0|chrome 62.0 for android|1920x1080,SAMSUNG-SM-G900A Build/LRX21T,Android 5.0,chrome 62.0 for android,1920x1080
Windows|Windows 10|edge 15.0|1920x1200,Windows,Windows 10,edge 15.0,1920x1200
Windows|Windows 8.1|chrome 62.0|2560x1440,Windows,Windows 8.1,chrome 62.0,2560x1440
Moto Z (2|Android 7.1.1|chrome generic|2560x1440,Moto Z (2,Android 7.1.1,chrome generic,2560x1440
iOS Device|iOS 10.2.0|mobile safari 10.0|1334x750,iOS Device,iOS 10.2.0,mobile safari 10.0,1334x750
iOS Device|iOS 9.3.5|mobile safari generic|2048x1536,iOS Device,iOS 9.3.5,mobile safari generic,2048x1536
SM-G360T1 Build/LMY47X|UNK|chrome 53.0 for android|UNK,SM-G360T1 Build/LMY47X,,chrome 53.0 for android,
Windows|Windows Vista|chrome 49.0|1280x720,Windows,Windows Vista,chrome 49.0,1280x720
SM-S903VL|Android 6.0.1|chrome 62.0 for android|1920x1080,SM-S903VL,Android 6.0.1,chrome 62.0 for android,1920x1080
Windows|Windows 10|edge|1920x1080,Windows,Windows 10,edge,1920x1080
iOS Device|iOS 10.2.0|mobile safari generic|2208x1242,iOS Device,iOS 10.2.0,mobile safari generic,2208x1242
SAMSUNG SM-G920A Build/NRD90M|Android 7.0|samsung browser 6.2|2560x1440,SAMSUNG SM-G920A Build/NRD90M,Android 7.0,samsung browser 6.2,2560x1440
UNK|Android|chrome 62.0|855x480,,Android,chrome 62.0,855x480
HUAWEI VNS-L23 Build/HUAWEIVNS-L23|UNK|chrome 62.0 for android|UNK,HUAWEI VNS-L23 Build/HUAWEIVNS-L23,,chrome 62.0 for android,
rv:52.0|UNK|firefox 52.0|UNK,rv:52.0,,firefox 52.0,
LG-H811 Build/MRA58K|Android 6.0|chrome 62.0 for android|2560x1440,LG-H811 Build/MRA58K,Android 6.0,chrome 62.0 for android,2560x1440
MacOS|Mac OS X 10_12_5|chrome 62.0|1280x800,MacOS,Mac OS X 10_12_5,chrome 62.0,1280x800
Windows|UNK|chrome 56.0|UNK,Windows,,chrome 56.0,
iOS Device|iOS 10.3.1|mobile safari 10.0|2048x1536,iOS Device,iOS 10.3.1,mobile safari 10.0,2048x1536
M4 SS4456 Build/LMY47V|UNK|chrome 62.0 for android|UNK,M4 SS4456 Build/LMY47V,,chrome 62.0 for android,
SAMSUNG-SM-T337A Build/LMY47X|Android 5.1.1|chrome 62.0 for android|UNK,SAMSUNG-SM-T337A Build/LMY47X,Android 5.1.1,chrome 62.0 for android,
SAMSUNG SM-G955U Build/NRD90M|Android 7.0|samsung browser 6.2|UNK,SAMSUNG SM-G955U Build/NRD90M,Android 7.0,samsung browser 6.2,
SM-G900P Build/MMB29M|Android 6.0.1|android webview 4.0|1920x1080,SM-G900P Build/MMB29M,Android 6.0.1,android webview 4.0,1920x1080
SM-G800F Build/KOT49H|UNK|chrome 62.0 for android|UNK,SM-G800F Build/KOT49H,,chrome 62.0 for android,
MacOS|Mac OS X 10_10_5|chrome 62.0|5120x2880,MacOS,Mac OS X 10_10_5,chrome 62.0,5120x2880
BNTV400|Android|chrome generic for android|1356x900,BNTV400,Android,chrome generic for android,1356x900
HUAWEI VNS-L21 Build/HUAWEIVNS-L21|UNK|chrome 62.0 for android|UNK,HUAWEI VNS-L21 Build/HUAWEIVNS-L21,,chrome 62.0 for android,
Windows|Windows 7|firefox 57.0|1360x768,Windows,Windows 7,firefox 57.0,1360x768
ONEPLUS A5000 Build/NMF26X|UNK|chrome 62.0 for android|UNK,ONEPLUS A5000 Build/NMF26X,,chrome 62.0 for android,
rv:57.0|Windows 10|firefox|1600x900,rv:57.0,Windows 10,firefox,1600x900
iOS Device|iOS 11.1.0|mobile safari 11.0|2436x1125,iOS Device,iOS 11.1.0,mobile safari 11.0,2436x1125
Trident/7.0|Windows 10|ie 11.0 for desktop|2560x1080,Trident/7.0,Windows 10,ie 11.0 for desktop,2560x1080
iOS Device|iOS 11.0.1|mobile safari 11.0|1334x750,iOS Device,iOS 11.0.1,mobile safari 11.0,1334x750
MacOS|Mac OS X 10_9_5|safari generic|1920x1080,MacOS,Mac OS X 10_9_5,safari generic,1920x1080
MacOS|Mac OS X 10_12_4|chrome 61.0|1440x900,MacOS,Mac OS X 10_12_4,chrome 61.0,1440x900
HTC Desire 626s Build/LMY47O|UNK|chrome 61.0 for android|UNK,HTC Desire 626s Build/LMY47O,,chrome 61.0 for android,
SM-J510MN Build/MMB29M|UNK|chrome 60.0 for android|UNK,SM-J510MN Build/MMB29M,,chrome 60.0 for android,
rv:57.0|Mac OS X 10.11|firefox 57.0|1440x900,rv:57.0,Mac OS X 10.11,firefox 57.0,1440x900
SM-G955F Build/NRD90M|UNK|chrome 58.0 for android|UNK,SM-G955F Build/NRD90M,,chrome 58.0 for android,
MacOS|Mac OS X 10_12_5|safari generic|1920x1080,MacOS,Mac OS X 10_12_5,safari generic,1920x1080
Android 4.4.2|Android 4.4.2|other|1024x600,Android 4.4.2,Android 4.4.2,other,1024x600
XT1710-02 Build/NDSS26.118-23-15|Android 7.1.1|chrome 62.0 for android|1920x1080,XT1710-02 Build/NDSS26.118-23-15,Android 7.1.1,chrome 62.0 for android,1920x1080
MacOS|Mac OS X 10_6_8|chrome|1280x800,MacOS,Mac OS X 10_6_8,chrome,1280x800
LG-H500 Build/LRX21Y|UNK|chrome 61.0 for android|UNK,LG-H500 Build/LRX21Y,,chrome 61.0 for android,
iOS Device|iOS 10.0.2|mobile safari 10.0|2001x1125,iOS Device,iOS 10.0.2,mobile safari 10.0,2001x1125
rv:49.0|UNK|firefox|UNK,rv:49.0,,firefox,
EVA-L09 Build/HUAWEIEVA-L09|UNK|chrome 62.0 for android|UNK,EVA-L09 Build/HUAWEIEVA-L09,,chrome 62.0 for android,
MacOS|Mac OS X 10_8_5|chrome 49.0|1680x1050,MacOS,Mac OS X 10_8_5,chrome 49.0,1680x1050
MacOS|Mac OS X 10_9_5|chrome 62.0|1440x900,MacOS,Mac OS X 10_9_5,chrome 62.0,1440x900
Windows|Windows 10|firefox 57.0|2736x1824,Windows,Windows 10,firefox 57.0,2736x1824
rv:57.0|UNK|firefox|UNK,rv:57.0,,firefox,
Lenovo|UNK|chrome 62.0 for android|UNK,Lenovo,,chrome 62.0 for android,
Windows|Windows 10|edge 15.0|1280x768,Windows,Windows 10,edge 15.0,1280x768
LG-K540 Build/MMB29M|Android 6.0.1|chrome 62.0 for android|1280x720,LG-K540 Build/MMB29M,Android 6.0.1,chrome 62.0 for android,1280x720
FRD-L04 Build/HUAWEIFRD-L04|Android 7.0|chrome 62.0 for android|1920x1080,FRD-L04 Build/HUAWEIFRD-L04,Android 7.0,chrome 62.0 for android,1920x1080
Windows|Windows 8.1|chrome 62.0|1360x768,Windows,Windows 8.1,chrome 62.0,1360x768
Linux x86_64|UNK|firefox 56.0|UNK,Linux x86_64,,firefox 56.0,
SAMSUNG SM-G935T Build/NRD90M|Android 7.0|samsung browser 6.2|1920x1080,SAMSUNG SM-G935T Build/NRD90M,Android 7.0,samsung browser 6.2,1920x1080
SM-G900M Build/LRX21T|UNK|chrome 62.0 for android|UNK,SM-G900M Build/LRX21T,,chrome 62.0 for android,
rv:52.0|UNK|firefox|UNK,rv:52.0,,firefox,
Windows|Windows XP|chrome 49.0|1920x1080,Windows,Windows XP,chrome 49.0,1920x1080
SAMSUNG SM-G955U Build/NRD90M|UNK|samsung browser 6.2|UNK,SAMSUNG SM-G955U Build/NRD90M,,samsung browser 6.2,
MacOS|Mac OS X 10_11_3|chrome 62.0|2880x1800,MacOS,Mac OS X 10_11_3,chrome 62.0,2880x1800
LG-H820 Build/NRD90U|Android 7.0|chrome 62.0 for android|2560x1440,LG-H820 Build/NRD90U,Android 7.0,chrome 62.0 for android,2560x1440
MacOS|Mac OS X 10_13_1|chrome 62.0|3360x2100,MacOS,Mac OS X 10_13_1,chrome 62.0,3360x2100
Z983 Build/NMF26F|Android 7.1.1|chrome 62.0 for android|1920x1080,Z983 Build/NMF26F,Android 7.1.1,chrome 62.0 for android,1920x1080
LGLS991|Android 6.0|chrome 62.0 for android|2560x1440,LGLS991,Android 6.0,chrome 62.0 for android,2560x1440
Windows|Windows 10|edge 15.0|3840x2160,Windows,Windows 10,edge 15.0,3840x2160
rv:48.0|Mac OS X 10.6|firefox 48.0|1280x800,rv:48.0,Mac OS X 10.6,firefox 48.0,1280x800
iOS Device|iOS 9.3.5|mobile safari generic|1024x768,iOS Device,iOS 9.3.5,mobile safari generic,1024x768
rv:57.0|Mac OS X 10.13|firefox 57.0|4096x2304,rv:57.0,Mac OS X 10.13,firefox 57.0,4096x2304
SM-S120VL|Android 6.0.1|chrome 62.0 for android|801x480,SM-S120VL,Android 6.0.1,chrome 62.0 for android,801x480
iOS Device|iOS 11.1.1|mobile safari generic|2001x1125,iOS Device,iOS 11.1.1,mobile safari generic,2001x1125
Aquaris|UNK|chrome 62.0 for android|UNK,Aquaris,,chrome 62.0 for android,
Windows|Windows 8.1|chrome 58.0|1600x900,Windows,Windows 8.1,chrome 58.0,1600x900
Le|Android|chrome 62.0 for android|1024x768,Le,Android,chrome 62.0 for android,1024x768
Ilium L1120 Build/NRD90M|UNK|chrome 62.0 for android|UNK,Ilium L1120 Build/NRD90M,,chrome 62.0 for android,
MacOS|Mac OS X 10_13_1|chrome 62.0|1344x756,MacOS,Mac OS X 10_13_1,chrome 62.0,1344x756
Windows|Windows 8.1|chrome 62.0|1280x720,Windows,Windows 8.1,chrome 62.0,1280x720
MacOS|Mac OS X 10_12_6|chrome 61.0|3360x2100,MacOS,Mac OS X 10_12_6,chrome 61.0,3360x2100
XT1650 Build/NCLS26.118-23-13-3|Android 7.1.1|chrome 62.0 for android|2560x1440,XT1650 Build/NCLS26.118-23-13-3,Android 7.1.1,chrome 62.0 for android,2560x1440
SM-T377P Build/NMF26X|Android 7.1.1|chrome 60.0 for android|UNK,SM-T377P Build/NMF26X,Android 7.1.1,chrome 60.0 for android,
Windows|Windows 10|chrome 60.0|1280x1024,Windows,Windows 10,chrome 60.0,1280x1024
rv:48.0|Mac|firefox 48.0|2048x1152,rv:48.0,Mac,firefox 48.0,2048x1152
Windows|Windows 7|chrome 61.0|1280x800,Windows,Windows 7,chrome 61.0,1280x800
Windows NT 6.1|Windows 7|ie|1280x1024,Windows NT 6.1,Windows 7,ie,1280x1024
QTAQZ3 Build/LMY47V|Android 5.1.1|chrome 62.0 for android|UNK,QTAQZ3 Build/LMY47V,Android 5.1.1,chrome 62.0 for android,
Windows|Windows 10|chrome 62.0|1624x1080,Windows,Windows 10,chrome 62.0,1624x1080
Windows|Windows 10|firefox 57.0|1920x1200,Windows,Windows 10,firefox 57.0,1920x1200
Windows NT 6.1|Windows 7|ie|1280x768,Windows NT 6.1,Windows 7,ie,1280x768
rv:11.0|Windows 10|ie 11.0 for desktop|1680x1050,rv:11.0,Windows 10,ie 11.0 for desktop,1680x1050
MacOS|Mac OS X 10_9_5|safari generic|1680x1050,MacOS,Mac OS X 10_9_5,safari generic,1680x1050
MacOS|Mac OS X 10_11_6|chrome|1440x900,MacOS,Mac OS X 10_11_6,chrome,1440x900
Windows|Windows 10|edge 14.0|3000x2000,Windows,Windows 10,edge 14.0,3000x2000
SM-A310M|UNK|chrome 62.0 for android|UNK,SM-A310M,,chrome 62.0 for android,
F5321|UNK|chrome 62.0 for android|UNK,F5321,,chrome 62.0 for android,
MacOS|Mac OS X 10_8_5|safari generic|1440x900,MacOS,Mac OS X 10_8_5,safari generic,1440x900
Windows NT 6.1|Windows 7|ie|1536x864,Windows NT 6.1,Windows 7,ie,1536x864
MacOS|Mac OS X 10_12_6|chrome 62.0|1366x768,MacOS,Mac OS X 10_12_6,chrome 62.0,1366x768
KFTBWI Build/LVY48F|Android 5.1.1|chrome generic|1280x800,KFTBWI Build/LVY48F,Android 5.1.1,chrome generic,1280x800
rv:48.0|Mac OS X 10.6|firefox 48.0|1680x1050,rv:48.0,Mac OS X 10.6,firefox 48.0,1680x1050
SM-G950F Build/NRD90M|UNK|chrome 61.0 for android|UNK,SM-G950F Build/NRD90M,,chrome 61.0 for android,
rv:11.0|Windows 7|ie 11.0 for desktop|1920x1200,rv:11.0,Windows 7,ie 11.0 for desktop,1920x1200
iOS Device|iOS 11.1.2|mobile safari generic|2732x2048,iOS Device,iOS 11.1.2,mobile safari generic,2732x2048
Windows|func|chrome 62.0|1920x1080,Windows,func,chrome 62.0,1920x1080
MacOS|Mac OS X 10_10_5|chrome 62.0|1800x1125,MacOS,Mac OS X 10_10_5,chrome 62.0,1800x1125
Windows|Windows 7|chrome 59.0|1920x1080,Windows,Windows 7,chrome 59.0,1920x1080
M4 SS4453 Build/MMB29M|UNK|chrome 62.0 for android|UNK,M4 SS4453 Build/MMB29M,,chrome 62.0 for android,
Windows|Windows 7|chrome 62.0|1280x960,Windows,Windows 7,chrome 62.0,1280x960
XT1064 Build/MPB24.65-34-3|UNK|chrome 62.0 for android|UNK,XT1064 Build/MPB24.65-34-3,,chrome 62.0 for android,
UNK|Android|chrome|1366x768,,Android,chrome,1366x768
MacOS|Mac OS X 10_12_6|safari generic|1366x768,MacOS,Mac OS X 10_12_6,safari generic,1366x768
Windows|Windows 7|aol|1920x1080,Windows,Windows 7,aol,1920x1080
iOS Device|iOS 9.3.5|mobile safari 9.0|1334x750,iOS Device,iOS 9.3.5,mobile safari 9.0,1334x750
UNK|UNK|mobile safari uiwebview|UNK,,,mobile safari uiwebview,
VS987 Build/NRD90U|Android 7.0|android webview 4.0|2560x1440,VS987 Build/NRD90U,Android 7.0,android webview 4.0,2560x1440
SM-G386T|Android 4.4.2|chrome 62.0 for android|960x540,SM-G386T,Android 4.4.2,chrome 62.0 for android,960x540
SAMSUNG-SM-N920A Build/NRD90M|UNK|chrome 62.0 for android|UNK,SAMSUNG-SM-N920A Build/NRD90M,,chrome 62.0 for android,
LG-H420 Build/LRX21Y|UNK|chrome 61.0 for android|UNK,LG-H420 Build/LRX21Y,,chrome 61.0 for android,
rv:57.0|Mac OS X 10.13|firefox 57.0|5120x2880,rv:57.0,Mac OS X 10.13,firefox 57.0,5120x2880
MacOS|Mac OS X 10_12_5|safari generic|2560x1600,MacOS,Mac OS X 10_12_5,safari generic,2560x1600
Windows|Windows 10|chrome|1366x768,Windows,Windows 10,chrome,1366x768
rv:57.0|Windows 7|firefox 57.0|1600x1200,rv:57.0,Windows 7,firefox 57.0,1600x1200
SAMSUNG SM-J727T1 Build/NRD90M|Android 7.0|samsung browser 5.4|1280x720,SAMSUNG SM-J727T1 Build/NRD90M,Android 7.0,samsung browser 5.4,1280x720
Trident/7.0|Windows 7|ie 11.0 for desktop|2560x1440,Trident/7.0,Windows 7,ie 11.0 for desktop,2560x1440
Windows|Windows 10|edge 16.0|1024x768,Windows,Windows 10,edge 16.0,1024x768
MacOS|Mac OS X 10_7_5|safari generic|1920x1080,MacOS,Mac OS X 10_7_5,safari generic,1920x1080
Windows|Windows 7|firefox 52.0|1920x1080,Windows,Windows 7,firefox 52.0,1920x1080
SAMSUNG SM-G532M Build/MMB29T|UNK|samsung browser 6.2|UNK,SAMSUNG SM-G532M Build/MMB29T,,samsung browser 6.2,
MacOS|Mac OS X 10_12_5|chrome 62.0|3840x2160,MacOS,Mac OS X 10_12_5,chrome 62.0,3840x2160
SM-G925T Build/NRD90M|Android 7.0|chrome 61.0 for android|2560x1440,SM-G925T Build/NRD90M,Android 7.0,chrome 61.0 for android,2560x1440
MacOS|Mac OS X 10_11_6|chrome 59.0|2560x1600,MacOS,Mac OS X 10_11_6,chrome 59.0,2560x1600
NetHelper70|UNK|ie 11.0 for desktop|UNK,NetHelper70,,ie 11.0 for desktop,
Windows|Windows 7|chrome|1920x1080,Windows,Windows 7,chrome,1920x1080
Windows|Windows 10|chrome 62.0|1920x1281,Windows,Windows 10,chrome 62.0,1920x1281
Windows|Windows 7|chrome 62.0|1152x864,Windows,Windows 7,chrome 62.0,1152x864
SM-G930V Build/NRD90M|Android 7.0|chrome 60.0 for android|1920x1080,SM-G930V Build/NRD90M,Android 7.0,chrome 60.0 for android,1920x1080
SAMSUNG SM-G890A Build/NRD90M|Android 7.0|samsung browser 5.4|2560x1440,SAMSUNG SM-G890A Build/NRD90M,Android 7.0,samsung browser 5.4,2560x1440
Windows|Windows 10|edge 16.0|1280x1024,Windows,Windows 10,edge 16.0,1280x1024
D5803 Build/23.5.A.1.291|UNK|chrome 62.0 for android|UNK,D5803 Build/23.5.A.1.291,,chrome 62.0 for android,
MacOS|Mac OS X 10_11_6|safari generic|1680x1050,MacOS,Mac OS X 10_11_6,safari generic,1680x1050
GT-I8190L Build/JZO54K|UNK|chrome 59.0 for android|UNK,GT-I8190L Build/JZO54K,,chrome 59.0 for android,
SM-A510M Build/LMY47X|UNK|chrome 61.0 for android|UNK,SM-A510M Build/LMY47X,,chrome 61.0 for android,
MacOS|Mac OS X 10_11_4|chrome 62.0|1280x800,MacOS,Mac OS X 10_11_4,chrome 62.0,1280x800
Nexus|Android 5.1.1|chrome 62.0 for android|UNK,Nexus,Android 5.1.1,chrome 62.0 for android,
Windows|Windows 7|chrome 61.0|1920x1200,Windows,Windows 7,chrome 61.0,1920x1200
iOS Device|iOS 11.0.3|mobile safari 11.0|2732x2048,iOS Device,iOS 11.0.3,mobile safari 11.0,2732x2048
Windows|Windows Vista|chrome 49.0|1024x768,Windows,Windows Vista,chrome 49.0,1024x768
SM-T580 Build/NRD90M|Android 7.0|chrome 62.0 for android|1920x1200,SM-T580 Build/NRD90M,Android 7.0,chrome 62.0 for android,1920x1200
MacOS|Mac OS X 10_11_6|other|1600x900,MacOS,Mac OS X 10_11_6,other,1600x900
Nexus|Android|chrome 62.0 for android|1920x1200,Nexus,Android,chrome 62.0 for android,1920x1200
Windows|Windows 10|firefox 57.0|3440x1440,Windows,Windows 10,firefox 57.0,3440x1440
Windows|Windows 7|firefox 57.0|1280x1024,Windows,Windows 7,firefox 57.0,1280x1024
Windows|Windows 8.1|chrome 60.0|1920x1080,Windows,Windows 8.1,chrome 60.0,1920x1080
MacOS|Mac OS X 10_12_6|safari generic|1600x900,MacOS,Mac OS X 10_12_6,safari generic,1600x900
SM-G900V|UNK|chrome 62.0 for android|UNK,SM-G900V,,chrome 62.0 for android,
MacOS|Mac OS X 10_10_5|chrome 61.0|2560x1440,MacOS,Mac OS X 10_10_5,chrome 61.0,2560x1440
ZEIA8|UNK|chrome 62.0 for android|UNK,ZEIA8,,chrome 62.0 for android,
SM-N920P Build/NRD90M|Android 7.0|chrome 62.0 for android|UNK,SM-N920P Build/NRD90M,Android 7.0,chrome 62.0 for android,
MacOS|Mac|safari generic|2560x1600,MacOS,Mac,safari generic,2560x1600
SM-T550|Android 6.0.1|chrome 62.0 for android|1024x768,SM-T550,Android 6.0.1,chrome 62.0 for android,1024x768
MacOS|Mac OS X 10_9_5|safari generic|2560x1440,MacOS,Mac OS X 10_9_5,safari generic,2560x1440
SAMSUNG SM-J320F Build/LMY47V|UNK|chrome generic|UNK,SAMSUNG SM-J320F Build/LMY47V,,chrome generic,
SAMSUNG SM-G950U1 Build/NRD90M|UNK|samsung browser 5.4|UNK,SAMSUNG SM-G950U1 Build/NRD90M,,samsung browser 5.4,
rv:48.0|UNK|firefox 48.0|UNK,rv:48.0,,firefox 48.0,
UNK|Linux|chrome 62.0|2960x1440,,Linux,chrome 62.0,2960x1440
HTC|UNK|chrome 62.0 for android|UNK,HTC,,chrome 62.0 for android,
MacOS|Mac OS X 10_10_5|chrome 62.0|1600x900,MacOS,Mac OS X 10_10_5,chrome 62.0,1600x900
MacOS|Mac OS X 10_12_6|safari generic|1024x640,MacOS,Mac OS X 10_12_6,safari generic,1024x640
iOS Device|iOS 11.0.2|mobile safari 11.0|2001x1125,iOS Device,iOS 11.0.2,mobile safari 11.0,2001x1125
LG-D693n Build/LRX22G|UNK|chrome 58.0 for android|UNK,LG-D693n Build/LRX22G,,chrome 58.0 for android,
MacOS|Mac OS X 10_7_5|chrome 49.0|1680x1050,MacOS,Mac OS X 10_7_5,chrome 49.0,1680x1050
MacOS|Mac OS X 10_10_5|chrome 63.0|2560x1600,MacOS,Mac OS X 10_10_5,chrome 63.0,2560x1600
MacOS|Mac|chrome 62.0|2560x1600,MacOS,Mac,chrome 62.0,2560x1600
MacOS|Mac OS X 10_12_2|chrome 62.0|1440x900,MacOS,Mac OS X 10_12_2,chrome 62.0,1440x900
iOS Device|iOS 11.0.0|mobile safari 11.0|1136x640,iOS Device,iOS 11.0.0,mobile safari 11.0,1136x640
VS501 Build/NRD90U|Android 7.0|chrome 62.0 for android|1280x720,VS501 Build/NRD90U,Android 7.0,chrome 62.0 for android,1280x720
Linux i686|Linux|firefox|1280x800,Linux i686,Linux,firefox,1280x800
Windows|Windows XP|chrome 49.0|1280x800,Windows,Windows XP,chrome 49.0,1280x800
MacOS|Mac OS X 10_10_5|chrome 61.0|2560x1600,MacOS,Mac OS X 10_10_5,chrome 61.0,2560x1600
SM-G900P Build/LRX21T|Android 5.0|chrome 62.0 for android|1920x1080,SM-G900P Build/LRX21T,Android 5.0,chrome 62.0 for android,1920x1080
es-us|UNK|chrome generic|UNK,es-us,,chrome generic,
SM-N910H|UNK|chrome 62.0 for android|UNK,SM-N910H,,chrome 62.0 for android,
Windows|Windows 10|edge 15.0|1280x800,Windows,Windows 10,edge 15.0,1280x800
SM-G920F Build/NRD90M|UNK|chrome 62.0 for android|UNK,SM-G920F Build/NRD90M,,chrome 62.0 for android,
SAMSUNG|Android 7.0|samsung browser 6.2|2562x1442,SAMSUNG,Android 7.0,samsung browser 6.2,2562x1442
iOS Device|iOS 10.2.0|mobile safari 10.0|2208x1242,iOS Device,iOS 10.2.0,mobile safari 10.0,2208x1242
CHC-U03 Build/HuaweiCHC-U03|UNK|chrome 56.0 for android|UNK,CHC-U03 Build/HuaweiCHC-U03,,chrome 56.0 for android,
SM-T560 Build/KTU84P|UNK|chrome 62.0 for android|UNK,SM-T560 Build/KTU84P,,chrome 62.0 for android,
Windows|Windows 10|firefox 57.0|1680x1050,Windows,Windows 10,firefox 57.0,1680x1050
iOS Device|iOS 11.0.0|mobile safari 11.0|2208x1242,iOS Device,iOS 11.0.0,mobile safari 11.0,2208x1242
MotoE2(4G-LTE|UNK|chrome generic|UNK,MotoE2(4G-LTE,,chrome generic,
SM-G935P Build/NRD90M|Android 7.0|chrome 61.0 for android|1920x1080,SM-G935P Build/NRD90M,Android 7.0,chrome 61.0 for android,1920x1080
iOS Device|iOS 11.1.0|mobile safari 11.0|2224x1668,iOS Device,iOS 11.1.0,mobile safari 11.0,2224x1668
LG-H542 Build/LRX22G|UNK|chrome 62.0 for android|UNK,LG-H542 Build/LRX22G,,chrome 62.0 for android,
Touch|UNK|ie 11.0 for desktop|UNK,Touch,,ie 11.0 for desktop,
Windows|Windows 7|chrome 62.0|1280x1025,Windows,Windows 7,chrome 62.0,1280x1025
Moto G (5) Build/NPP25.137-82|UNK|chrome generic|UNK,Moto G (5) Build/NPP25.137-82,,chrome generic,
UNK|UNK|mobile safari 8.0|UNK,,,mobile safari 8.0,
LG-X230 Build/MRA58K|UNK|chrome 62.0 for android|UNK,LG-X230 Build/MRA58K,,chrome 62.0 for android,
LG-K371|Android 7.0|chrome 62.0 for android|1280x720,LG-K371,Android 7.0,chrome 62.0 for android,1280x720
SM-N950U Build/NMF26X|Android 7.1.1|chrome 62.0 for android|2961x1442,SM-N950U Build/NMF26X,Android 7.1.1,chrome 62.0 for android,2961x1442
SM-G900P Build/MMB29M|Android 6.0.1|chrome 62.0 for android|1920x1080,SM-G900P Build/MMB29M,Android 6.0.1,chrome 62.0 for android,1920x1080
UNK|Android|chrome 60.0|855x480,,Android,chrome 60.0,855x480
Windows|Windows 10|chrome 63.0|1920x1080,Windows,Windows 10,chrome 63.0,1920x1080
iOS Device|iOS 10.1.1|mobile safari 10.0|2048x1536,iOS Device,iOS 10.1.1,mobile safari 10.0,2048x1536
Windows|Windows 10|edge 13.0|1680x1050,Windows,Windows 10,edge 13.0,1680x1050
Windows|Windows 10|chrome 59.0|1920x1200,Windows,Windows 10,chrome 59.0,1920x1200
Trident/7.0|Windows 7|ie 11.0 for desktop|1360x768,Trident/7.0,Windows 7,ie 11.0 for desktop,1360x768
F3113 Build/33.3.A.1.97|UNK|chrome 62.0 for android|UNK,F3113 Build/33.3.A.1.97,,chrome 62.0 for android,
iOS Device|iOS 11.1.1|mobile safari 11.0|2732x2048,iOS Device,iOS 11.1.1,mobile safari 11.0,2732x2048
rv:56.0|Windows 7|firefox 56.0|1920x1080,rv:56.0,Windows 7,firefox 56.0,1920x1080
MacOS|Mac OS X 10_13_1|chrome 62.0|1366x1024,MacOS,Mac OS X 10_13_1,chrome 62.0,1366x1024
SM-T560NU Build/MMB29M|Android 6.0.1|chrome 61.0 for android|1280x800,SM-T560NU Build/MMB29M,Android 6.0.1,chrome 61.0 for android,1280x800
MacOS|Mac OS X 10_11_6|chrome 62.0|2560x1440,MacOS,Mac OS X 10_11_6,chrome 62.0,2560x1440
MacOS|Mac OS X 10_12_6|chrome 62.0|1680x1050,MacOS,Mac OS X 10_12_6,chrome 62.0,1680x1050
SAMSUNG SM-A520F Build/NRD90M|UNK|samsung browser 6.2|UNK,SAMSUNG SM-A520F Build/NRD90M,,samsung browser 6.2,
MacOS|Mac OS X 10_13_1|chrome 61.0|1280x1024,MacOS,Mac OS X 10_13_1,chrome 61.0,1280x1024
rv:48.0|Mac|firefox 48.0|2560x1600,rv:48.0,Mac,firefox 48.0,2560x1600
UNK|UNK|chrome 58.0|UNK,,,chrome 58.0,
Windows|Windows 8.1|chrome 62.0|1680x1050,Windows,Windows 8.1,chrome 62.0,1680x1050
iOS Device|iOS 11.0.3|mobile safari generic|2048x1536,iOS Device,iOS 11.0.3,mobile safari generic,2048x1536
MacOS|Mac OS X 10_8_5|safari generic|2560x1440,MacOS,Mac OS X 10_8_5,safari generic,2560x1440
Windows|Windows 7|ie 11.0 for desktop|1680x1050,Windows,Windows 7,ie 11.0 for desktop,1680x1050
Windows|Windows 7|firefox 57.0|1024x768,Windows,Windows 7,firefox 57.0,1024x768
Windows|Windows Vista|firefox 52.0|1366x768,Windows,Windows Vista,firefox 52.0,1366x768
MDDRJS|Windows 10|ie 11.0 for desktop|1920x1080,MDDRJS,Windows 10,ie 11.0 for desktop,1920x1080
MacOS|Mac OS X 10_12_1|safari generic|1920x1080,MacOS,Mac OS X 10_12_1,safari generic,1920x1080
SM-P600 Build/LMY47X|UNK|chrome 62.0 for android|UNK,SM-P600 Build/LMY47X,,chrome 62.0 for android,
HTC U11 Build/NMF26X|UNK|chrome 62.0 for android|UNK,HTC U11 Build/NMF26X,,chrome 62.0 for android,
rv:52.0|Windows 8.1|firefox 52.0|1920x1080,rv:52.0,Windows 8.1,firefox 52.0,1920x1080
rv:56.0|Mac OS X 10.10|firefox 56.0|2560x1600,rv:56.0,Mac OS X 10.10,firefox 56.0,2560x1600
Windows|Windows 7|firefox 57.0|1280x800,Windows,Windows 7,firefox 57.0,1280x800
KFAPWI Build/KTU84M|Android|chrome generic|2560x1600,KFAPWI Build/KTU84M,Android,chrome generic,2560x1600
MacOS|Mac OS X 10_12_3|chrome 62.0|2880x1800,MacOS,Mac OS X 10_12_3,chrome 62.0,2880x1800
rv:11.0|Windows 7|ie 11.0 for desktop|1280x1024,rv:11.0,Windows 7,ie 11.0 for desktop,1280x1024
G3313|UNK|chrome 62.0 for android|UNK,G3313,,chrome 62.0 for android,
Trident/7.0|Windows 8.1|ie 11.0 for desktop|1920x1200,Trident/7.0,Windows 8.1,ie 11.0 for desktop,1920x1200
Windows|Windows XP|chrome generic|1920x1080,Windows,Windows XP,chrome generic,1920x1080
iOS Device|iOS 10.3.2|mobile safari 10.0|1136x640,iOS Device,iOS 10.3.2,mobile safari 10.0,1136x640
UNK|Android|chrome 62.0|960x540,,Android,chrome 62.0,960x540
Windows|Windows 10|chrome 62.0|1360x768,Windows,Windows 10,chrome 62.0,1360x768
rv:52.0|Windows 7|firefox 52.0|1440x900,rv:52.0,Windows 7,firefox 52.0,1440x900
AX920|UNK|chrome 62.0 for android|UNK,AX920,,chrome 62.0 for android,
Windows|Windows 7|chrome 59.0|1600x900,Windows,Windows 7,chrome 59.0,1600x900
rv:56.0|Windows 7|firefox 56.0|1366x768,rv:56.0,Windows 7,firefox 56.0,1366x768
SM-J327VPP Build/NRD90M|Android 7.0|chrome 62.0 for android|1280x720,SM-J327VPP Build/NRD90M,Android 7.0,chrome 62.0 for android,1280x720
LG-M320 Build/NRD90U|UNK|chrome 62.0 for android|UNK,LG-M320 Build/NRD90U,,chrome 62.0 for android,
Windows|Windows 10|chrome 58.0|1920x1080,Windows,Windows 10,chrome 58.0,1920x1080
SM-G610F|UNK|chrome 62.0 for android|UNK,SM-G610F,,chrome 62.0 for android,
Moto|UNK|chrome 62.0 for android|UNK,Moto,,chrome 62.0 for android,
Windows|Windows 7|chrome 55.0|1280x1024,Windows,Windows 7,chrome 55.0,1280x1024
rv:52.0|Mac OS X 10.13|firefox 52.0|2560x1600,rv:52.0,Mac OS X 10.13,firefox 52.0,2560x1600
rv:54.0|Mac OS X 10.11|firefox|2560x1440,rv:54.0,Mac OS X 10.11,firefox,2560x1440
Windows|Windows 10|edge 16.0|1600x1200,Windows,Windows 10,edge 16.0,1600x1200
SAMSUNG SM-J700M Build/MMB29K|UNK|samsung browser 4.0|UNK,SAMSUNG SM-J700M Build/MMB29K,,samsung browser 4.0,
MacOS|Mac|chrome 62.0|1680x1050,MacOS,Mac,chrome 62.0,1680x1050
QMV7A|Android 4.4.2|chrome 60.0 for android|UNK,QMV7A,Android 4.4.2,chrome 60.0 for android,
SM-T817V Build/NRD90M|Android 7.0|chrome 62.0 for android|2048x1536,SM-T817V Build/NRD90M,Android 7.0,chrome 62.0 for android,2048x1536
rv:57.0|Windows 7|firefox 57.0|1280x1024,rv:57.0,Windows 7,firefox 57.0,1280x1024
HTC Desire 530 Build/MMB29M|UNK|chrome 60.0 for android|UNK,HTC Desire 530 Build/MMB29M,,chrome 60.0 for android,
LG-LS998|Android 7.1.2|chrome 62.0 for android|UNK,LG-LS998,Android 7.1.2,chrome 62.0 for android,
Windows|Windows 7|chrome 58.0|1920x1200,Windows,Windows 7,chrome 58.0,1920x1200
Windows|Windows 8.1|chrome 61.0|1366x768,Windows,Windows 8.1,chrome 61.0,1366x768
Windows|Windows 7|chrome 60.0|1920x1080,Windows,Windows 7,chrome 60.0,1920x1080
Windows|Windows 7|chrome 63.0|1920x1080,Windows,Windows 7,chrome 63.0,1920x1080
MacOS|Mac OS X 10_10_5|safari generic|1366x768,MacOS,Mac OS X 10_10_5,safari generic,1366x768
Windows|Windows 7|chrome 56.0|1680x1050,Windows,Windows 7,chrome 56.0,1680x1050
Windows|Windows Vista|firefox 52.0|1024x768,Windows,Windows Vista,firefox 52.0,1024x768
rv:41.0|UNK|firefox|UNK,rv:41.0,,firefox,
GT-P5210 Build/JDQ39|UNK|chrome 62.0 for android|UNK,GT-P5210 Build/JDQ39,,chrome 62.0 for android,
Windows|Windows Vista|firefox 52.0|1440x900,Windows,Windows Vista,firefox 52.0,1440x900
SAMSUNG|Android|Samsung/SCH|1920x1080,SAMSUNG,Android,Samsung/SCH,1920x1080
SM-J730F|UNK|chrome 62.0 for android|UNK,SM-J730F,,chrome 62.0 for android,
Windows|Windows 10|firefox 57.0|1280x800,Windows,Windows 10,firefox 57.0,1280x800
MacOS|Mac OS X 10_11_3|chrome 62.0|2560x1440,MacOS,Mac OS X 10_11_3,chrome 62.0,2560x1440
Windows|Windows 10|edge 15.0|1152x864,Windows,Windows 10,edge 15.0,1152x864
KFJWI|Android|silk|1920x1200,KFJWI,Android,silk,1920x1200
iOS Device|iOS|mobile safari 8.0|1136x640,iOS Device,iOS,mobile safari 8.0,1136x640
Moto G (5) Plus Build/NPN25.137-83|Android 7.0|chrome generic|1920x1080,Moto G (5) Plus Build/NPN25.137-83,Android 7.0,chrome generic,1920x1080
MacOS|Mac OS X 10_12_3|chrome 62.0|1920x1080,MacOS,Mac OS X 10_12_3,chrome 62.0,1920x1080
SAMSUNG SM-G532M Build/MMB29T|UNK|Samsung/SM-G532M|UNK,SAMSUNG SM-G532M Build/MMB29T,,Samsung/SM-G532M,
Windows|Windows 8|chrome 62.0|1366x768,Windows,Windows 8,chrome 62.0,1366x768
Windows|Windows 8|firefox 57.0|1366x768,Windows,Windows 8,firefox 57.0,1366x768
MacOS|Mac OS X 10_12_4|safari generic|2560x1600,MacOS,Mac OS X 10_12_4,safari generic,2560x1600
HTC Desire 510 Build/KOT49H|Android 4.4.2|chrome 62.0 for android|855x480,HTC Desire 510 Build/KOT49H,Android 4.4.2,chrome 62.0 for android,855x480
Android|UNK|chrome generic|UNK,Android,,chrome generic,
MacOS|Mac OS X 10_10_5|chrome 60.0|1920x1080,MacOS,Mac OS X 10_10_5,chrome 60.0,1920x1080
iOS Device|iOS 11.2.0|mobile safari generic|1334x750,iOS Device,iOS 11.2.0,mobile safari generic,1334x750
LG-H810|Android 6.0|chrome 62.0 for android|2560x1440,LG-H810,Android 6.0,chrome 62.0 for android,2560x1440
UNK|Linux|chrome 62.0|1600x900,,Linux,chrome 62.0,1600x900
LG-H542 Build/MRA58K|UNK|chrome 54.0 for android|UNK,LG-H542 Build/MRA58K,,chrome 54.0 for android,
Moto G Play Build/MPIS24.241-15.3-7|UNK|chrome 58.0 for android|UNK,Moto G Play Build/MPIS24.241-15.3-7,,chrome 58.0 for android,
Moto G Play Build/MPIS24.241-15.3-7|UNK|chrome 59.0 for android|UNK,Moto G Play Build/MPIS24.241-15.3-7,,chrome 59.0 for android,
Trident/7.0|Windows 10|ie 11.0 for tablet|3000x2000,Trident/7.0,Windows 10,ie 11.0 for tablet,3000x2000
LG-K540 Build/MMB29M|Android 6.0.1|chrome 61.0 for android|1280x720,LG-K540 Build/MMB29M,Android 6.0.1,chrome 61.0 for android,1280x720
Windows|Windows Vista|aol|1024x768,Windows,Windows Vista,aol,1024x768
SM-G920P Build/NRD90M|Android 7.0|chrome 62.0 for android|2560x1440,SM-G920P Build/NRD90M,Android 7.0,chrome 62.0 for android,2560x1440
Windows|UNK|chrome 63.0|UNK,Windows,,chrome 63.0,
Windows|Windows Vista|chrome 49.0|1152x864,Windows,Windows Vista,chrome 49.0,1152x864
UNK|UNK|chrome 63.0|UNK,,,chrome 63.0,
iOS Device|iOS 10.3.1|mobile safari 10.0|1136x640,iOS Device,iOS 10.3.1,mobile safari 10.0,1136x640
D6603 Build/23.5.A.1.291|UNK|chrome 61.0 for android|UNK,D6603 Build/23.5.A.1.291,,chrome 61.0 for android,
iOS Device|iOS|mobile safari 9.0|1024x768,iOS Device,iOS,mobile safari 9.0,1024x768
XT1650|Android 7.1.1|chrome 62.0 for android|2560x1440,XT1650,Android 7.1.1,chrome 62.0 for android,2560x1440
Windows|Windows 7|chrome 60.0|1600x900,Windows,Windows 7,chrome 60.0,1600x900
Windows|Windows 7|chrome 62.0|1536x864,Windows,Windows 7,chrome 62.0,1536x864
MacOS|Mac OS X 10_11_6|chrome 62.0|1600x900,MacOS,Mac OS X 10_11_6,chrome 62.0,1600x900
Windows|Windows 10|chrome 51.0|1366x768,Windows,Windows 10,chrome 51.0,1366x768
SM-G531H Build/LMY48B|UNK|chrome 55.0 for android|UNK,SM-G531H Build/LMY48B,,chrome 55.0 for android,
MacOS|Mac OS X 10_12_5|chrome 62.0|2880x1800,MacOS,Mac OS X 10_12_5,chrome 62.0,2880x1800
MacOS|Mac OS X 10_11_6|safari generic|4096x2304,MacOS,Mac OS X 10_11_6,safari generic,4096x2304
D5306 Build/19.4.A.0.182|UNK|chrome 54.0 for android|UNK,D5306 Build/19.4.A.0.182,,chrome 54.0 for android,
SM-G935V Build/NRD90M|Android 7.0|chrome 62.0 for android|2560x1440,SM-G935V Build/NRD90M,Android 7.0,chrome 62.0 for android,2560x1440
MacOS|Mac OS X 10_10_5|chrome 62.0|2560x1600,MacOS,Mac OS X 10_10_5,chrome 62.0,2560x1600
QTASUN1 Build/NRD90M|Android 7.0|chrome 62.0 for android|1920x1200,QTASUN1 Build/NRD90M,Android 7.0,chrome 62.0 for android,1920x1200
LG-D693n Build/LRX22G|UNK|chrome generic|UNK,LG-D693n Build/LRX22G,,chrome generic,
SM-G930F Build/NRD90M|UNK|chrome 62.0 for android|UNK,SM-G930F Build/NRD90M,,chrome 62.0 for android,
Windows|Windows Vista|firefox 52.0|1920x1080,Windows,Windows Vista,firefox 52.0,1920x1080
SAMSUNG SM-G930A Build/NRD90M|Android 7.0|samsung browser 6.2|1920x1080,SAMSUNG SM-G930A Build/NRD90M,Android 7.0,samsung browser 6.2,1920x1080
LGMS550 Build/NRD90U|Android 7.0|chrome 62.0 for android|1280x720,LGMS550 Build/NRD90U,Android 7.0,chrome 62.0 for android,1280x720
SAMSUNG|Android 5.1.1|chrome generic|UNK,SAMSUNG,Android 5.1.1,chrome generic,
MacOS|Mac OS X 10_13_2|chrome 62.0|2880x1800,MacOS,Mac OS X 10_13_2,chrome 62.0,2880x1800
MacOS|Mac OS X 10_9_5|chrome 61.0|1920x1200,MacOS,Mac OS X 10_9_5,chrome 61.0,1920x1200
iOS Device|iOS 11.1.0|mobile safari generic|1334x750,iOS Device,iOS 11.1.0,mobile safari generic,1334x750
iOS Device|iOS 11.0.1|mobile safari 11.0|2208x1242,iOS Device,iOS 11.0.1,mobile safari 11.0,2208x1242
Linux x86_64|Linux|firefox 57.0|1920x1080,Linux x86_64,Linux,firefox 57.0,1920x1080
moto|Android 7.1.1|chrome 62.0 for android|1920x1080,moto,Android 7.1.1,chrome 62.0 for android,1920x1080
rv:52.0|Windows 7|firefox 52.0|1920x1080,rv:52.0,Windows 7,firefox 52.0,1920x1080
Windows|Windows 7|chrome 57.0|1280x1024,Windows,Windows 7,chrome 57.0,1280x1024
Windows|Windows 7|firefox 57.0|1280x768,Windows,Windows 7,firefox 57.0,1280x768
MacOS|Mac OS X 10_13_1|safari generic|1344x756,MacOS,Mac OS X 10_13_1,safari generic,1344x756
Windows|Windows 10|edge 15.0|1440x900,Windows,Windows 10,edge 15.0,1440x900
Windows|Windows 10|chrome 63.0|1680x1050,Windows,Windows 10,chrome 63.0,1680x1050
iOS Device|iOS 11.1.2|mobile safari 9.0|1136x640,iOS Device,iOS 11.1.2,mobile safari 9.0,1136x640
SM-A520F Build/NRD90M|UNK|chrome 62.0 for android|UNK,SM-A520F Build/NRD90M,,chrome 62.0 for android,
Windows|Windows 7|firefox 56.0|1680x1050,Windows,Windows 7,firefox 56.0,1680x1050
Windows|Windows 10|chrome 63.0|UNK,Windows,Windows 10,chrome 63.0,
Windows|Windows 7|chrome 63.0|1600x900,Windows,Windows 7,chrome 63.0,1600x900
SM-G920T Build/NRD90M|Android 7.0|chrome 62.0 for android|2560x1440,SM-G920T Build/NRD90M,Android 7.0,chrome 62.0 for android,2560x1440
Trident/7.0|Windows 8.1|ie 11.0 for desktop|1600x900,Trident/7.0,Windows 8.1,ie 11.0 for desktop,1600x900
MacOS|Mac OS X 10_13_2|safari generic|2880x1800,MacOS,Mac OS X 10_13_2,safari generic,2880x1800
MacOS|Mac OS X 10_13_1|chrome 61.0|2560x1600,MacOS,Mac OS X 10_13_1,chrome 61.0,2560x1600
Windows|Windows 10|chrome|1920x1080,Windows,Windows 10,chrome,1920x1080
rv:54.0|Windows 10|firefox|1920x1080,rv:54.0,Windows 10,firefox,1920x1080
Windows|Windows 8.1|firefox 57.0|1600x900,Windows,Windows 8.1,firefox 57.0,1600x900
iOS Device|iOS 11.1.1|mobile safari generic|2048x1536,iOS Device,iOS 11.1.1,mobile safari generic,2048x1536
Windows|Windows 7|chrome 63.0|1440x900,Windows,Windows 7,chrome 63.0,1440x900
MacOS|Mac OS X 10_13_1|chrome 62.0|2560x1440,MacOS,Mac OS X 10_13_1,chrome 62.0,2560x1440
MacOS|Mac OS X 10_11_6|safari generic|2560x1440,MacOS,Mac OS X 10_11_6,safari generic,2560x1440
rv:57.0|Mac OS X 10.11|firefox 57.0|2560x1600,rv:57.0,Mac OS X 10.11,firefox 57.0,2560x1600
Fractal|UNK|android webview 4.0|UNK,Fractal,,android webview 4.0,
MacOS|Mac OS X 10_11_6|chrome 63.0|2560x1600,MacOS,Mac OS X 10_11_6,chrome 63.0,2560x1600
Moto E (4) Build/NMA26.42-69|UNK|chrome generic|UNK,Moto E (4) Build/NMA26.42-69,,chrome generic,
HUAWEI|UNK|chrome 62.0 for android|UNK,HUAWEI,,chrome 62.0 for android,
MacOS|Mac OS X 10_11_5|safari generic|1920x1080,MacOS,Mac OS X 10_11_5,safari generic,1920x1080
Windows|UNK|chrome 63.0|1600x900,Windows,,chrome 63.0,1600x900
iOS Device|iOS 11.0.1|mobile safari generic|2208x1242,iOS Device,iOS 11.0.1,mobile safari generic,2208x1242
Windows|Windows 10|chrome 63.0|1366x768,Windows,Windows 10,chrome 63.0,1366x768
Windows|Windows 7|chrome 61.0|1366x768,Windows,Windows 7,chrome 61.0,1366x768
MacOS|Mac OS X 10_13_1|chrome 63.0|1920x1080,MacOS,Mac OS X 10_13_1,chrome 63.0,1920x1080
MacOS|Mac OS X 10_10_5|safari generic|1152x720,MacOS,Mac OS X 10_10_5,safari generic,1152x720
Windows|Windows XP|firefox 52.0|1680x1050,Windows,Windows XP,firefox 52.0,1680x1050
rv:11.0|Windows 7|ie 11.0 for desktop|1024x768,rv:11.0,Windows 7,ie 11.0 for desktop,1024x768
SAMSUNG SM-G955U Build/NRD90M|Android 7.0|samsung browser 6.2|2220x1080,SAMSUNG SM-G955U Build/NRD90M,Android 7.0,samsung browser 6.2,2220x1080
Trident/7.0|Windows 8.1|ie 11.0 for desktop|1280x1024,Trident/7.0,Windows 8.1,ie 11.0 for desktop,1280x1024
Trident/7.0|Windows 8.1|ie 11.0 for desktop|2160x1440,Trident/7.0,Windows 8.1,ie 11.0 for desktop,2160x1440
rv:57.0|Mac OS X 10.12|firefox 57.0|1600x1200,rv:57.0,Mac OS X 10.12,firefox 57.0,1600x1200
SM-T350 Build/NMF26X|Android 7.1.1|chrome 62.0 for android|1024x768,SM-T350 Build/NMF26X,Android 7.1.1,chrome 62.0 for android,1024x768
SAMSUNG SM-J730GM Build/NRD90M|UNK|samsung browser 6.2|UNK,SAMSUNG SM-J730GM Build/NRD90M,,samsung browser 6.2,
rv:52.0|Windows 10|firefox|1920x1080,rv:52.0,Windows 10,firefox,1920x1080
TA-1039 Build/N2G47H|UNK|chrome 62.0 for android|UNK,TA-1039 Build/N2G47H,,chrome 62.0 for android,
Windows|Windows 7|chrome 63.0|UNK,Windows,Windows 7,chrome 63.0,
MacOS|Mac OS X 10_12_1|safari generic|1440x900,MacOS,Mac OS X 10_12_1,safari generic,1440x900
SAMSUNG|Android 7.0|samsung browser 6.2|UNK,SAMSUNG,Android 7.0,samsung browser 6.2,
Windows|Windows 7|chrome 63.0|1366x768,Windows,Windows 7,chrome 63.0,1366x768
XT1003|UNK|chrome 62.0 for android|UNK,XT1003,,chrome 62.0 for android,
Windows|Windows 10|chrome 63.0|1600x900,Windows,Windows 10,chrome 63.0,1600x900
MacOS|Mac|safari generic|1280x800,MacOS,Mac,safari generic,1280x800
Windows|Windows 7|chrome 62.0|1728x972,Windows,Windows 7,chrome 62.0,1728x972
MacOS|Mac OS X 10_10_5|chrome 63.0|1440x900,MacOS,Mac OS X 10_10_5,chrome 63.0,1440x900
rv:57.0|Windows 7|firefox 57.0|1680x1050,rv:57.0,Windows 7,firefox 57.0,1680x1050
MacOS|Mac OS X 10_11_6|safari generic|5120x2880,MacOS,Mac OS X 10_11_6,safari generic,5120x2880
Windows|Windows 7|chrome 61.0|1600x1200,Windows,Windows 7,chrome 61.0,1600x1200
MacOS|Mac OS X 10_12_6|chrome 62.0|2560x1440,MacOS,Mac OS X 10_12_6,chrome 62.0,2560x1440
MacOS|Mac OS X 10_12_2|safari generic|1440x900,MacOS,Mac OS X 10_12_2,safari generic,1440x900
iOS Device|iOS|UNK|1136x640,iOS Device,iOS,,1136x640
LGLS676 Build/MXB48T|Android 6.0.1|chrome 53.0 for android|1280x720,LGLS676 Build/MXB48T,Android 6.0.1,chrome 53.0 for android,1280x720
SM-G930P Build/NRD90M|Android 7.0|chrome 62.0 for android|1280x720,SM-G930P Build/NRD90M,Android 7.0,chrome 62.0 for android,1280x720
UNK|UNK|firefox|UNK,,,firefox,
UNK|func|chrome 62.0 for ios|2048x1536,,func,chrome 62.0 for ios,2048x1536
MotoG3 Build/MPIS24.65-25.1-19|Android 6.0|chrome 62.0 for android|1280x720,MotoG3 Build/MPIS24.65-25.1-19,Android 6.0,chrome 62.0 for android,1280x720
Windows|Windows 10|chrome 51.0|1920x1080,Windows,Windows 10,chrome 51.0,1920x1080
MacOS|Mac OS X 10_12_6|chrome 62.0|3840x2400,MacOS,Mac OS X 10_12_6,chrome 62.0,3840x2400
MacOS|Mac|chrome 61.0|2880x1800,MacOS,Mac,chrome 61.0,2880x1800
MacOS|Mac OS X 10_12_6|safari generic|1920x1200,MacOS,Mac OS X 10_12_6,safari generic,1920x1200
rv:48.0|Mac|firefox 48.0|1920x1080,rv:48.0,Mac,firefox 48.0,1920x1080
BV6000|UNK|chrome 62.0 for android|UNK,BV6000,,chrome 62.0 for android,
SM-T230 Build/KOT49H|UNK|chrome 62.0 for android|UNK,SM-T230 Build/KOT49H,,chrome 62.0 for android,
Trident/7.0|Windows 7|ie 11.0 for desktop|1280x768,Trident/7.0,Windows 7,ie 11.0 for desktop,1280x768
MacOS|Mac OS X 10_13_2|safari generic|1440x900,MacOS,Mac OS X 10_13_2,safari generic,1440x900
SAMSUNG SM-G920P Build/NRD90M|Android 7.0|samsung browser 6.2|2560x1440,SAMSUNG SM-G920P Build/NRD90M,Android 7.0,samsung browser 6.2,2560x1440
LG-D693n Build/LRX22G|UNK|chrome 59.0 for android|UNK,LG-D693n Build/LRX22G,,chrome 59.0 for android,
SM-T710 Build/NRD90M|Android 7.0|chrome 62.0 for android|2048x1536,SM-T710 Build/NRD90M,Android 7.0,chrome 62.0 for android,2048x1536
Windows|Windows 7|chrome|1680x1050,Windows,Windows 7,chrome,1680x1050
Windows|Windows 8.1|chrome 63.0|1366x768,Windows,Windows 8.1,chrome 63.0,1366x768
HTC One A9 Build/NRD90M|UNK|chrome 62.0 for android|UNK,HTC One A9 Build/NRD90M,,chrome 62.0 for android,
NX785QC8G|Android 4.4.2|chrome 62.0 for android|1024x768,NX785QC8G,Android 4.4.2,chrome 62.0 for android,1024x768
rv:47.0|UNK|firefox 47.0|UNK,rv:47.0,,firefox 47.0,
E5506 Build/29.1.A.0.101|UNK|chrome 63.0 for android|UNK,E5506 Build/29.1.A.0.101,,chrome 63.0 for android,
Windows|Windows 10|firefox generic|1366x768,Windows,Windows 10,firefox generic,1366x768
iOS Device|iOS 10.3.3|mobile safari generic|2208x1242,iOS Device,iOS 10.3.3,mobile safari generic,2208x1242
LGL33L/V100|Android|other|855x480,LGL33L/V100,Android,other,855x480
MacOS|Mac OS X 10_11_6|chrome 61.0|1344x840,MacOS,Mac OS X 10_11_6,chrome 61.0,1344x840
SM-G920V Build/MMB29K|UNK|chrome 59.0 for android|UNK,SM-G920V Build/MMB29K,,chrome 59.0 for android,
Windows|UNK|firefox 56.0|UNK,Windows,,firefox 56.0,
Windows|Windows 10|chrome 60.0|1600x900,Windows,Windows 10,chrome 60.0,1600x900
HUAWEI RIO-L03 Build/HUAWEIRIO-L03|UNK|chrome generic|UNK,HUAWEI RIO-L03 Build/HUAWEIRIO-L03,,chrome generic,
MacOS|Mac OS X 10_13_2|chrome 62.0|3360x2100,MacOS,Mac OS X 10_13_2,chrome 62.0,3360x2100
rv:57.0|Mac OS X 10.13|firefox 57.0|2560x1440,rv:57.0,Mac OS X 10.13,firefox 57.0,2560x1440
rv:57.0|Mac OS X 10.12|firefox 57.0|1280x800,rv:57.0,Mac OS X 10.12,firefox 57.0,1280x800
VS995 Build/NRD90M|Android 7.0|android webview 4.0|2560x1440,VS995 Build/NRD90M,Android 7.0,android webview 4.0,2560x1440
Windows|Windows 7|chrome 59.0|1680x1050,Windows,Windows 7,chrome 59.0,1680x1050
iOS Device|iOS 11.0.1|mobile safari generic|1334x750,iOS Device,iOS 11.0.1,mobile safari generic,1334x750
SAMSUNG SM-G955U Build/NRD90M|Android 7.0|samsung browser 5.4|UNK,SAMSUNG SM-G955U Build/NRD90M,Android 7.0,samsung browser 5.4,
SM-J510FN|UNK|chrome 62.0 for android|UNK,SM-J510FN,,chrome 62.0 for android,
7055A Build/KVT49L|UNK|chrome 59.0 for android|UNK,7055A Build/KVT49L,,chrome 59.0 for android,
LGMS330 Build/LMY47V|Android 5.1.1|chrome 62.0 for android|855x480,LGMS330 Build/LMY47V,Android 5.1.1,chrome 62.0 for android,855x480
MacOS|Mac OS X 10_10_5|chrome 59.0|1280x800,MacOS,Mac OS X 10_10_5,chrome 59.0,1280x800
rv:57.0|Mac OS X 10.11|firefox 57.0|1366x768,rv:57.0,Mac OS X 10.11,firefox 57.0,1366x768
MacOS|Mac OS X 10_12_6|chrome 63.0|1440x900,MacOS,Mac OS X 10_12_6,chrome 63.0,1440x900
rv:57.0|Mac OS X 10.13|firefox 57.0|1920x1200,rv:57.0,Mac OS X 10.13,firefox 57.0,1920x1200
VS987 Build/NRD90U|Android 7.0|chrome 62.0 for android|2560x1440,VS987 Build/NRD90U,Android 7.0,chrome 62.0 for android,2560x1440
Windows|Windows 7|chrome 63.0|1280x1024,Windows,Windows 7,chrome 63.0,1280x1024
Microsoft|UNK|edge|UNK,Microsoft,,edge,
SM-T560NU Build/NMF26X|Android 7.1.1|chrome 62.0 for android|1280x800,SM-T560NU Build/NMF26X,Android 7.1.1,chrome 62.0 for android,1280x800
MacOS|Mac OS X 10_12_6|chrome 59.0|1440x900,MacOS,Mac OS X 10_12_6,chrome 59.0,1440x900
SAMSUNG SM-G955F Build/NRD90M|UNK|samsung browser 6.2|UNK,SAMSUNG SM-G955F Build/NRD90M,,samsung browser 6.2,
XT1053 Build/LPAS23.12-21.7-1|UNK|chrome 63.0 for android|UNK,XT1053 Build/LPAS23.12-21.7-1,,chrome 63.0 for android,
5025G Build/LMY47I|UNK|chrome 62.0 for android|UNK,5025G Build/LMY47I,,chrome 62.0 for android,
iOS Device|iOS 11.2.0|mobile safari generic|1136x640,iOS Device,iOS 11.2.0,mobile safari generic,1136x640
MacOS|Mac OS X 10_13_2|safari generic|3440x1440,MacOS,Mac OS X 10_13_2,safari generic,3440x1440
LG-H918 Build/NRD90M|Android 7.0|chrome 62.0 for android|UNK,LG-H918 Build/NRD90M,Android 7.0,chrome 62.0 for android,
HTC One M9 Build/NRD90M|UNK|chrome 62.0 for android|UNK,HTC One M9 Build/NRD90M,,chrome 62.0 for android,
SM-G935T Build/NRD90M|UNK|chrome 62.0 for android|UNK,SM-G935T Build/NRD90M,,chrome 62.0 for android,
rv:57.0|Mac OS X 10.13|firefox 57.0|1366x768,rv:57.0,Mac OS X 10.13,firefox 57.0,1366x768
SM-G531H Build/LMY48B|UNK|chrome 52.0 for android|UNK,SM-G531H Build/LMY48B,,chrome 52.0 for android,
MacOS|Mac OS X 10_13_2|chrome 63.0|1280x800,MacOS,Mac OS X 10_13_2,chrome 63.0,1280x800
rv:57.0|Windows 7|firefox 57.0|1920x1080,rv:57.0,Windows 7,firefox 57.0,1920x1080
SM-G900W8|UNK|chrome 62.0 for android|UNK,SM-G900W8,,chrome 62.0 for android,
iOS Device|iOS|other|2048x1536,iOS Device,iOS,other,2048x1536
SM-J320V Build/NMF26X|Android 7.1.1|chrome 62.0 for android|1280x720,SM-J320V Build/NMF26X,Android 7.1.1,chrome 62.0 for android,1280x720
SM-J105B Build/LMY47V|UNK|chrome 62.0 for android|UNK,SM-J105B Build/LMY47V,,chrome 62.0 for android,
MacOS|Mac OS X 10_13_1|chrome 63.0|3360x1890,MacOS,Mac OS X 10_13_1,chrome 63.0,3360x1890
SAMSUNG SM-G550T1 Build/MMB29K|Android 6.0.1|other|1280x720,SAMSUNG SM-G550T1 Build/MMB29K,Android 6.0.1,other,1280x720
MacOS|Mac OS X 10_12_6|chrome 62.0|2560x1080,MacOS,Mac OS X 10_12_6,chrome 62.0,2560x1080
Windows|Windows 7|chrome 63.0|1280x1025,Windows,Windows 7,chrome 63.0,1280x1025
5010S Build/MRA58K|UNK|chrome 62.0 for android|UNK,5010S Build/MRA58K,,chrome 62.0 for android,
UNK|Android|chrome 63.0|1280x720,,Android,chrome 63.0,1280x720
LG-H910 Build/NRD90M|Android 7.0|chrome 62.0 for android|2560x1440,LG-H910 Build/NRD90M,Android 7.0,chrome 62.0 for android,2560x1440
rv:45.0|Windows 7|firefox|1366x768,rv:45.0,Windows 7,firefox,1366x768
MacOS|Mac OS X 10_12_4|chrome 62.0|2560x1600,MacOS,Mac OS X 10_12_4,chrome 62.0,2560x1600
M4 SS4450 Build/MRA58K|UNK|chrome 55.0 for android|UNK,M4 SS4450 Build/MRA58K,,chrome 55.0 for android,
Windows|Windows 7|chrome 51.0|1920x1080,Windows,Windows 7,chrome 51.0,1920x1080
iOS Device|iOS 11.2.0|mobile safari 11.0|2732x2048,iOS Device,iOS 11.2.0,mobile safari 11.0,2732x2048
MotoE2 Build/LPCS23.13-56-5|UNK|chrome 61.0 for android|UNK,MotoE2 Build/LPCS23.13-56-5,,chrome 61.0 for android,
LGMS550 Build/NRD90U|Android 7.0|chrome 58.0 for android|1280x720,LGMS550 Build/NRD90U,Android 7.0,chrome 58.0 for android,1280x720
Windows|Windows 10|firefox 57.0|1152x864,Windows,Windows 10,firefox 57.0,1152x864
MacOS|Mac OS X 10_13_2|safari generic|2560x1440,MacOS,Mac OS X 10_13_2,safari generic,2560x1440
SAMSUNG-SM-G935A Build/NRD90M|Android 7.0|chrome 62.0 for android|1920x1080,SAMSUNG-SM-G935A Build/NRD90M,Android 7.0,chrome 62.0 for android,1920x1080
Windows|Windows 10|chrome 63.0|1440x900,Windows,Windows 10,chrome 63.0,1440x900
LGMS210 Build/NRD90U|Android 7.0|chrome 62.0 for android|1280x720,LGMS210 Build/NRD90U,Android 7.0,chrome 62.0 for android,1280x720
MacOS|Mac OS X 10_10_5|chrome 62.0|1920x1200,MacOS,Mac OS X 10_10_5,chrome 62.0,1920x1200
LG-M700 Build/NMF26X|UNK|chrome 58.0 for android|UNK,LG-M700 Build/NMF26X,,chrome 58.0 for android,
SM-G930V Build/MMB29M|Android 6.0.1|chrome 53.0 for android|2560x1440,SM-G930V Build/MMB29M,Android 6.0.1,chrome 53.0 for android,2560x1440
Windows|Windows Vista|firefox 52.0|1152x864,Windows,Windows Vista,firefox 52.0,1152x864
SM-A510M Build/MMB29K|UNK|chrome 63.0 for android|UNK,SM-A510M Build/MMB29K,,chrome 63.0 for android,
Windows|Windows 7|ie 11.0 for desktop|1440x900,Windows,Windows 7,ie 11.0 for desktop,1440x900
5054N|UNK|chrome 61.0 for android|UNK,5054N,,chrome 61.0 for android,
MacOS|Mac OS X 10_12_6|chrome 62.0|1600x900,MacOS,Mac OS X 10_12_6,chrome 62.0,1600x900
Windows|Windows 10|chrome 60.0|1920x1200,Windows,Windows 10,chrome 60.0,1920x1200
Windows|Windows 10|chrome 60.0|1366x768,Windows,Windows 10,chrome 60.0,1366x768
MacOS|Mac OS X 10_12_4|chrome 62.0|1440x900,MacOS,Mac OS X 10_12_4,chrome 62.0,1440x900
SAMSUNG SM-G900A Build/MMB29M|Android 6.0.1|samsung browser 6.2|1920x1080,SAMSUNG SM-G900A Build/MMB29M,Android 6.0.1,samsung browser 6.2,1920x1080
Windows|Windows 7|chrome 62.0|2560x1080,Windows,Windows 7,chrome 62.0,2560x1080
MacOS|Mac OS X 10_12_6|chrome 63.0|1280x800,MacOS,Mac OS X 10_12_6,chrome 63.0,1280x800
MacOS|Mac|chrome 62.0|2560x1440,MacOS,Mac,chrome 62.0,2560x1440
CAM-L03 Build/HUAWEICAM-L03|UNK|chrome 60.0 for android|UNK,CAM-L03 Build/HUAWEICAM-L03,,chrome 60.0 for android,
MacOS|Mac OS X 10_12_5|chrome 61.0|1440x900,MacOS,Mac OS X 10_12_5,chrome 61.0,1440x900
SM-G935V|Android 6.0.1|chrome 63.0 for android|2560x1440,SM-G935V,Android 6.0.1,chrome 63.0 for android,2560x1440
SAMSUNG-SM-T677A|Android 5.1.1|chrome generic|1920x1080,SAMSUNG-SM-T677A,Android 5.1.1,chrome generic,1920x1080
Windows|Windows 7|ie 11.0 for desktop|2560x1440,Windows,Windows 7,ie 11.0 for desktop,2560x1440
SM-J500FN|UNK|chrome 62.0 for android|UNK,SM-J500FN,,chrome 62.0 for android,
LGMP450 Build/NRD90U|Android 7.0|chrome 62.0 for android|1920x1080,LGMP450 Build/NRD90U,Android 7.0,chrome 62.0 for android,1920x1080
SM-G930V Build/NRD90M|Android 7.0|chrome 63.0 for android|1920x1080,SM-G930V Build/NRD90M,Android 7.0,chrome 63.0 for android,1920x1080
Nexus|Android 8.0.0|UNK|UNK,Nexus,Android 8.0.0,,
MacOS|Mac OS X 10_7_5|chrome 49.0|1152x720,MacOS,Mac OS X 10_7_5,chrome 49.0,1152x720
iOS Device|iOS|mobile safari 10.0|1136x640,iOS Device,iOS,mobile safari 10.0,1136x640
Windows|Windows 10|edge 16.0|1360x768,Windows,Windows 10,edge 16.0,1360x768
rv:57.0|Mac OS X 10.12|firefox 57.0|3360x2100,rv:57.0,Mac OS X 10.12,firefox 57.0,3360x2100
Windows|Windows 10|edge 16.0|3840x2160,Windows,Windows 10,edge 16.0,3840x2160
Windows|Windows 10|chrome 62.0|1536x1152,Windows,Windows 10,chrome 62.0,1536x1152
MacOS|Mac OS X 10_11_4|safari generic|2560x1600,MacOS,Mac OS X 10_11_4,safari generic,2560x1600
Pixel 2 Build/OPM1.171019.011|Android 8.1.0|chrome 63.0 for android|UNK,Pixel 2 Build/OPM1.171019.011,Android 8.1.0,chrome 63.0 for android,
Windows|Windows 7|opera 49.0|1920x1200,Windows,Windows 7,opera 49.0,1920x1200
LG-H870 Build/NRD90U|UNK|chrome 61.0 for android|UNK,LG-H870 Build/NRD90U,,chrome 61.0 for android,
ALE-L23 Build/HuaweiALE-L23|UNK|chrome 51.0 for android|UNK,ALE-L23 Build/HuaweiALE-L23,,chrome 51.0 for android,
SM-J701M Build/NRD90M|UNK|chrome 62.0 for android|UNK,SM-J701M Build/NRD90M,,chrome 62.0 for android,
UNK|Linux|chrome 60.0|1360x768,,Linux,chrome 60.0,1360x768
UNK|UNK|firefox 47.0|UNK,,,firefox 47.0,
Z798BL Build/MMB29M|Android 6.0.1|chrome 53.0 for android|855x480,Z798BL Build/MMB29M,Android 6.0.1,chrome 53.0 for android,855x480
MacOS|Mac OS X 10_12_4|safari generic|1440x900,MacOS,Mac OS X 10_12_4,safari generic,1440x900
MacOS|Mac OS X 10_13_1|chrome|1366x768,MacOS,Mac OS X 10_13_1,chrome,1366x768
rv:57.0|Windows 7|firefox 57.0|1280x800,rv:57.0,Windows 7,firefox 57.0,1280x800
HUAWEI CUN-L03 Build/HUAWEICUN-L03|UNK|chrome 50.0 for android|UNK,HUAWEI CUN-L03 Build/HUAWEICUN-L03,,chrome 50.0 for android,
Windows|Windows 7|chrome 63.0|3440x1440,Windows,Windows 7,chrome 63.0,3440x1440
Windows|Windows 7|UNK|1366x768,Windows,Windows 7,,1366x768
iOS Device|iOS 11.0.1|mobile safari generic|2048x1536,iOS Device,iOS 11.0.1,mobile safari generic,2048x1536
MacOS|Mac OS X 10_10_5|chrome 62.0|2560x1440,MacOS,Mac OS X 10_10_5,chrome 62.0,2560x1440
MacOS|Mac OS X 10_12_6|chrome 62.0|3360x1890,MacOS,Mac OS X 10_12_6,chrome 62.0,3360x1890
MDDRJS|Windows 7|ie 11.0 for desktop|1440x900,MDDRJS,Windows 7,ie 11.0 for desktop,1440x900
Lenovo-A6020l36 Build/LMY47V|UNK|other|UNK,Lenovo-A6020l36 Build/LMY47V,,other,
VS820|Android 5.1.1|chrome 61.0 for android|855x480,VS820,Android 5.1.1,chrome 61.0 for android,855x480
iOS Device|iOS 11.0.3|mobile safari generic|1136x640,iOS Device,iOS 11.0.3,mobile safari generic,1136x640
Nexus 6P Build/OPR5.170623.011|Android 8.0.0|UNK|UNK,Nexus 6P Build/OPR5.170623.011,Android 8.0.0,,
KFTHWI Build/KTU84M|Android|chrome generic|1920x1200,KFTHWI Build/KTU84M,Android,chrome generic,1920x1200
LG-K530 Build/NRD90U|UNK|chrome 58.0 for android|UNK,LG-K530 Build/NRD90U,,chrome 58.0 for android,
iOS Device|iOS 9.3.5|mobile safari generic|1334x750,iOS Device,iOS 9.3.5,mobile safari generic,1334x750
rv:56.0|Windows 10|firefox|1366x768,rv:56.0,Windows 10,firefox,1366x768
MacOS|Mac OS X 10_12_6|chrome 57.0|3360x2100,MacOS,Mac OS X 10_12_6,chrome 57.0,3360x2100
SM-T827V Build/NRD90M|Android 7.0|chrome 63.0 for android|UNK,SM-T827V Build/NRD90M,Android 7.0,chrome 63.0 for android,
SAMSUNG SM-G935F Build/MMB29K|UNK|samsung browser 6.2|UNK,SAMSUNG SM-G935F Build/MMB29K,,samsung browser 6.2,
UNK|Linux|chrome 63.0|1200x675,,Linux,chrome 63.0,1200x675
SM-G900V Build/MMB29M|Android 6.0.1|chrome 56.0 for android|1920x1080,SM-G900V Build/MMB29M,Android 6.0.1,chrome 56.0 for android,1920x1080
LG-H650 Build/MRA58K|UNK|chrome 62.0 for android|UNK,LG-H650 Build/MRA58K,,chrome 62.0 for android,
SAMSUNG-SGH-I337 Build/KOT49H|UNK|chrome 62.0 for android|UNK,SAMSUNG-SGH-I337 Build/KOT49H,,chrome 62.0 for android,
LG-K220 Build/MXB48T|UNK|chrome 62.0 for android|UNK,LG-K220 Build/MXB48T,,chrome 62.0 for android,
LG-H810/H81021z|Android 6.0|android webview 4.0|2560x1440,LG-H810/H81021z,Android 6.0,android webview 4.0,2560x1440
SM-T550 Build/NMF26X|Android 7.1.1|chrome 60.0 for android|1024x768,SM-T550 Build/NMF26X,Android 7.1.1,chrome 60.0 for android,1024x768
UNK|UNK|edge 15.0|UNK,,,edge 15.0,
Trident/7.0|Windows 10|ie 11.0 for desktop|1280x720,Trident/7.0,Windows 10,ie 11.0 for desktop,1280x720
E5506 Build/29.1.A.0.101|UNK|chrome 62.0 for android|UNK,E5506 Build/29.1.A.0.101,,chrome 62.0 for android,
ALE-L21 Build/HuaweiALE-L21|UNK|chrome 62.0 for android|UNK,ALE-L21 Build/HuaweiALE-L21,,chrome 62.0 for android,
Windows|Windows XP|firefox 52.0|1440x900,Windows,Windows XP,firefox 52.0,1440x900
Redmi 4X Build/N2G47H|UNK|chrome 62.0 for android|UNK,Redmi 4X Build/N2G47H,,chrome 62.0 for android,
Windows|Windows 10|edge 16.0|2736x1824,Windows,Windows 10,edge 16.0,2736x1824
Windows|Windows 10|chrome 62.0|2880x1800,Windows,Windows 10,chrome 62.0,2880x1800
Windows|Windows 7|chrome 62.0|1280x768,Windows,Windows 7,chrome 62.0,1280x768
SM-G950U Build/NRD90M|Android 7.0|chrome 62.0 for android|1480x720,SM-G950U Build/NRD90M,Android 7.0,chrome 62.0 for android,1480x720
SAMSUNG SM-G935A Build/NRD90M|Android 7.0|samsung browser 6.2|1920x1080,SAMSUNG SM-G935A Build/NRD90M,Android 7.0,samsung browser 6.2,1920x1080
MacOS|Mac OS X 10_11_6|chrome 62.0|1680x1050,MacOS,Mac OS X 10_11_6,chrome 62.0,1680x1050
UNK|Android|chrome 59.0|1280x720,,Android,chrome 59.0,1280x720
rv:58.0|UNK|firefox|UNK,rv:58.0,,firefox,
Pixel|Android 7.1.2|chrome 62.0 for android|2562x1442,Pixel,Android 7.1.2,chrome 62.0 for android,2562x1442
iOS Device|iOS 11.1.2|mobile safari uiwebview|2208x1242,iOS Device,iOS 11.1.2,mobile safari uiwebview,2208x1242
MacOS|Mac OS X 10_13_1|chrome 63.0|2880x1800,MacOS,Mac OS X 10_13_1,chrome 63.0,2880x1800
LG-X180g Build/LMY47I|UNK|chrome 60.0 for android|UNK,LG-X180g Build/LMY47I,,chrome 60.0 for android,
Windows|Windows 10|chrome 63.0|3840x2160,Windows,Windows 10,chrome 63.0,3840x2160
SM-T713 Build/NRD90M|UNK|chrome 63.0 for android|UNK,SM-T713 Build/NRD90M,,chrome 63.0 for android,
5051A Build/MMB29M|UNK|chrome 50.0 for android|UNK,5051A Build/MMB29M,,chrome 50.0 for android,
SAMSUNG SM-G950U Build/NRD90M|Android 7.0|samsung browser 5.4|2220x1080,SAMSUNG SM-G950U Build/NRD90M,Android 7.0,samsung browser 5.4,2220x1080
Trident/7.0|Windows 10|ie 11.0 for tablet|1600x900,Trident/7.0,Windows 10,ie 11.0 for tablet,1600x900
LG-P714|UNK|chrome 61.0 for android|UNK,LG-P714,,chrome 61.0 for android,
UNK|UNK|chrome 60.0|UNK,,,chrome 60.0,
Linux x86_64|UNK|firefox 57.0|UNK,Linux x86_64,,firefox 57.0,
Windows|Windows 7|UNK|1344x840,Windows,Windows 7,,1344x840
SAMSUNG SM-G531H Build/LMY48B|UNK|Samsung/SM-G531H|UNK,SAMSUNG SM-G531H Build/LMY48B,,Samsung/SM-G531H,
SM-G928G Build/NRD90M|UNK|chrome 63.0 for android|UNK,SM-G928G Build/NRD90M,,chrome 63.0 for android,
X10|Android 5.1.1|chrome 43.0 for android|1024x600,X10,Android 5.1.1,chrome 43.0 for android,1024x600
SM-T560 Build/KTU84P|UNK|chrome 58.0 for android|UNK,SM-T560 Build/KTU84P,,chrome 58.0 for android,
GT-P5210 Build/KOT49H|Android 4.4.2|chrome 62.0 for android|1280x800,GT-P5210 Build/KOT49H,Android 4.4.2,chrome 62.0 for android,1280x800
Windows|Windows 7|chrome 56.0|1366x768,Windows,Windows 7,chrome 56.0,1366x768
MacOS|Mac OS X 10_12_6|chrome 63.0|2880x1800,MacOS,Mac OS X 10_12_6,chrome 63.0,2880x1800
SM-A710M|UNK|chrome 63.0 for android|UNK,SM-A710M,,chrome 63.0 for android,
Trident/7.0|Windows 8.1|ie 11.0 for desktop|1680x1050,Trident/7.0,Windows 8.1,ie 11.0 for desktop,1680x1050
GT-I9500|UNK|chrome 62.0 for android|UNK,GT-I9500,,chrome 62.0 for android,
HUAWEI Y625-U13 Build/HUAWEIY625-U13|UNK|chrome 62.0 for android|UNK,HUAWEI Y625-U13 Build/HUAWEIY625-U13,,chrome 62.0 for android,
Hisense L675 Build/MRA58K|UNK|chrome 60.0 for android|UNK,Hisense L675 Build/MRA58K,,chrome 60.0 for android,
P5526A Build/NRD90M|UNK|chrome 62.0 for android|UNK,P5526A Build/NRD90M,,chrome 62.0 for android,
Pixel|Android 8.0.0|chrome 63.0 for android|UNK,Pixel,Android 8.0.0,chrome 63.0 for android,
SM-T818V|Android 7.0|chrome 62.0 for android|UNK,SM-T818V,Android 7.0,chrome 62.0 for android,
es-mx|UNK|chrome generic|UNK,es-mx,,chrome generic,
SAMSUNG|Android 6.0.1|samsung browser 6.2|1280x720,SAMSUNG,Android 6.0.1,samsung browser 6.2,1280x720
TA-1039 Build/NMF26F|UNK|chrome 62.0 for android|UNK,TA-1039 Build/NMF26F,,chrome 62.0 for android,
HUAWEI CUN-L03 Build/HUAWEICUN-L03|UNK|chrome 62.0 for android|UNK,HUAWEI CUN-L03 Build/HUAWEICUN-L03,,chrome 62.0 for android,
SM-A310M Build/LMY47X|UNK|chrome 62.0 for android|UNK,SM-A310M Build/LMY47X,,chrome 62.0 for android,
LG-D851|Android 6.0|android webview 4.0|2560x1440,LG-D851,Android 6.0,android webview 4.0,2560x1440
SAMSUNG-SM-G935A Build/NRD90M|Android 7.0|chrome 62.0 for android|2560x1440,SAMSUNG-SM-G935A Build/NRD90M,Android 7.0,chrome 62.0 for android,2560x1440
iOS Device|iOS 10.2.1|mobile safari 10.0|2001x1125,iOS Device,iOS 10.2.1,mobile safari 10.0,2001x1125
Windows|Windows 10|waterfox|1366x768,Windows,Windows 10,waterfox,1366x768
SM-J320V Build/MMB29M|Android 6.0.1|chrome 50.0 for android|1280x720,SM-J320V Build/MMB29M,Android 6.0.1,chrome 50.0 for android,1280x720
SM-G570M Build/MMB29K|UNK|chrome 63.0 for android|UNK,SM-G570M Build/MMB29K,,chrome 63.0 for android,
SM-G570M Build/MMB29K|UNK|chrome 59.0 for android|UNK,SM-G570M Build/MMB29K,,chrome 59.0 for android,
Windows|Windows 8.1|chrome 63.0|1920x1080,Windows,Windows 8.1,chrome 63.0,1920x1080
LG-H990 Build/NRD90M|Android 7.0|chrome 62.0 for android|2560x1440,LG-H990 Build/NRD90M,Android 7.0,chrome 62.0 for android,2560x1440
LG-V495/V49520l|Android 6.0|android webview 4.0|UNK,LG-V495/V49520l,Android 6.0,android webview 4.0,
ALE-L23 Build/HuaweiALE-L23|UNK|chrome 63.0 for android|UNK,ALE-L23 Build/HuaweiALE-L23,,chrome 63.0 for android,
MacOS|Mac OS X 10_13_1|safari generic|3840x2160,MacOS,Mac OS X 10_13_1,safari generic,3840x2160
iOS Device|iOS 10.3.2|mobile safari generic|1136x640,iOS Device,iOS 10.3.2,mobile safari generic,1136x640
SM-T350 Build/MMB29M|Android 6.0.1|chrome 62.0 for android|1024x768,SM-T350 Build/MMB29M,Android 6.0.1,chrome 62.0 for android,1024x768
SM-T810 Build/NRD90M|Android 7.0|chrome 61.0 for android|2048x1536,SM-T810 Build/NRD90M,Android 7.0,chrome 61.0 for android,2048x1536
iOS Device|iOS 11.2.0|chrome 62.0 for ios|2732x2048,iOS Device,iOS 11.2.0,chrome 62.0 for ios,2732x2048
PRA-LX3 Build/HUAWEIPRA-LX3|UNK|chrome 62.0 for android|UNK,PRA-LX3 Build/HUAWEIPRA-LX3,,chrome 62.0 for android,
Windows|Windows 8|firefox 57.0|1440x900,Windows,Windows 8,firefox 57.0,1440x900
UNK|Linux|chrome 62.0|2400x1600,,Linux,chrome 62.0,2400x1600
XT1080 Build/SU6-7.7|Android|chrome generic|1280x720,XT1080 Build/SU6-7.7,Android,chrome generic,1280x720
SM-G950U Build/NRD90M|Android 7.0|chrome 62.0 for android|UNK,SM-G950U Build/NRD90M,Android 7.0,chrome 62.0 for android,
Windows|Windows 10|edge 16.0|1440x900,Windows,Windows 10,edge 16.0,1440x900
MacOS|Mac OS X 10_12_3|chrome 58.0|1366x768,MacOS,Mac OS X 10_12_3,chrome 58.0,1366x768
5011A Build/NRD90M|UNK|chrome 63.0 for android|UNK,5011A Build/NRD90M,,chrome 63.0 for android,
MacOS|Mac OS X 10_11_5|safari generic|3200x1800,MacOS,Mac OS X 10_11_5,safari generic,3200x1800
MacOS|Mac OS X 10_10_5|chrome 62.0|1366x768,MacOS,Mac OS X 10_10_5,chrome 62.0,1366x768
HUAWEI Y520-U03 Build/HUAWEIY520-U03|UNK|chrome 60.0 for android|UNK,HUAWEI Y520-U03 Build/HUAWEIY520-U03,,chrome 60.0 for android,
Lenovo A2016b30 Build/MRA58K|UNK|chrome 61.0 for android|UNK,Lenovo A2016b30 Build/MRA58K,,chrome 61.0 for android,
XT1635-01 Build/NDNS26.118-23-12-3|Android 7.1.1|chrome 62.0 for android|1920x1080,XT1635-01 Build/NDNS26.118-23-12-3,Android 7.1.1,chrome 62.0 for android,1920x1080
rv:57.0|Mac OS X 10.10|firefox 57.0|1366x768,rv:57.0,Mac OS X 10.10,firefox 57.0,1366x768
MYA-L23|UNK|chrome 62.0 for android|UNK,MYA-L23,,chrome 62.0 for android,
iOS Device|iOS 9.3.5|mobile safari generic|2001x1125,iOS Device,iOS 9.3.5,mobile safari generic,2001x1125
MacOS|Mac OS X 10_12|safari generic|1280x800,MacOS,Mac OS X 10_12,safari generic,1280x800
rv:57.0|Windows 8.1|firefox 57.0|UNK,rv:57.0,Windows 8.1,firefox 57.0,
Windows|Windows Vista|chrome 49.0|1600x900,Windows,Windows Vista,chrome 49.0,1600x900
Windows|Windows 10|edge 16.0|1152x864,Windows,Windows 10,edge 16.0,1152x864
SM-G950U Build/NRD90M|Android 7.0|chrome 60.0 for android|2220x1080,SM-G950U Build/NRD90M,Android 7.0,chrome 60.0 for android,2220x1080
HUAWEI TAG-L13 Build/HUAWEITAG-L13|UNK|chrome 61.0 for android|UNK,HUAWEI TAG-L13 Build/HUAWEITAG-L13,,chrome 61.0 for android,
K88 Build/MMB29M|Android 6.0.1|chrome 60.0 for android|UNK,K88 Build/MMB29M,Android 6.0.1,chrome 60.0 for android,
LG-K410 Build/LRX22G|UNK|other|UNK,LG-K410 Build/LRX22G,,other,
Windows|Windows 7|chrome 55.0|1920x1080,Windows,Windows 7,chrome 55.0,1920x1080
MacOS|Mac OS X 10_10_5|chrome 61.0|1440x900,MacOS,Mac OS X 10_10_5,chrome 61.0,1440x900
UNK|UNK|chrome 59.0|UNK,,,chrome 59.0,
Windows|Windows 10|chrome 63.0|3200x1800,Windows,Windows 10,chrome 63.0,3200x1800
MotoG3 Build/MPIS24.107-55-2-17|UNK|chrome 58.0 for android|UNK,MotoG3 Build/MPIS24.107-55-2-17,,chrome 58.0 for android,
UNK|func|chrome 62.0|1366x768,,func,chrome 62.0,1366x768
Trident/7.0|other|Nokia/Lumia|UNK,Trident/7.0,other,Nokia/Lumia,
MacOS|Mac OS X 10_9_5|chrome 62.0|1366x768,MacOS,Mac OS X 10_9_5,chrome 62.0,1366x768
LGLS770|Android 6.0|android webview 4.0|1280x720,LGLS770,Android 6.0,android webview 4.0,1280x720
SM-G925T Build/NRD90M|UNK|chrome 62.0 for android|UNK,SM-G925T Build/NRD90M,,chrome 62.0 for android,
Trident/7.0|Windows 10|ie 11.0 for desktop|1024x768,Trident/7.0,Windows 10,ie 11.0 for desktop,1024x768
Windows|Windows 8.1|chrome 62.0|2160x1440,Windows,Windows 8.1,chrome 62.0,2160x1440
MacOS|Mac OS X 10_13_2|chrome 63.0|3840x2160,MacOS,Mac OS X 10_13_2,chrome 63.0,3840x2160
MacOS|Mac OS X 10_12_4|safari generic|1366x768,MacOS,Mac OS X 10_12_4,safari generic,1366x768
Pixel|Android 8.0.0|UNK|UNK,Pixel,Android 8.0.0,,
LG-M153 Build/MXB48T|UNK|chrome 53.0 for android|UNK,LG-M153 Build/MXB48T,,chrome 53.0 for android,
QTAIR7 Build/LMY47D|Android|chrome 62.0 for android|1920x1200,QTAIR7 Build/LMY47D,Android,chrome 62.0 for android,1920x1200
rv:57.0|Mac OS X 10.9|firefox 57.0|2560x1440,rv:57.0,Mac OS X 10.9,firefox 57.0,2560x1440
Moto Z2 Play Build/NPS26.74-16-1|UNK|chrome 62.0 for android|UNK,Moto Z2 Play Build/NPS26.74-16-1,,chrome 62.0 for android,
Windows|Windows 10|chrome 63.0|2160x1440,Windows,Windows 10,chrome 63.0,2160x1440
XT1635-01 Build/NDNS26.118-23-12-3|UNK|chrome 62.0 for android|UNK,XT1635-01 Build/NDNS26.118-23-12-3,,chrome 62.0 for android,
2PQ93|Android 7.0|chrome 59.0 for android|1920x1080,2PQ93,Android 7.0,chrome 59.0 for android,1920x1080
SM-G900V Build/MMB29M|Android 6.0.1|chrome 63.0 for android|1920x1080,SM-G900V Build/MMB29M,Android 6.0.1,chrome 63.0 for android,1920x1080
MacOS|Mac OS X 10_11_4|chrome 63.0|2560x1600,MacOS,Mac OS X 10_11_4,chrome 63.0,2560x1600
LG-K500 Build/MMB29M|UNK|chrome 63.0 for android|UNK,LG-K500 Build/MMB29M,,chrome 63.0 for android,
Windows|Windows 10|firefox 57.0|2560x1440,Windows,Windows 10,firefox 57.0,2560x1440
Trident/7.0|Windows 10|ie 11.0 for tablet|1360x768,Trident/7.0,Windows 10,ie 11.0 for tablet,1360x768
rv:57.0|Mac OS X 10.11|firefox 57.0|1920x1200,rv:57.0,Mac OS X 10.11,firefox 57.0,1920x1200
SM-J111M Build/LMY47V|UNK|chrome 62.0 for android|UNK,SM-J111M Build/LMY47V,,chrome 62.0 for android,
MacOS|Mac OS X 10_12_6|chrome 60.0|2880x1800,MacOS,Mac OS X 10_12_6,chrome 60.0,2880x1800
SM-S320VL|UNK|chrome 62.0 for android|UNK,SM-S320VL,,chrome 62.0 for android,
rv:56.0|Mac OS X 10.10|firefox 56.0|1366x768,rv:56.0,Mac OS X 10.10,firefox 56.0,1366x768
MacOS|Mac OS X 10_11_5|chrome 62.0|1280x800,MacOS,Mac OS X 10_11_5,chrome 62.0,1280x800
HUAWEI RIO-L03 Build/HUAWEIRIO-L03|UNK|chrome 59.0 for android|UNK,HUAWEI RIO-L03 Build/HUAWEIRIO-L03,,chrome 59.0 for android,
Windows|Windows 7|firefox 52.0|1440x900,Windows,Windows 7,firefox 52.0,1440x900
iOS Device|iOS 10.1.1|mobile safari 10.0|1136x640,iOS Device,iOS 10.1.1,mobile safari 10.0,1136x640
LG-H901|Android 6.0|chrome 62.0 for android|2560x1440,LG-H901,Android 6.0,chrome 62.0 for android,2560x1440
MacOS|Mac OS X 10_13_2|safari generic|2560x1600,MacOS,Mac OS X 10_13_2,safari generic,2560x1600
ILIUM|UNK|chrome 59.0 for android|UNK,ILIUM,,chrome 59.0 for android,
MacOS|Mac OS X 10_12_6|chrome 63.0|4096x2304,MacOS,Mac OS X 10_12_6,chrome 63.0,4096x2304
ILIUM|UNK|chrome 60.0 for android|UNK,ILIUM,,chrome 60.0 for android,
Windows|Windows 10|chrome 62.0|1600x1200,Windows,Windows 10,chrome 62.0,1600x1200
SAMSUNG|Android 7.0|samsung browser 6.2|1280x720,SAMSUNG,Android 7.0,samsung browser 6.2,1280x720
MacOS|Mac OS X 10_12_1|safari generic|2880x1800,MacOS,Mac OS X 10_12_1,safari generic,2880x1800
LGMS550 Build/NRD90U|Android 7.0|chrome 63.0 for android|1280x720,LGMS550 Build/NRD90U,Android 7.0,chrome 63.0 for android,1280x720
MacOS|Mac OS X 10_12_6|safari generic|3840x2160,MacOS,Mac OS X 10_12_6,safari generic,3840x2160
SM-T377V Build/NMF26X|Android 7.1.1|chrome 62.0 for android|UNK,SM-T377V Build/NMF26X,Android 7.1.1,chrome 62.0 for android,
Windows|Windows 8.1|chrome 60.0|1366x768,Windows,Windows 8.1,chrome 60.0,1366x768
MacOS|Mac OS X 10_13_2|safari generic|1920x1080,MacOS,Mac OS X 10_13_2,safari generic,1920x1080
Windows|Windows 8|chrome 63.0|1366x768,Windows,Windows 8,chrome 63.0,1366x768
Windows|Windows 8.1|chrome 62.0|1024x768,Windows,Windows 8.1,chrome 62.0,1024x768
iOS Device|iOS 11.0.3|mobile safari generic|2224x1668,iOS Device,iOS 11.0.3,mobile safari generic,2224x1668
SAMSUNG SM-G955U Build/NRD90M|Android 7.0|samsung browser 5.4|2220x1080,SAMSUNG SM-G955U Build/NRD90M,Android 7.0,samsung browser 5.4,2220x1080
Windows|Windows 10|edge|1280x720,Windows,Windows 10,edge,1280x720
iOS Device|iOS 10.2.1|mobile safari generic|2208x1242,iOS Device,iOS 10.2.1,mobile safari generic,2208x1242
ONE A2005 Build/MMB29M|Android 6.0.1|chrome 62.0 for android|1920x1080,ONE A2005 Build/MMB29M,Android 6.0.1,chrome 62.0 for android,1920x1080
SM-N910T Build/MMB29M|Android 6.0.1|chrome 62.0 for android|2560x1440,SM-N910T Build/MMB29M,Android 6.0.1,chrome 62.0 for android,2560x1440
Android 5.1|UNK|other|UNK,Android 5.1,,other,
Windows|Windows 10|firefox 57.0|3840x2160,Windows,Windows 10,firefox 57.0,3840x2160
rv:56.0|Windows 10|firefox|1920x1080,rv:56.0,Windows 10,firefox,1920x1080
MacOS|Mac OS X 10_12_1|safari generic|1280x800,MacOS,Mac OS X 10_12_1,safari generic,1280x800
XT1058 Build/LPAS23.12-21.7-1|UNK|chrome 62.0 for android|UNK,XT1058 Build/LPAS23.12-21.7-1,,chrome 62.0 for android,
Pixel Build/OPM1.171019.011|Android 8.1.0|chrome 63.0 for android|UNK,Pixel Build/OPM1.171019.011,Android 8.1.0,chrome 63.0 for android,
MacOS|Mac OS X 10_13_1|chrome 61.0|3360x2100,MacOS,Mac OS X 10_13_1,chrome 61.0,3360x2100
Windows|UNK|chrome 58.0|UNK,Windows,,chrome 58.0,
SAMSUNG-SM-G891A Build/NRD90M|Android 7.0|chrome 62.0 for android|1920x1080,SAMSUNG-SM-G891A Build/NRD90M,Android 7.0,chrome 62.0 for android,1920x1080
Android 4.4.2|UNK|chrome generic|UNK,Android 4.4.2,,chrome generic,
MacOS|Mac OS X 10_12_5|safari generic|1366x768,MacOS,Mac OS X 10_12_5,safari generic,1366x768
MacOS|Mac OS X 10_12_6|chrome 62.0|3200x2000,MacOS,Mac OS X 10_12_6,chrome 62.0,3200x2000
rv:54.0|Windows 7|firefox|1366x768,rv:54.0,Windows 7,firefox,1366x768
MacOS|Mac OS X 10_12_6|chrome 62.0|UNK,MacOS,Mac OS X 10_12_6,chrome 62.0,
Lenovo|Android 4.4.2|chrome 62.0 for android|1280x800,Lenovo,Android 4.4.2,chrome 62.0 for android,1280x800
Windows|Windows 10|edge 16.0|3000x2000,Windows,Windows 10,edge 16.0,3000x2000
Pixel XL Build/OPM1.171019.011|Android 8.1.0|chrome 63.0 for android|UNK,Pixel XL Build/OPM1.171019.011,Android 8.1.0,chrome 63.0 for android,
LG-TP260 Build/NRD90U|Android 7.0|chrome 62.0 for android|1280x720,LG-TP260 Build/NRD90U,Android 7.0,chrome 62.0 for android,1280x720
iOS Device|iOS|chrome 62.0 for ios|2048x1536,iOS Device,iOS,chrome 62.0 for ios,2048x1536
LG-H500 Build/LRX21Y|UNK|chrome 62.0 for android|UNK,LG-H500 Build/LRX21Y,,chrome 62.0 for android,
Windows|Windows 8.1|chrome 63.0|1024x768,Windows,Windows 8.1,chrome 63.0,1024x768
SM-G935V Build/NRD90M|Android 7.0|chrome 63.0 for android|1920x1080,SM-G935V Build/NRD90M,Android 7.0,chrome 63.0 for android,1920x1080
MacOS|Mac OS X 10_11_4|safari generic|1440x900,MacOS,Mac OS X 10_11_4,safari generic,1440x900
SM-N900V Build/LRX21V|Android 5.0|chrome 62.0 for android|1920x1080,SM-N900V Build/LRX21V,Android 5.0,chrome 62.0 for android,1920x1080
Windows|Windows 8.1|chrome 63.0|2400x1350,Windows,Windows 8.1,chrome 63.0,2400x1350
rv:57.0|Windows 10|firefox|1024x768,rv:57.0,Windows 10,firefox,1024x768
Moto X Play Build/NPD26.48-24-1|UNK|chrome 62.0 for android|UNK,Moto X Play Build/NPD26.48-24-1,,chrome 62.0 for android,
SKY_5.0LM|UNK|chrome 62.0 for android|UNK,SKY_5.0LM,,chrome 62.0 for android,
SM-A320Y Build/NRD90M|UNK|chrome 62.0 for android|UNK,SM-A320Y Build/NRD90M,,chrome 62.0 for android,
Windows|Windows 8.1|ie 11.0 for desktop|1366x768,Windows,Windows 8.1,ie 11.0 for desktop,1366x768
iOS Device|iOS|mobile safari 10.0|2048x1536,iOS Device,iOS,mobile safari 10.0,2048x1536
SM-T230NU Build/KOT49H|Android 4.4.2|chrome 62.0 for android|UNK,SM-T230NU Build/KOT49H,Android 4.4.2,chrome 62.0 for android,
MacOS|Mac OS X 10_9_5|chrome 62.0|2880x1800,MacOS,Mac OS X 10_9_5,chrome 62.0,2880x1800
MacOS|Mac OS X 10_11_3|safari generic|2560x1600,MacOS,Mac OS X 10_11_3,safari generic,2560x1600
MacOS|Mac OS X 10_9_5|chrome 62.0|2560x1600,MacOS,Mac OS X 10_9_5,chrome 62.0,2560x1600
SM-T550|Android 5.0.2|chrome 53.0 for android|1024x768,SM-T550,Android 5.0.2,chrome 53.0 for android,1024x768
PRA-LX3 Build/HUAWEIPRA-LX3|UNK|chrome 61.0 for android|UNK,PRA-LX3 Build/HUAWEIPRA-LX3,,chrome 61.0 for android,
iOS Device|iOS 9.3.5|chrome 63.0 for ios|1024x768,iOS Device,iOS 9.3.5,chrome 63.0 for ios,1024x768
SM-G950U Build/NRD90M|Android 7.0|chrome 61.0 for android|2220x1080,SM-G950U Build/NRD90M,Android 7.0,chrome 61.0 for android,2220x1080
KFTT Build/IML74K|Android|silk|1281x801,KFTT Build/IML74K,Android,silk,1281x801
SM-J320M Build/LMY47V|UNK|chrome 46.0 for android|UNK,SM-J320M Build/LMY47V,,chrome 46.0 for android,
MacOS|Mac OS X 10_10_5|safari generic|1600x900,MacOS,Mac OS X 10_10_5,safari generic,1600x900
SM-J700M Build/MMB29K|UNK|chrome 63.0 for android|UNK,SM-J700M Build/MMB29K,,chrome 63.0 for android,
UNK|Linux|chrome 59.0|1366x768,,Linux,chrome 59.0,1366x768
SM-G950F Build/NRD90M|UNK|chrome 63.0 for android|UNK,SM-G950F Build/NRD90M,,chrome 63.0 for android,
2PS64 Build/NRD90M|Android 7.0|chrome 62.0 for android|2560x1440,2PS64 Build/NRD90M,Android 7.0,chrome 62.0 for android,2560x1440
SAMSUNG-SM-N920A Build/NRD90M|Android 7.0|chrome 61.0 for android|UNK,SAMSUNG-SM-N920A Build/NRD90M,Android 7.0,chrome 61.0 for android,
rv:11.0|Windows 10|ie 11.0 for desktop|1440x900,rv:11.0,Windows 10,ie 11.0 for desktop,1440x900
SAMSUNG-SM-G930A|UNK|chrome 59.0 for android|UNK,SAMSUNG-SM-G930A,,chrome 59.0 for android,
MacOS|Mac OS X 10_11_6|chrome 61.0|1440x900,MacOS,Mac OS X 10_11_6,chrome 61.0,1440x900
Redmi 4A Build/MMB29M|Android 6.0.1|chrome 63.0 for android|1280x720,Redmi 4A Build/MMB29M,Android 6.0.1,chrome 63.0 for android,1280x720
iOS Device|iOS 11.0.0|mobile safari 11.0|2732x2048,iOS Device,iOS 11.0.0,mobile safari 11.0,2732x2048
5025G Build/LMY47I|UNK|chrome 61.0 for android|UNK,5025G Build/LMY47I,,chrome 61.0 for android,
SAMSUNG-SM-G900A Build/LRX21T|Android 5.0|other|1920x1080,SAMSUNG-SM-G900A Build/LRX21T,Android 5.0,other,1920x1080
Nexus|Android 7.1.2|chrome 62.0 for android|2562x1442,Nexus,Android 7.1.2,chrome 62.0 for android,2562x1442
STV100-2 Build/MMB29M|Android 6.0.1|chrome 62.0 for android|2562x1442,STV100-2 Build/MMB29M,Android 6.0.1,chrome 62.0 for android,2562x1442
UNK|Linux|chrome 60.0|3200x1800,,Linux,chrome 60.0,3200x1800
UNK|Linux|chrome 56.0|1536x864,,Linux,chrome 56.0,1536x864
MacOS|Mac|chrome 62.0|2880x1800,MacOS,Mac,chrome 62.0,2880x1800
G3123 Build/40.0.A.6.135|UNK|chrome 62.0 for android|UNK,G3123 Build/40.0.A.6.135,,chrome 62.0 for android,
iOS Device|iOS 10.0.2|mobile safari 10.0|2208x1242,iOS Device,iOS 10.0.2,mobile safari 10.0,2208x1242
MacOS|Mac OS X 10_12_3|safari generic|2880x1800,MacOS,Mac OS X 10_12_3,safari generic,2880x1800
SM-J710MN Build/MMB29K|UNK|chrome 55.0 for android|UNK,SM-J710MN Build/MMB29K,,chrome 55.0 for android,
SAMSUNG SM-A300H Build/LRX22G|UNK|chrome generic|UNK,SAMSUNG SM-A300H Build/LRX22G,,chrome generic,
MacOS|Mac|chrome 62.0|3360x2100,MacOS,Mac,chrome 62.0,3360x2100
SM-G550T Build/MMB29K|Android 6.0.1|chrome 62.0 for android|1280x720,SM-G550T Build/MMB29K,Android 6.0.1,chrome 62.0 for android,1280x720
Z971|Android 7.1.1|chrome 62.0 for android|1280x720,Z971,Android 7.1.1,chrome 62.0 for android,1280x720
Windows|Windows 10|ie 11.0 for desktop|1920x1080,Windows,Windows 10,ie 11.0 for desktop,1920x1080
rv:52.0|Windows 7|firefox 52.0|1366x768,rv:52.0,Windows 7,firefox 52.0,1366x768
SM-G935W8|UNK|chrome 62.0 for android|UNK,SM-G935W8,,chrome 62.0 for android,
SM-G935P Build/NRD90M|Android 7.0|chrome 62.0 for android|UNK,SM-G935P Build/NRD90M,Android 7.0,chrome 62.0 for android,
SM-P580 Build/NRD90M|Android 7.0|chrome 63.0 for android|1920x1200,SM-P580 Build/NRD90M,Android 7.0,chrome 63.0 for android,1920x1200
MacOS|Mac OS X 10_11_5|chrome 62.0|2560x1600,MacOS,Mac OS X 10_11_5,chrome 62.0,2560x1600
SAMSUNG-SM-J320A Build/MMB29K|Android 6.0.1|chrome 62.0 for android|1280x720,SAMSUNG-SM-J320A Build/MMB29K,Android 6.0.1,chrome 62.0 for android,1280x720
SAMSUNG-SM-J727A Build/NRD90M|Android 7.0|chrome 63.0 for android|1280x720,SAMSUNG-SM-J727A Build/NRD90M,Android 7.0,chrome 63.0 for android,1280x720
iOS Device|iOS 10.3.2|mobile safari 10.0|2732x2048,iOS Device,iOS 10.3.2,mobile safari 10.0,2732x2048
MacOS|Mac OS X 10_12_6|chrome 62.0|1024x640,MacOS,Mac OS X 10_12_6,chrome 62.0,1024x640
rv:57.0|Mac OS X 10.9|firefox 57.0|1280x800,rv:57.0,Mac OS X 10.9,firefox 57.0,1280x800
rv:11.0|Windows 8.1|ie 11.0 for desktop|UNK,rv:11.0,Windows 8.1,ie 11.0 for desktop,
Windows|Windows 10|chrome 62.0|1728x972,Windows,Windows 10,chrome 62.0,1728x972
VerykoolS5030|UNK|chrome 61.0 for android|UNK,VerykoolS5030,,chrome 61.0 for android,
rv:57.0|Mac OS X 10.13|firefox 57.0|2880x1800,rv:57.0,Mac OS X 10.13,firefox 57.0,2880x1800
SM-J320P Build/LMY47X|UNK|chrome 63.0 for android|UNK,SM-J320P Build/LMY47X,,chrome 63.0 for android,
LGLS751|Android 5.1.1|chrome 60.0 for android|1280x720,LGLS751,Android 5.1.1,chrome 60.0 for android,1280x720
F8331 Build/41.2.A.7.76|UNK|chrome 62.0 for android|UNK,F8331 Build/41.2.A.7.76,,chrome 62.0 for android,
SM-A520F Build/MMB29K|UNK|chrome 62.0 for android|UNK,SM-A520F Build/MMB29K,,chrome 62.0 for android,
MacOS|Mac OS X 10_9_5|chrome 62.0|1680x1050,MacOS,Mac OS X 10_9_5,chrome 62.0,1680x1050
Trident/7.0|Windows 10|ie 11.0 for tablet|2560x1440,Trident/7.0,Windows 10,ie 11.0 for tablet,2560x1440
Blade L5 Build/LMY47I|UNK|chrome 61.0 for android|UNK,Blade L5 Build/LMY47I,,chrome 61.0 for android,
SM-G900H Build/MMB29K|UNK|chrome 62.0 for android|UNK,SM-G900H Build/MMB29K,,chrome 62.0 for android,
MacOS|Mac OS X 10_12|safari generic|1920x1080,MacOS,Mac OS X 10_12,safari generic,1920x1080
SAMSUNG|Android 6.0.1|samsung browser 6.2|UNK,SAMSUNG,Android 6.0.1,samsung browser 6.2,
TOMMY2|UNK|chrome 62.0 for android|UNK,TOMMY2,,chrome 62.0 for android,
SM-J727U Build/NRD90M|UNK|chrome 62.0 for android|UNK,SM-J727U Build/NRD90M,,chrome 62.0 for android,
rv:50.0|Mac OS X 10.10|firefox|1680x1050,rv:50.0,Mac OS X 10.10,firefox,1680x1050
MacOS|Mac OS X 10_13_2|chrome 63.0|1920x1200,MacOS,Mac OS X 10_13_2,chrome 63.0,1920x1200
MacOS|Mac OS X 10_9_5|chrome 62.0|UNK,MacOS,Mac OS X 10_9_5,chrome 62.0,
SLA-L03 Build/HUAWEISLA-L03|UNK|chrome 63.0 for android|UNK,SLA-L03 Build/HUAWEISLA-L03,,chrome 63.0 for android,
iOS Device|iOS 10.3.2|mobile safari 10.0|2001x1125,iOS Device,iOS 10.3.2,mobile safari 10.0,2001x1125
Windows|Windows 7|opera 49.0|1366x768,Windows,Windows 7,opera 49.0,1366x768
MacOS|Mac OS X 10_13_2|safari generic|4096x2304,MacOS,Mac OS X 10_13_2,safari generic,4096x2304
Windows|Windows 10|chrome 60.0|1680x1050,Windows,Windows 10,chrome 60.0,1680x1050
Moto E (4) Build/NMA26.42-11-3|UNK|chrome generic|UNK,Moto E (4) Build/NMA26.42-11-3,,chrome generic,
SM-T280 Build/LMY47V|Android 5.1.1|chrome 62.0 for android|UNK,SM-T280 Build/LMY47V,Android 5.1.1,chrome 62.0 for android,
MacOS|Mac OS X 10_11_6|chrome 63.0|1440x900,MacOS,Mac OS X 10_11_6,chrome 63.0,1440x900
Windows|Windows 8.1|chrome 63.0|3200x1800,Windows,Windows 8.1,chrome 63.0,3200x1800
F8331|UNK|chrome 62.0 for android|UNK,F8331,,chrome 62.0 for android,
Z837VL|Android 6.0.1|chrome|855x480,Z837VL,Android 6.0.1,chrome,855x480
SM-G531H Build/LMY48B|UNK|chrome 59.0 for android|UNK,SM-G531H Build/LMY48B,,chrome 59.0 for android,
SM-A510F Build/NRD90M|UNK|chrome 63.0 for android|UNK,SM-A510F Build/NRD90M,,chrome 63.0 for android,
iOS Device|iOS 10.0.2|mobile safari generic|2048x1536,iOS Device,iOS 10.0.2,mobile safari generic,2048x1536
Windows|Windows 10|chrome 62.0|3441x1440,Windows,Windows 10,chrome 62.0,3441x1440
SAMSUNG SM-N950U Build/NMF26X|Android 7.1.1|samsung browser 6.2|2961x1442,SAMSUNG SM-N950U Build/NMF26X,Android 7.1.1,samsung browser 6.2,2961x1442
MacOS|Mac OS X 10_13_1|chrome 63.0|1440x900,MacOS,Mac OS X 10_13_1,chrome 63.0,1440x900
rv:56.0|Mac OS X 10.11|firefox 56.0|2880x1800,rv:56.0,Mac OS X 10.11,firefox 56.0,2880x1800
Windows|Windows 10|chrome 63.0|1280x1024,Windows,Windows 10,chrome 63.0,1280x1024
iOS Device|iOS|UNK|960x640,iOS Device,iOS,,960x640
MacOS|Mac OS X 10_13_2|chrome 62.0|1360x768,MacOS,Mac OS X 10_13_2,chrome 62.0,1360x768
MacOS|Mac OS X 10_11_5|chrome 58.0|2560x1600,MacOS,Mac OS X 10_11_5,chrome 58.0,2560x1600
rv:57.0|Windows 10|firefox|UNK,rv:57.0,Windows 10,firefox,
rv:57.0|Mac OS X 10.11|firefox 57.0|2880x1800,rv:57.0,Mac OS X 10.11,firefox 57.0,2880x1800
MacOS|Mac OS X 10_11_6|chrome|1280x800,MacOS,Mac OS X 10_11_6,chrome,1280x800
Trident/7.0|Windows 10|ie 11.0 for tablet|2160x1440,Trident/7.0,Windows 10,ie 11.0 for tablet,2160x1440
SM-G920V Build/NRD90M|Android 7.0|chrome 63.0 for android|2560x1440,SM-G920V Build/NRD90M,Android 7.0,chrome 63.0 for android,2560x1440
Windows|Windows 8.1|ie 11.0 for desktop|1920x1080,Windows,Windows 8.1,ie 11.0 for desktop,1920x1080
Lenovo A2016b30 Build/MRA58K|UNK|chrome 62.0 for android|UNK,Lenovo A2016b30 Build/MRA58K,,chrome 62.0 for android,
Trident/7.0|Windows 10|ie 11.0 for desktop|1776x1000,Trident/7.0,Windows 10,ie 11.0 for desktop,1776x1000
SM-N920V Build/NRD90M|Android 7.0|chrome 63.0 for android|UNK,SM-N920V Build/NRD90M,Android 7.0,chrome 63.0 for android,
SM-G925T Build/NRD90M|Android 7.0|chrome 62.0 for android|2560x1440,SM-G925T Build/NRD90M,Android 7.0,chrome 62.0 for android,2560x1440
Windows|Windows XP|firefox 52.0|1280x768,Windows,Windows XP,firefox 52.0,1280x768
XT1580|UNK|chrome 63.0 for android|UNK,XT1580,,chrome 63.0 for android,
SM-T820 Build/NRD90M|Android 7.0|chrome generic for android|UNK,SM-T820 Build/NRD90M,Android 7.0,chrome generic for android,
LG-TP260 Build/NRD90U|Android 7.0|chrome 58.0 for android|1280x720,LG-TP260 Build/NRD90U,Android 7.0,chrome 58.0 for android,1280x720
MacOS|Mac OS X 10_12|safari generic|1366x768,MacOS,Mac OS X 10_12,safari generic,1366x768
HTC Desire 530 Build/MMB29M|UNK|chrome 62.0 for android|UNK,HTC Desire 530 Build/MMB29M,,chrome 62.0 for android,
SM-G550T1 Build/MMB29K|Android 6.0.1|chrome 61.0 for android|1280x720,SM-G550T1 Build/MMB29K,Android 6.0.1,chrome 61.0 for android,1280x720
Windows|Windows 10|chrome 63.0|1280x960,Windows,Windows 10,chrome 63.0,1280x960
MacOS|Mac OS X 10_13_1|chrome 62.0|1366x768,MacOS,Mac OS X 10_13_1,chrome 62.0,1366x768
SM-G955U Build/NRD90M|Android 7.0|chrome 63.0 for android|UNK,SM-G955U Build/NRD90M,Android 7.0,chrome 63.0 for android,
Windows|Windows Vista|firefox 52.0|1680x1050,Windows,Windows Vista,firefox 52.0,1680x1050
MacOS|Mac|safari generic|2880x1800,MacOS,Mac,safari generic,2880x1800
LG-TP260 Build/NRD90U|Android 7.0|chrome 63.0 for android|1280x720,LG-TP260 Build/NRD90U,Android 7.0,chrome 63.0 for android,1280x720
LG-H871|Android 7.0|firefox|2672x1440,LG-H871,Android 7.0,firefox,2672x1440
UNK|Linux|chrome 62.0|1536x864,,Linux,chrome 62.0,1536x864
iOS Device|iOS 10.3.3|mobile safari uiwebview|2208x1242,iOS Device,iOS 10.3.3,mobile safari uiwebview,2208x1242
MacOS|Mac OS X 10_13_2|safari generic|3360x2100,MacOS,Mac OS X 10_13_2,safari generic,3360x2100
Windows|Windows 7|chrome 63.0|1680x1050,Windows,Windows 7,chrome 63.0,1680x1050
MacOS|Mac OS X 10_10_5|chrome 63.0|1600x1000,MacOS,Mac OS X 10_10_5,chrome 63.0,1600x1000
LG-LS993 Build/NRD90U|Android 7.0|chrome 62.0 for android|2672x1440,LG-LS993 Build/NRD90U,Android 7.0,chrome 62.0 for android,2672x1440
SM-T377W|Android 6.0.1|chrome 62.0 for android|UNK,SM-T377W,Android 6.0.1,chrome 62.0 for android,
XT1032 Build/LPBS23.13-56-2|UNK|chrome 62.0 for android|UNK,XT1032 Build/LPBS23.13-56-2,,chrome 62.0 for android,
SAMSUNG SM-J700M Build/LMY48B|UNK|chrome generic|UNK,SAMSUNG SM-J700M Build/LMY48B,,chrome generic,
ALE-L23 Build/HuaweiALE-L23|UNK|chrome 59.0 for android|UNK,ALE-L23 Build/HuaweiALE-L23,,chrome 59.0 for android,
MacOS|Mac OS X 10_13_1|chrome 62.0|UNK,MacOS,Mac OS X 10_13_1,chrome 62.0,
MacOS|Mac OS X 10_13_2|safari generic|2048x1280,MacOS,Mac OS X 10_13_2,safari generic,2048x1280
SM-G950U Build/NRD90M|Android 7.0|chrome 63.0 for android|2220x1080,SM-G950U Build/NRD90M,Android 7.0,chrome 63.0 for android,2220x1080
Windows|Windows 8.1|firefox 57.0|UNK,Windows,Windows 8.1,firefox 57.0,
SM-N910V Build/MMB29M|Android 6.0.1|android webview 4.0|2560x1440,SM-N910V Build/MMB29M,Android 6.0.1,android webview 4.0,2560x1440
5080A Build/MRA58K|UNK|chrome 61.0 for android|UNK,5080A Build/MRA58K,,chrome 61.0 for android,
Windows|Windows 10|chrome|1024x768,Windows,Windows 10,chrome,1024x768
SM-G900F Build/LRX21T|UNK|chrome 62.0 for android|UNK,SM-G900F Build/LRX21T,,chrome 62.0 for android,
LG-D693n Build/LRX22G|UNK|chrome|UNK,LG-D693n Build/LRX22G,,chrome,
Moto E (4) Build/NMA26.42-19|UNK|android webview 4.0|UNK,Moto E (4) Build/NMA26.42-19,,android webview 4.0,
UNK|UNK|chrome 57.0|UNK,,,chrome 57.0,
SM-G532M Build/MMB29T|UNK|chrome 52.0 for android|UNK,SM-G532M Build/MMB29T,,chrome 52.0 for android,
SAMSUNG-SM-G900A Build/MMB29M|Android 6.0.1|chrome 62.0 for android|1920x1080,SAMSUNG-SM-G900A Build/MMB29M,Android 6.0.1,chrome 62.0 for android,1920x1080
Touch|Windows 8.1|ie 11.0 for desktop|1280x800,Touch,Windows 8.1,ie 11.0 for desktop,1280x800
iOS Device|iOS 11.2.0|chrome 62.0 for ios|2048x1536,iOS Device,iOS 11.2.0,chrome 62.0 for ios,2048x1536
XT1032 Build/KXB21.14-L1.40|UNK|chrome generic|UNK,XT1032 Build/KXB21.14-L1.40,,chrome generic,
Windows|Windows 8.1|chrome 63.0|1600x900,Windows,Windows 8.1,chrome 63.0,1600x900
SM-N920V Build/NRD90M|Android 7.0|chrome 63.0 for android|1920x1080,SM-N920V Build/NRD90M,Android 7.0,chrome 63.0 for android,1920x1080
XT1563 Build/MPDS24.107-52-5|UNK|chrome 60.0 for android|UNK,XT1563 Build/MPDS24.107-52-5,,chrome 60.0 for android,
Blade L5 Build/LMY47I|UNK|chrome 63.0 for android|UNK,Blade L5 Build/LMY47I,,chrome 63.0 for android,
Windows|Windows 10|opera 49.0|1920x1200,Windows,Windows 10,opera 49.0,1920x1200
HTC Desire 626s Build/LMY47O|UNK|chrome 55.0 for android|UNK,HTC Desire 626s Build/LMY47O,,chrome 55.0 for android,
Windows|Windows 10|chrome 62.0|2049x1152,Windows,Windows 10,chrome 62.0,2049x1152
Windows|Windows 10|chrome 63.0|1024x768,Windows,Windows 10,chrome 63.0,1024x768
Hisense L675 Build/MRA58K|UNK|chrome 61.0 for android|UNK,Hisense L675 Build/MRA58K,,chrome 61.0 for android,
MacOS|Mac OS X 10_13_2|chrome 62.0|2560x1440,MacOS,Mac OS X 10_13_2,chrome 62.0,2560x1440
iOS Device|iOS 11.0.3|mobile safari uiwebview|2208x1242,iOS Device,iOS 11.0.3,mobile safari uiwebview,2208x1242
SM-G950U Build/NRD90M|UNK|chrome 63.0 for android|UNK,SM-G950U Build/NRD90M,,chrome 63.0 for android,
Blade|UNK|chrome 62.0 for android|UNK,Blade,,chrome 62.0 for android,
SM-J727V Build/NRD90M|Android 7.0|chrome 63.0 for android|1280x720,SM-J727V Build/NRD90M,Android 7.0,chrome 63.0 for android,1280x720
iOS Device|iOS 11.1.0|mobile safari 11.0|2001x1125,iOS Device,iOS 11.1.0,mobile safari 11.0,2001x1125
MacOS|Mac|chrome 62.0|1440x900,MacOS,Mac,chrome 62.0,1440x900
verykoolS5019|UNK|chrome 62.0 for android|UNK,verykoolS5019,,chrome 62.0 for android,
Windows|Windows 10|chrome 63.0|1600x1200,Windows,Windows 10,chrome 63.0,1600x1200
UNK|UNK|chrome 55.0|UNK,,,chrome 55.0,
MacOS|Mac OS X 10_12_6|safari generic|1680x1050,MacOS,Mac OS X 10_12_6,safari generic,1680x1050
SM-G360V Build/LMY48B|Android 5.1.1|chrome 60.0 for android|801x480,SM-G360V Build/LMY48B,Android 5.1.1,chrome 60.0 for android,801x480
rv:48.0|Mac OS X 10.11|firefox 48.0|1280x800,rv:48.0,Mac OS X 10.11,firefox 48.0,1280x800
rv:56.0|Mac OS X 10.12|firefox 56.0|1440x900,rv:56.0,Mac OS X 10.12,firefox 56.0,1440x900
VS995 Build/NRD90M|UNK|chrome 62.0 for android|UNK,VS995 Build/NRD90M,,chrome 62.0 for android,
LG-X210 Build/LMY47I|UNK|chrome 62.0 for android|UNK,LG-X210 Build/LMY47I,,chrome 62.0 for android,
Windows NT 6.2|Windows 8|ie|1138x640,Windows NT 6.2,Windows 8,ie,1138x640
UNK|Linux|chrome 63.0|UNK,,Linux,chrome 63.0,
LG-M700 Build/NMF26X|UNK|chrome 62.0 for android|UNK,LG-M700 Build/NMF26X,,chrome 62.0 for android,
SM-N910V Build/MMB29M|Android 6.0.1|chrome 63.0 for android|2560x1440,SM-N910V Build/MMB29M,Android 6.0.1,chrome 63.0 for android,2560x1440
SM-G955F Build/NRD90M|UNK|chrome 63.0 for android|UNK,SM-G955F Build/NRD90M,,chrome 63.0 for android,
UNK|Linux|chrome 62.0|2160x1215,,Linux,chrome 62.0,2160x1215
Pixel Build/OPM1.171019.011|UNK|chrome 62.0 for android|UNK,Pixel Build/OPM1.171019.011,,chrome 62.0 for android,
SM-G920V Build/MMB29K|Android 6.0.1|chrome 62.0 for android|2560x1440,SM-G920V Build/MMB29K,Android 6.0.1,chrome 62.0 for android,2560x1440
hi6210sft Build/MRA58K|UNK|chrome 62.0 for android|UNK,hi6210sft Build/MRA58K,,chrome 62.0 for android,
SAMSUNG SM-T530NU Build/LRX22G|Android 5.0.2|chrome generic|1280x800,SAMSUNG SM-T530NU Build/LRX22G,Android 5.0.2,chrome generic,1280x800
C6743 Build/LMY47V|Android 5.1.1|chrome generic|960x540,C6743 Build/LMY47V,Android 5.1.1,chrome generic,960x540
MacOS|Mac OS X 10_13_2|chrome 62.0|2560x1600,MacOS,Mac OS X 10_13_2,chrome 62.0,2560x1600
BLN-L24 Build/HONORBLN-L24|Android 7.0|chrome 62.0 for android|1920x1080,BLN-L24 Build/HONORBLN-L24,Android 7.0,chrome 62.0 for android,1920x1080
Moto G (5) Plus Build/NPN25.137-72|UNK|chrome generic|UNK,Moto G (5) Plus Build/NPN25.137-72,,chrome generic,
SM-G935T|Android 6.0.1|chrome 63.0 for android|2560x1440,SM-G935T,Android 6.0.1,chrome 63.0 for android,2560x1440
SM-G532M Build/MMB29T|UNK|chrome 59.0 for android|UNK,SM-G532M Build/MMB29T,,chrome 59.0 for android,
Windows|Windows 7|chrome generic|1920x1080,Windows,Windows 7,chrome generic,1920x1080
rv:56.0|Mac OS X 10.12|firefox 56.0|2880x1800,rv:56.0,Mac OS X 10.12,firefox 56.0,2880x1800
Redmi Note 3 Build/MMB29M|UNK|chrome 62.0 for android|UNK,Redmi Note 3 Build/MMB29M,,chrome 62.0 for android,
Pixel|Android 8.0.0|UNK|2562x1442,Pixel,Android 8.0.0,,2562x1442
MacOS|Mac OS X 10_12_6|chrome 62.0|5120x2880,MacOS,Mac OS X 10_12_6,chrome 62.0,5120x2880
SAMSUNG-SM-G900A Build/LMY47X|Android 5.1.1|chrome generic|1920x1080,SAMSUNG-SM-G900A Build/LMY47X,Android 5.1.1,chrome generic,1920x1080
SM-G950U Build/NRD90M|Android 7.0|chrome 58.0 for android|2220x1080,SM-G950U Build/NRD90M,Android 7.0,chrome 58.0 for android,2220x1080
Windows|Windows 7|firefox 56.0|1920x1080,Windows,Windows 7,firefox 56.0,1920x1080
Trident/7.0|Windows 7|ie 11.0 for desktop|1152x864,Trident/7.0,Windows 7,ie 11.0 for desktop,1152x864
E6810 Build/5.320VZ.03.r|Android 7.1.2|chrome 62.0 for android|1920x1080,E6810 Build/5.320VZ.03.r,Android 7.1.2,chrome 62.0 for android,1920x1080
Trident/7.0|Windows 10|ie 11.0 for tablet|1920x1200,Trident/7.0,Windows 10,ie 11.0 for tablet,1920x1200
MacOS|Mac OS X 10_13_2|chrome 63.0|2560x1440,MacOS,Mac OS X 10_13_2,chrome 63.0,2560x1440
Windows|Windows 7|chrome 57.0|1920x1080,Windows,Windows 7,chrome 57.0,1920x1080
LGMS631 Build/MRA58K|UNK|chrome 62.0 for android|UNK,LGMS631 Build/MRA58K,,chrome 62.0 for android,
MacOS|Mac OS X 10_12_6|chrome 61.0|1152x720,MacOS,Mac OS X 10_12_6,chrome 61.0,1152x720
rv:57.0|Mac OS X 10.13|firefox 57.0|1280x800,rv:57.0,Mac OS X 10.13,firefox 57.0,1280x800
SAMSUNG SM-G890A Build/NRD90M|Android 7.0|samsung browser 6.2|2560x1440,SAMSUNG SM-G890A Build/NRD90M,Android 7.0,samsung browser 6.2,2560x1440
rv:57.0|Mac OS X 10.9|firefox 57.0|1280x1024,rv:57.0,Mac OS X 10.9,firefox 57.0,1280x1024
SM-J700M Build/LMY48B|UNK|chrome 63.0 for android|UNK,SM-J700M Build/LMY48B,,chrome 63.0 for android,
E6553|UNK|chrome 63.0 for android|UNK,E6553,,chrome 63.0 for android,
Windows|Windows 8.1|firefox 57.0|1280x1024,Windows,Windows 8.1,firefox 57.0,1280x1024
MacOS|Mac OS X 10_10_5|chrome 63.0|1280x800,MacOS,Mac OS X 10_10_5,chrome 63.0,1280x800
Windows|Windows 7|chrome 58.0|1366x768,Windows,Windows 7,chrome 58.0,1366x768
MacOS|Mac OS X 10_11_6|chrome 63.0|1920x1080,MacOS,Mac OS X 10_11_6,chrome 63.0,1920x1080
Pixel 2 XL Build/OPM1.171019.011|Android 8.1.0|chrome 62.0 for android|UNK,Pixel 2 XL Build/OPM1.171019.011,Android 8.1.0,chrome 62.0 for android,
MacOS|Mac OS X 10_11_6|chrome 51.0|2880x1800,MacOS,Mac OS X 10_11_6,chrome 51.0,2880x1800
Z835 Build/NMF26V|Android 7.1.1|chrome 56.0 for android|855x480,Z835 Build/NMF26V,Android 7.1.1,chrome 56.0 for android,855x480
Trident/7.0|Windows 10|ie 11.0 for desktop|1280x768,Trident/7.0,Windows 10,ie 11.0 for desktop,1280x768
SM-T713 Build/NRD90M|UNK|chrome 62.0 for android|UNK,SM-T713 Build/NRD90M,,chrome 62.0 for android,
HUAWEI VNS-L53 Build/HUAWEIVNS-L53|UNK|chrome 61.0 for android|UNK,HUAWEI VNS-L53 Build/HUAWEIVNS-L53,,chrome 61.0 for android,
Windows|Windows Vista|firefox 52.0|1280x720,Windows,Windows Vista,firefox 52.0,1280x720
Windows|Windows 10|chrome 60.0|1024x768,Windows,Windows 10,chrome 60.0,1024x768
LG-D725|Android 5.0.2|chrome 62.0 for android|1280x720,LG-D725,Android 5.0.2,chrome 62.0 for android,1280x720
SM-T350 Build/NMF26X|Android 7.1.1|chrome 60.0 for android|UNK,SM-T350 Build/NMF26X,Android 7.1.1,chrome 60.0 for android,
XT1008 Build/LPBS23.13-56-2|UNK|chrome 62.0 for android|UNK,XT1008 Build/LPBS23.13-56-2,,chrome 62.0 for android,
Windows|Windows 10|chrome|UNK,Windows,Windows 10,chrome,
Windows|Windows 10|chrome 63.0|1920x1281,Windows,Windows 10,chrome 63.0,1920x1281
XT1040|UNK|chrome 62.0 for android|UNK,XT1040,,chrome 62.0 for android,
en-us|Android 4.4.2|chrome generic|2560x1600,en-us,Android 4.4.2,chrome generic,2560x1600
LG-H901|Android 7.0|chrome 63.0 for android|2560x1440,LG-H901,Android 7.0,chrome 63.0 for android,2560x1440
LG-H901|UNK|chrome 63.0 for android|UNK,LG-H901,,chrome 63.0 for android,
rv:52.0|Windows 10|firefox|1920x1200,rv:52.0,Windows 10,firefox,1920x1200
Moto G Play Build/MPIS24.241-15.3-7|UNK|chrome 56.0 for android|UNK,Moto G Play Build/MPIS24.241-15.3-7,,chrome 56.0 for android,
SM-T807V|Android 6.0.1|chrome 62.0 for android|2560x1600,SM-T807V,Android 6.0.1,chrome 62.0 for android,2560x1600
MacOS|Mac OS X 10_13_2|chrome 62.0|4096x2304,MacOS,Mac OS X 10_13_2,chrome 62.0,4096x2304
Windows|Windows 7|chrome 60.0|1280x1024,Windows,Windows 7,chrome 60.0,1280x1024
iOS Device|iOS 11.0.3|mobile safari generic|2001x1125,iOS Device,iOS 11.0.3,mobile safari generic,2001x1125
Windows|Windows XP|firefox 52.0|1024x768,Windows,Windows XP,firefox 52.0,1024x768
LG-X180g Build/LMY47I|UNK|chrome 61.0 for android|UNK,LG-X180g Build/LMY47I,,chrome 61.0 for android,
Windows|Windows 8.1|chrome 63.0|UNK,Windows,Windows 8.1,chrome 63.0,
UNK|Linux|chrome 63.0|2220x1080,,Linux,chrome 63.0,2220x1080
Windows|Windows 7|chrome 63.0|1024x768,Windows,Windows 7,chrome 63.0,1024x768
VS996|Android 7.1.2|chrome 62.0 for android|2880x1440,VS996,Android 7.1.2,chrome 62.0 for android,2880x1440
UNK|Android|chrome 56.0|855x480,,Android,chrome 56.0,855x480
Windows|Windows 7|chrome 58.0|1920x1080,Windows,Windows 7,chrome 58.0,1920x1080
LG-K580 Build/MRA58K|UNK|chrome 63.0 for android|UNK,LG-K580 Build/MRA58K,,chrome 63.0 for android,
rv:57.0|Windows 10|firefox|1440x900,rv:57.0,Windows 10,firefox,1440x900
MacOS|Mac OS X 10_12_5|chrome 62.0|2560x1600,MacOS,Mac OS X 10_12_5,chrome 62.0,2560x1600
SM-G950U Build/NRD90M|Android 7.0|android webview 4.0|2220x1080,SM-G950U Build/NRD90M,Android 7.0,android webview 4.0,2220x1080
SM-T580 Build/NRD90M|Android 7.0|chrome 62.0 for android|UNK,SM-T580 Build/NRD90M,Android 7.0,chrome 62.0 for android,
MacOS|Mac OS X 10_9_5|chrome 61.0|1280x800,MacOS,Mac OS X 10_9_5,chrome 61.0,1280x800
E6853|UNK|chrome 62.0 for android|UNK,E6853,,chrome 62.0 for android,
MacOS|Mac OS X 10_12_6|chrome 56.0|2880x1800,MacOS,Mac OS X 10_12_6,chrome 56.0,2880x1800
LG-K550 Build/NRD90U|Android 7.0|chrome 62.0 for android|1280x720,LG-K550 Build/NRD90U,Android 7.0,chrome 62.0 for android,1280x720
iOS Device|iOS 10.2.0|mobile safari 10.0|2001x1125,iOS Device,iOS 10.2.0,mobile safari 10.0,2001x1125
Windows|Windows 8.1|chrome 62.0|2880x1620,Windows,Windows 8.1,chrome 62.0,2880x1620
XT1030 Build/SU6-7.7|UNK|chrome 62.0 for android|UNK,XT1030 Build/SU6-7.7,,chrome 62.0 for android,
MacOS|Mac OS X 10_13_2|safari generic|1920x1200,MacOS,Mac OS X 10_13_2,safari generic,1920x1200
Windows|Windows 10|firefox 57.0|0x0,Windows,Windows 10,firefox 57.0,0x0
WAS-LX3 Build/HUAWEIWAS-LX3|UNK|chrome 63.0 for android|UNK,WAS-LX3 Build/HUAWEIWAS-LX3,,chrome 63.0 for android,
SAMSUNG SM-G935A Build/NRD90M|Android 7.0|samsung browser 6.2|2562x1442,SAMSUNG SM-G935A Build/NRD90M,Android 7.0,samsung browser 6.2,2562x1442
Windows|Windows 7|chrome 63.0|1920x1200,Windows,Windows 7,chrome 63.0,1920x1200
LG-M154|UNK|chrome 63.0 for android|UNK,LG-M154,,chrome 63.0 for android,
MacOS|Mac OS X 10_11_5|chrome 62.0|1440x900,MacOS,Mac OS X 10_11_5,chrome 62.0,1440x900
Windows|Windows 8.1|chrome 62.0|1600x1200,Windows,Windows 8.1,chrome 62.0,1600x1200
SAMSUNG|Android 5.1.1|chrome generic|2560x1600,SAMSUNG,Android 5.1.1,chrome generic,2560x1600
SAMSUNG-SM-G900A Build/LRX21T|Android 5.0|chrome 61.0 for android|1920x1080,SAMSUNG-SM-G900A Build/LRX21T,Android 5.0,chrome 61.0 for android,1920x1080
SM-J700T Build/NMF26X|Android 7.1.1|chrome 62.0 for android|1280x720,SM-J700T Build/NMF26X,Android 7.1.1,chrome 62.0 for android,1280x720
SM-G920F Build/MMB29K|UNK|chrome 62.0 for android|UNK,SM-G920F Build/MMB29K,,chrome 62.0 for android,
iOS Device|iOS 10.2.0|mobile safari generic|1334x750,iOS Device,iOS 10.2.0,mobile safari generic,1334x750
SAMSUNG SM-G930A Build/NRD90M|Android 7.0|samsung browser 6.2|UNK,SAMSUNG SM-G930A Build/NRD90M,Android 7.0,samsung browser 6.2,
Trident/7.0|Windows 10|ie 11.0 for desktop|1152x864,Trident/7.0,Windows 10,ie 11.0 for desktop,1152x864
Windows|Windows 8.1|chrome 61.0|1920x1080,Windows,Windows 8.1,chrome 61.0,1920x1080
Windows|Windows 10|edge 14.0|1152x864,Windows,Windows 10,edge 14.0,1152x864
8050G Build/LMY47I|UNK|chrome 46.0 for android|UNK,8050G Build/LMY47I,,chrome 46.0 for android,
rv:54.0|Windows 8.1|firefox|1366x768,rv:54.0,Windows 8.1,firefox,1366x768
Windows|Windows 10|chrome 61.0|2160x1440,Windows,Windows 10,chrome 61.0,2160x1440
rv:52.0|Windows Vista|firefox 52.0|1280x768,rv:52.0,Windows Vista,firefox 52.0,1280x768
SM-A500FU Build/MMB29M|UNK|chrome 62.0 for android|UNK,SM-A500FU Build/MMB29M,,chrome 62.0 for android,
Windows|Windows Vista|firefox 52.0|1360x768,Windows,Windows Vista,firefox 52.0,1360x768
SM-T337V|Android 5.1.1|chrome 62.0 for android|UNK,SM-T337V,Android 5.1.1,chrome 62.0 for android,
Windows|Windows Vista|chrome 49.0|2520x1575,Windows,Windows Vista,chrome 49.0,2520x1575
MacOS|Mac OS X 10_11_3|chrome 62.0|2560x1600,MacOS,Mac OS X 10_11_3,chrome 62.0,2560x1600
SAMSUNG-SM-T377A Build/MMB29K|Android 6.0.1|chrome 63.0 for android|UNK,SAMSUNG-SM-T377A Build/MMB29K,Android 6.0.1,chrome 63.0 for android,
HELIO|UNK|chrome 59.0 for android|UNK,HELIO,,chrome 59.0 for android,
Windows|Windows XP|firefox 52.0|UNK,Windows,Windows XP,firefox 52.0,
Windows|Windows 10|chrome 62.0|1280x960,Windows,Windows 10,chrome 62.0,1280x960
MacOS|Mac OS X 10_12_5|chrome 63.0|1440x900,MacOS,Mac OS X 10_12_5,chrome 63.0,1440x900
BLADE V7 Build/MRA58K|UNK|chrome 63.0 for android|UNK,BLADE V7 Build/MRA58K,,chrome 63.0 for android,
MotoG3 Build/MPI24.65-33.1-2|UNK|chrome 63.0 for android|UNK,MotoG3 Build/MPI24.65-33.1-2,,chrome 63.0 for android,
SM-N950F Build/NMF26X|UNK|chrome 63.0 for android|UNK,SM-N950F Build/NMF26X,,chrome 63.0 for android,
SM-T710 Build/NRD90M|Android 7.0|chrome 63.0 for android|2048x1536,SM-T710 Build/NRD90M,Android 7.0,chrome 63.0 for android,2048x1536
rv:55.0|Windows 7|firefox 55.0|1366x768,rv:55.0,Windows 7,firefox 55.0,1366x768
iOS Device|iOS 11.1.2|chrome 63.0 for ios|2048x1536,iOS Device,iOS 11.1.2,chrome 63.0 for ios,2048x1536
LGMS550 Build/MXB48T|UNK|chrome 62.0 for android|UNK,LGMS550 Build/MXB48T,,chrome 62.0 for android,
rv:47.0|Mac OS X 10.9|firefox 47.0|1920x1080,rv:47.0,Mac OS X 10.9,firefox 47.0,1920x1080
iOS Device|iOS 10.2.1|mobile safari uiwebview|2048x1536,iOS Device,iOS 10.2.1,mobile safari uiwebview,2048x1536
rv:11.0|Windows 7|ie 11.0 for desktop|1280x800,rv:11.0,Windows 7,ie 11.0 for desktop,1280x800
iOS Device|iOS 10.3.3|chrome 62.0 for ios|2224x1668,iOS Device,iOS 10.3.3,chrome 62.0 for ios,2224x1668
XT1031|Android|chrome 62.0 for android|1280x720,XT1031,Android,chrome 62.0 for android,1280x720
MacOS|Mac OS X 10_12_6|chrome 62.0|1920x1200,MacOS,Mac OS X 10_12_6,chrome 62.0,1920x1200
MacOS|Mac OS X 10_11_6|chrome 62.0|5120x2880,MacOS,Mac OS X 10_11_6,chrome 62.0,5120x2880
SAMSUNG SM-T710 Build/NRD90M|UNK|samsung browser 6.2|UNK,SAMSUNG SM-T710 Build/NRD90M,,samsung browser 6.2,
MacOS|Mac OS X 10_8_5|chrome 49.0|1366x768,MacOS,Mac OS X 10_8_5,chrome 49.0,1366x768
Windows|Windows XP|chrome 49.0|1280x960,Windows,Windows XP,chrome 49.0,1280x960
Lenovo TB-7703X Build/S100|UNK|chrome 63.0 for android|UNK,Lenovo TB-7703X Build/S100,,chrome 63.0 for android,
Moto G (5) Build/NPPS25.137-15-11|UNK|chrome generic|UNK,Moto G (5) Build/NPPS25.137-15-11,,chrome generic,
iOS Device|iOS 11.2.0|chrome 63.0 for ios|2048x1536,iOS Device,iOS 11.2.0,chrome 63.0 for ios,2048x1536
rv:11.0|Windows 10|ie 11.0 for desktop|1024x768,rv:11.0,Windows 10,ie 11.0 for desktop,1024x768
MacOS|Mac OS X 10_13_1|safari generic|1360x768,MacOS,Mac OS X 10_13_1,safari generic,1360x768
LT30p|UNK|chrome 50.0 for android|UNK,LT30p,,chrome 50.0 for android,
SM-G610M Build/MMB29K|UNK|chrome 63.0 for android|UNK,SM-G610M Build/MMB29K,,chrome 63.0 for android,
Moto G (4) Build/NPJ25.93-14|UNK|chrome generic|UNK,Moto G (4) Build/NPJ25.93-14,,chrome generic,
MHA-L09 Build/HUAWEIMHA-L09|UNK|chrome 62.0 for android|UNK,MHA-L09 Build/HUAWEIMHA-L09,,chrome 62.0 for android,
rv:57.0|Mac OS X 10.11|firefox 57.0|1680x1050,rv:57.0,Mac OS X 10.11,firefox 57.0,1680x1050
HUAWEI VNS-L31 Build/HUAWEIVNS-L31|UNK|chrome 62.0 for android|UNK,HUAWEI VNS-L31 Build/HUAWEIVNS-L31,,chrome 62.0 for android,
MacOS|Mac OS X 10_10_5|chrome 56.0|1440x900,MacOS,Mac OS X 10_10_5,chrome 56.0,1440x900
5025G Build/LMY47I|UNK|chrome 60.0 for android|UNK,5025G Build/LMY47I,,chrome 60.0 for android,
Hisense L675 PRO Build/NRD90M|UNK|chrome 63.0 for android|UNK,Hisense L675 PRO Build/NRD90M,,chrome 63.0 for android,
SAMSUNG-SM-G925A Build/NRD90M|Android 7.0|chrome 63.0 for android|2562x1442,SAMSUNG-SM-G925A Build/NRD90M,Android 7.0,chrome 63.0 for android,2562x1442
LG-K530 Build/MMB29M|UNK|chrome 63.0 for android|UNK,LG-K530 Build/MMB29M,,chrome 63.0 for android,
Mi A1 Build/N2G47H|UNK|opera|UNK,Mi A1 Build/N2G47H,,opera,
SM-N900T|Android 4.4.2|chrome 62.0 for android|1920x1080,SM-N900T,Android 4.4.2,chrome 62.0 for android,1920x1080
iOS Device|iOS 10.3.3|mobile safari 10.0|2224x1668,iOS Device,iOS 10.3.3,mobile safari 10.0,2224x1668
VS425PP Build/LMY47V|Android 5.1.1|chrome generic|855x480,VS425PP Build/LMY47V,Android 5.1.1,chrome generic,855x480
SM-J727T Build/NRD90M|Android 7.0|chrome 63.0 for android|1280x720,SM-J727T Build/NRD90M,Android 7.0,chrome 63.0 for android,1280x720
Windows|Windows 10|firefox 57.0|2160x1440,Windows,Windows 10,firefox 57.0,2160x1440
iOS Device|iOS 10.3.1|mobile safari generic|1136x640,iOS Device,iOS 10.3.1,mobile safari generic,1136x640
Windows|Windows 10|chrome 59.0|1366x768,Windows,Windows 10,chrome 59.0,1366x768
rv:57.0|Mac OS X 10.9|firefox 57.0|1920x1080,rv:57.0,Mac OS X 10.9,firefox 57.0,1920x1080
LG-X220 Build/LMY47I|UNK|chrome 50.0 for android|UNK,LG-X220 Build/LMY47I,,chrome 50.0 for android,
Windows|Windows 7|ie 11.0 for desktop|1920x1200,Windows,Windows 7,ie 11.0 for desktop,1920x1200
HTC Desire 650 Build/MMB29M|UNK|chrome 62.0 for android|UNK,HTC Desire 650 Build/MMB29M,,chrome 62.0 for android,
ATT-IE11|Windows 7|ie 11.0 for desktop|1680x1050,ATT-IE11,Windows 7,ie 11.0 for desktop,1680x1050
Windows|Windows 8|chrome|1280x1024,Windows,Windows 8,chrome,1280x1024
MacOS|Mac OS X 10_13_1|chrome 63.0|2560x1600,MacOS,Mac OS X 10_13_1,chrome 63.0,2560x1600
MacOS|Mac OS X 10_11_6|safari generic|1600x900,MacOS,Mac OS X 10_11_6,safari generic,1600x900
MacOS|Mac OS X 10_13_2|chrome 63.0|1440x900,MacOS,Mac OS X 10_13_2,chrome 63.0,1440x900
rv:45.0|Windows 10|firefox|1366x768,rv:45.0,Windows 10,firefox,1366x768
Windows|Windows 8.1|firefox 57.0|2160x1440,Windows,Windows 8.1,firefox 57.0,2160x1440
Windows|Windows 10|chrome|1920x1200,Windows,Windows 10,chrome,1920x1200
MacOS|Mac OS X 10_12_3|chrome 62.0|1920x1200,MacOS,Mac OS X 10_12_3,chrome 62.0,1920x1200
Windows|Windows 10|edge 13.0|1920x1080,Windows,Windows 10,edge 13.0,1920x1080
rv:48.0|Mac OS X 10.6|firefox 48.0|1920x1080,rv:48.0,Mac OS X 10.6,firefox 48.0,1920x1080
SAMSUNG SM-G900F Build/MMB29M|UNK|samsung browser 6.2|UNK,SAMSUNG SM-G900F Build/MMB29M,,samsung browser 6.2,
BLADE V8 Build/NRD90M|UNK|chrome 58.0 for android|UNK,BLADE V8 Build/NRD90M,,chrome 58.0 for android,
Windows|Windows 10|chrome 63.0|1360x768,Windows,Windows 10,chrome 63.0,1360x768
rv:52.0|Mac OS X 10.12|firefox 52.0|2560x1440,rv:52.0,Mac OS X 10.12,firefox 52.0,2560x1440
MacOS|Mac OS X 10_10_5|chrome|1440x900,MacOS,Mac OS X 10_10_5,chrome,1440x900
SM-J700T1 Build/NMF26X|Android 7.1.1|chrome 63.0 for android|1280x720,SM-J700T1 Build/NMF26X,Android 7.1.1,chrome 63.0 for android,1280x720
iOS Device|iOS 10.1.1|mobile safari 10.0|2001x1125,iOS Device,iOS 10.1.1,mobile safari 10.0,2001x1125
iOS Device|iOS 11.1.0|mobile safari 11.0|2732x2048,iOS Device,iOS 11.1.0,mobile safari 11.0,2732x2048
Pixel 2 XL Build/OPM1.171019.011|Android 8.1.0|chrome 63.0 for android|UNK,Pixel 2 XL Build/OPM1.171019.011,Android 8.1.0,chrome 63.0 for android,
Windows|Windows 7|chrome 58.0|1440x900,Windows,Windows 7,chrome 58.0,1440x900
LGMP260 Build/NRD90U|Android 7.0|chrome 63.0 for android|1280x720,LGMP260 Build/NRD90U,Android 7.0,chrome 63.0 for android,1280x720
Windows|Windows 10|edge 14.0|1400x1050,Windows,Windows 10,edge 14.0,1400x1050
Windows|Windows 8.1|chrome 63.0|1440x900,Windows,Windows 8.1,chrome 63.0,1440x900
rv:56.0|Mac OS X 10.12|firefox 56.0|2560x1600,rv:56.0,Mac OS X 10.12,firefox 56.0,2560x1600
Linux x86_64|Linux|puffin|2048x1536,Linux x86_64,Linux,puffin,2048x1536
Windows|Windows 10|chrome 63.0|1920x1200,Windows,Windows 10,chrome 63.0,1920x1200
SM-G930R7|Android 7.0|chrome 63.0 for android|1920x1080,SM-G930R7,Android 7.0,chrome 63.0 for android,1920x1080
MacOS|Mac OS X 10_13_1|chrome 62.0|1920x1200,MacOS,Mac OS X 10_13_1,chrome 62.0,1920x1200
LGUS215 Build/NRD90U|Android 7.0|chrome 62.0 for android|1280x720,LGUS215 Build/NRD90U,Android 7.0,chrome 62.0 for android,1280x720
SM-T237P|Android 5.1.1|chrome 62.0 for android|UNK,SM-T237P,Android 5.1.1,chrome 62.0 for android,
TA-1038|UNK|chrome 63.0 for android|UNK,TA-1038,,chrome 63.0 for android,
iOS Device|iOS 9.3.5|chrome 63.0 for ios|2048x1536,iOS Device,iOS 9.3.5,chrome 63.0 for ios,2048x1536
SM-G930W8 Build/NRD90M|Android 7.0|chrome 63.0 for android|1920x1080,SM-G930W8 Build/NRD90M,Android 7.0,chrome 63.0 for android,1920x1080
SM-G950W|UNK|chrome 60.0 for android|UNK,SM-G950W,,chrome 60.0 for android,
SM-J100VPP Build/LMY48B|Android 5.1.1|chrome 63.0 for android|801x480,SM-J100VPP Build/LMY48B,Android 5.1.1,chrome 63.0 for android,801x480
MacOS|Mac OS X 10_12_4|chrome 62.0|1920x1080,MacOS,Mac OS X 10_12_4,chrome 62.0,1920x1080
Windows|Windows 7|chrome 60.0|1280x1025,Windows,Windows 7,chrome 60.0,1280x1025
LG-P714|UNK|chrome 62.0 for android|UNK,LG-P714,,chrome 62.0 for android,
Pixel XL Build/OPM1.171019.011|Android 8.1.0|chrome 63.0 for android|2562x1442,Pixel XL Build/OPM1.171019.011,Android 8.1.0,chrome 63.0 for android,2562x1442
SM-G930T Build/NRD90M|Android 7.0|chrome 63.0 for android|1920x1080,SM-G930T Build/NRD90M,Android 7.0,chrome 63.0 for android,1920x1080
Windows|Windows 10|chrome 63.0|2560x1440,Windows,Windows 10,chrome 63.0,2560x1440
Windows|Windows 7|firefox 47.0|1280x800,Windows,Windows 7,firefox 47.0,1280x800
MacOS|Mac OS X 10_13_2|safari generic|5120x2880,MacOS,Mac OS X 10_13_2,safari generic,5120x2880
MacOS|Mac OS X 10_12_6|safari generic|1600x1000,MacOS,Mac OS X 10_12_6,safari generic,1600x1000
rv:48.0|Mac OS X 10.6|firefox 48.0|1280x1024,rv:48.0,Mac OS X 10.6,firefox 48.0,1280x1024
LGLS990|Android|chrome 62.0 for android|2560x1440,LGLS990,Android,chrome 62.0 for android,2560x1440
rv:11.0|Windows 7|ie 11.0 for desktop|1600x1200,rv:11.0,Windows 7,ie 11.0 for desktop,1600x1200
SM-A500H|Android 6.0.1|chrome 62.0 for android|1280x720,SM-A500H,Android 6.0.1,chrome 62.0 for android,1280x720
Windows|Windows 7|chrome 59.0|2560x1080,Windows,Windows 7,chrome 59.0,2560x1080
F3313 Build/37.0.A.2.108|UNK|chrome 63.0 for android|UNK,F3313 Build/37.0.A.2.108,,chrome 63.0 for android,
Windows|Windows XP|firefox 52.0|1280x720,Windows,Windows XP,firefox 52.0,1280x720
SM-G900I|UNK|chrome 61.0 for android|UNK,SM-G900I,,chrome 61.0 for android,
Windows|Windows 10|chrome 63.0|2736x1824,Windows,Windows 10,chrome 63.0,2736x1824
BLN-L24 Build/HONORBLN-L24|UNK|chrome 63.0 for android|UNK,BLN-L24 Build/HONORBLN-L24,,chrome 63.0 for android,
rv:57.0|Mac OS X 10.11|firefox 57.0|2560x1440,rv:57.0,Mac OS X 10.11,firefox 57.0,2560x1440
MacOS|Mac OS X 10_12_6|safari generic|3200x1800,MacOS,Mac OS X 10_12_6,safari generic,3200x1800
QTAIR7 Build/LMY47D|Android|chrome 50.0 for android|1920x1200,QTAIR7 Build/LMY47D,Android,chrome 50.0 for android,1920x1200
Linux x86_64|Linux|firefox 57.0|1366x768,Linux x86_64,Linux,firefox 57.0,1366x768
Windows|Windows 10|ie 11.0 for desktop|1366x768,Windows,Windows 10,ie 11.0 for desktop,1366x768
MacOS|Mac OS X 10_11_6|chrome 62.0|2560x1080,MacOS,Mac OS X 10_11_6,chrome 62.0,2560x1080
Trident/7.0|Windows 8.1|Microsoft/Windows|UNK,Trident/7.0,Windows 8.1,Microsoft/Windows,
MacOS|Mac OS X 10_10_5|chrome 60.0|2880x1800,MacOS,Mac OS X 10_10_5,chrome 60.0,2880x1800
XT1635-01 Build/NDNS26.118-23-12-3|Android 7.1.1|chrome 63.0 for android|1920x1080,XT1635-01 Build/NDNS26.118-23-12-3,Android 7.1.1,chrome 63.0 for android,1920x1080
Windows|Windows 7|chrome 56.0|1920x1080,Windows,Windows 7,chrome 56.0,1920x1080
iOS Device|iOS 11.0.0|mobile safari generic|1334x750,iOS Device,iOS 11.0.0,mobile safari generic,1334x750
MacOS|Mac OS X 10_10_5|chrome 63.0|1280x1024,MacOS,Mac OS X 10_10_5,chrome 63.0,1280x1024
Moto|UNK|chrome 63.0 for android|UNK,Moto,,chrome 63.0 for android,
XT1585 Build/NCK25.118-10.5|Android 7.0|chrome 63.0 for android|2560x1440,XT1585 Build/NCK25.118-10.5,Android 7.0,chrome 63.0 for android,2560x1440
CAM-L03 Build/HUAWEICAM-L03|UNK|chrome 63.0 for android|UNK,CAM-L03 Build/HUAWEICAM-L03,,chrome 63.0 for android,
XT1650|UNK|chrome 63.0 for android|UNK,XT1650,,chrome 63.0 for android,
Windows|Windows 10|firefox 57.0|1360x768,Windows,Windows 10,firefox 57.0,1360x768
Nexus|Android 5.1.1|chrome 62.0 for android|2048x1536,Nexus,Android 5.1.1,chrome 62.0 for android,2048x1536
iOS Device|iOS 11.1.0|mobile safari 11.0|1136x640,iOS Device,iOS 11.1.0,mobile safari 11.0,1136x640
Blade V6 Plus Build/MRA58K|UNK|chrome 63.0 for android|UNK,Blade V6 Plus Build/MRA58K,,chrome 63.0 for android,
SM-T813 Build/NRD90M|Android 7.0|chrome 62.0 for android|2048x1536,SM-T813 Build/NRD90M,Android 7.0,chrome 62.0 for android,2048x1536
iOS Device|iOS 10.1.1|mobile safari 10.0|2208x1242,iOS Device,iOS 10.1.1,mobile safari 10.0,2208x1242
Windows|Windows 10|edge 16.0|1280x800,Windows,Windows 10,edge 16.0,1280x800
rv:31.0|UNK|firefox|UNK,rv:31.0,,firefox,
SM-J730GM Build/NRD90M|UNK|chrome 63.0 for android|UNK,SM-J730GM Build/NRD90M,,chrome 63.0 for android,
UNK|Android|silk|1281x801,,Android,silk,1281x801
MacOS|Mac OS X 10_6_8|chrome 49.0|2560x1440,MacOS,Mac OS X 10_6_8,chrome 49.0,2560x1440
MacOS|Mac OS X 10_10_5|chrome 62.0|1152x720,MacOS,Mac OS X 10_10_5,chrome 62.0,1152x720
rv:57.0|Mac OS X 10.12|firefox 57.0|1366x768,rv:57.0,Mac OS X 10.12,firefox 57.0,1366x768
SM-G935F Build/NRD90M|UNK|chrome 63.0 for android|UNK,SM-G935F Build/NRD90M,,chrome 63.0 for android,
MacOS|Mac OS X 10_12_4|chrome 63.0|1440x900,MacOS,Mac OS X 10_12_4,chrome 63.0,1440x900
SM-T710 Build/NRD90M|Android 7.0|chrome 60.0 for android|2048x1536,SM-T710 Build/NRD90M,Android 7.0,chrome 60.0 for android,2048x1536
SM-G935V Build/NRD90M|Android 7.0|chrome 58.0 for android|1920x1080,SM-G935V Build/NRD90M,Android 7.0,chrome 58.0 for android,1920x1080
rv:52.0|Windows 10|firefox|1366x768,rv:52.0,Windows 10,firefox,1366x768
iOS Device|iOS 10.3.1|mobile safari generic|2208x1242,iOS Device,iOS 10.3.1,mobile safari generic,2208x1242
SM-T377V Build/NMF26X|Android 7.1.1|chrome 63.0 for android|UNK,SM-T377V Build/NMF26X,Android 7.1.1,chrome 63.0 for android,
H1711 Build/HUAWEIH1711|Android 7.0|chrome 62.0 for android|1280x720,H1711 Build/HUAWEIH1711,Android 7.0,chrome 62.0 for android,1280x720
Windows|Windows 8|ie 11.0 for desktop|1600x900,Windows,Windows 8,ie 11.0 for desktop,1600x900
SM-A500M Build/KTU84P|UNK|chrome 63.0 for android|UNK,SM-A500M Build/KTU84P,,chrome 63.0 for android,
MacOS|Mac OS X 10_13_1|chrome 63.0|1280x800,MacOS,Mac OS X 10_13_1,chrome 63.0,1280x800
LG-X210 Build/LMY47I|UNK|chrome 59.0 for android|UNK,LG-X210 Build/LMY47I,,chrome 59.0 for android,
Build/OPR6.170623.013|UNK|UNK|UNK,Build/OPR6.170623.013,,,
LG-V930|Android 6.0|chrome 63.0 for android|1920x1200,LG-V930,Android 6.0,chrome 63.0 for android,1920x1200
UNK|Linux|chrome 62.0|1680x1050,,Linux,chrome 62.0,1680x1050
UNK|Android|chrome 62.0|1280x800,,Android,chrome 62.0,1280x800
SM-G531H Build/LMY48B|UNK|chrome 60.0 for android|UNK,SM-G531H Build/LMY48B,,chrome 60.0 for android,
SM-G930P Build/NRD90M|Android 7.0|chrome 63.0 for android|1920x1080,SM-G930P Build/NRD90M,Android 7.0,chrome 63.0 for android,1920x1080
GT-I9500|UNK|chrome 63.0 for android|UNK,GT-I9500,,chrome 63.0 for android,
MacOS|Mac OS X 10_12_4|chrome 63.0|2560x1600,MacOS,Mac OS X 10_12_4,chrome 63.0,2560x1600
LG-K240 Build/MXB48T|UNK|chrome 62.0 for android|UNK,LG-K240 Build/MXB48T,,chrome 62.0 for android,
MacOS|Mac OS X 10_13_2|chrome 62.0|5760x3240,MacOS,Mac OS X 10_13_2,chrome 62.0,5760x3240
MacOS|Mac OS X 10_13_2|safari generic|1280x800,MacOS,Mac OS X 10_13_2,safari generic,1280x800
Z982 Build/NMF26V|UNK|chrome 63.0 for android|UNK,Z982 Build/NMF26V,,chrome 63.0 for android,
Windows|Windows 10|edge 15.0|2560x1440,Windows,Windows 10,edge 15.0,2560x1440
MacOS|Mac OS X 10_11_6|chrome 63.0|2560x1440,MacOS,Mac OS X 10_11_6,chrome 63.0,2560x1440
SM-N950U Build/NMF26X|Android 7.1.1|chrome 63.0 for android|UNK,SM-N950U Build/NMF26X,Android 7.1.1,chrome 63.0 for android,
Windows|Windows 10|chrome 63.0|3843x2163,Windows,Windows 10,chrome 63.0,3843x2163
rv:48.0|Mac|firefox 48.0|1440x900,rv:48.0,Mac,firefox 48.0,1440x900
SM-G955U Build/NRD90M|Android 7.0|chrome 62.0 for android|2961x1442,SM-G955U Build/NRD90M,Android 7.0,chrome 62.0 for android,2961x1442
iOS Device|iOS 10.3.3|mobile safari 10.0|2732x2048,iOS Device,iOS 10.3.3,mobile safari 10.0,2732x2048
MacOS|Mac OS X 10_13_2|chrome 62.0|3840x2160,MacOS,Mac OS X 10_13_2,chrome 62.0,3840x2160
SM-G930P Build/NRD90M|Android 7.0|chrome 58.0 for android|1920x1080,SM-G930P Build/NRD90M,Android 7.0,chrome 58.0 for android,1920x1080
Windows|Windows 10|opera 49.0|2560x1080,Windows,Windows 10,opera 49.0,2560x1080
iOS Device|iOS 11.0.0|mobile safari generic|2208x1242,iOS Device,iOS 11.0.0,mobile safari generic,2208x1242
SM-N920V Build/NRD90M|Android 7.0|chrome 60.0 for android|1920x1080,SM-N920V Build/NRD90M,Android 7.0,chrome 60.0 for android,1920x1080
Trident/7.0|Windows 7|ie 11.0 for desktop|1152x720,Trident/7.0,Windows 7,ie 11.0 for desktop,1152x720
MacOS|Mac OS X 10_13_1|chrome 62.0|4096x2304,MacOS,Mac OS X 10_13_1,chrome 62.0,4096x2304
VS995 Build/NRD90M|Android 7.0|chrome 59.0 for android|2560x1440,VS995 Build/NRD90M,Android 7.0,chrome 59.0 for android,2560x1440
rv:56.0|Mac OS X 10.11|firefox 56.0|1280x800,rv:56.0,Mac OS X 10.11,firefox 56.0,1280x800
SAMSUNG SM-J700T Build/NMF26X|Android 7.1.1|samsung browser 6.2|1280x720,SAMSUNG SM-J700T Build/NMF26X,Android 7.1.1,samsung browser 6.2,1280x720
Windows|Windows 10|chrome 57.0|1920x1080,Windows,Windows 10,chrome 57.0,1920x1080
MacOS|Mac OS X 10_6_8|chrome 49.0|1920x1200,MacOS,Mac OS X 10_6_8,chrome 49.0,1920x1200
rv:44.0|Windows 7|firefox|1680x1050,rv:44.0,Windows 7,firefox,1680x1050
MacOS|Mac OS X 10_12_3|chrome 58.0|1440x900,MacOS,Mac OS X 10_12_3,chrome 58.0,1440x900
XT1055|Android|chrome 60.0 for android|1280x720,XT1055,Android,chrome 60.0 for android,1280x720
P4526A Build/NRD90M|UNK|chrome 62.0 for android|UNK,P4526A Build/NRD90M,,chrome 62.0 for android,
Moto E (4) Build/NCQ26.69-56|Android 7.1.1|chrome generic|1280x720,Moto E (4) Build/NCQ26.69-56,Android 7.1.1,chrome generic,1280x720
SM-J730GM Build/NRD90M|UNK|chrome 62.0 for android|UNK,SM-J730GM Build/NRD90M,,chrome 62.0 for android,
MacOS|Mac|safari generic|3360x2100,MacOS,Mac,safari generic,3360x2100
SAMSUNG SM-G950U Build/NRD90M|UNK|samsung browser 6.2|UNK,SAMSUNG SM-G950U Build/NRD90M,,samsung browser 6.2,
Windows|Windows 8.1|chrome generic|1920x1080,Windows,Windows 8.1,chrome generic,1920x1080
Windows|Windows 7|opera 49.0|1024x768,Windows,Windows 7,opera 49.0,1024x768
Windows|Windows 10|edge 14.0|1440x900,Windows,Windows 10,edge 14.0,1440x900
MacOS|Mac OS X 10_12_4|chrome 62.0|1280x800,MacOS,Mac OS X 10_12_4,chrome 62.0,1280x800
LGMS550 Build/MXB48T|Android 6.0.1|chrome 55.0 for android|1280x720,LGMS550 Build/MXB48T,Android 6.0.1,chrome 55.0 for android,1280x720
UNK|UNK|chrome 63.0 for ios|UNK,,,chrome 63.0 for ios,
MacOS|Mac OS X 10_11_4|chrome 63.0|1440x900,MacOS,Mac OS X 10_11_4,chrome 63.0,1440x900
MacOS|Mac OS X 10_13_1|safari generic|1680x1050,MacOS,Mac OS X 10_13_1,safari generic,1680x1050
Windows|Windows 10|ie 11.0 for desktop|1680x1050,Windows,Windows 10,ie 11.0 for desktop,1680x1050
Moto E (4) Build/NDQS26.69-23-2-3|UNK|chrome generic|UNK,Moto E (4) Build/NDQS26.69-23-2-3,,chrome generic,
Windows|Windows 7|chrome 63.0|2880x1620,Windows,Windows 7,chrome 63.0,2880x1620
Windows|Windows 7|chrome 62.0|2400x1350,Windows,Windows 7,chrome 62.0,2400x1350
MacOS|Mac OS X 10_10_5|chrome 62.0|1280x720,MacOS,Mac OS X 10_10_5,chrome 62.0,1280x720
Trident/7.0|Windows 7|ie 11.0 for desktop|1600x1200,Trident/7.0,Windows 7,ie 11.0 for desktop,1600x1200
XT1575|Android 7.0|chrome 63.0 for android|2562x1442,XT1575,Android 7.0,chrome 63.0 for android,2562x1442
Windows|Windows 7|safari generic|1680x1050,Windows,Windows 7,safari generic,1680x1050
rv:54.0|Windows 7|firefox|1920x1080,rv:54.0,Windows 7,firefox,1920x1080
rv:45.0|Windows 7|firefox|1680x1050,rv:45.0,Windows 7,firefox,1680x1050
Windows|Windows 10|firefox 57.0|3000x2000,Windows,Windows 10,firefox 57.0,3000x2000
rv:57.0|Windows 8.1|firefox 57.0|1920x1080,rv:57.0,Windows 8.1,firefox 57.0,1920x1080
SM-J327P Build/MMB29M|Android 6.0.1|chrome 62.0 for android|1280x720,SM-J327P Build/MMB29M,Android 6.0.1,chrome 62.0 for android,1280x720
MacOS|Mac OS X 10_12_5|chrome 62.0|1920x1080,MacOS,Mac OS X 10_12_5,chrome 62.0,1920x1080
SM-T377V|Android 6.0.1|chrome 62.0 for android|UNK,SM-T377V,Android 6.0.1,chrome 62.0 for android,
iOS Device|iOS 11.0.1|chrome 63.0 for ios|2732x2048,iOS Device,iOS 11.0.1,chrome 63.0 for ios,2732x2048
MacOS|Mac OS X 10_11_6|chrome 57.0|1440x900,MacOS,Mac OS X 10_11_6,chrome 57.0,1440x900
MacOS|Mac OS X 10_9_5|chrome 63.0|1920x1080,MacOS,Mac OS X 10_9_5,chrome 63.0,1920x1080
MacOS|Mac OS X 10_11_6|other|2880x1800,MacOS,Mac OS X 10_11_6,other,2880x1800
MacOS|Mac OS X 10_9_5|chrome 63.0|2560x1600,MacOS,Mac OS X 10_9_5,chrome 63.0,2560x1600
SM-G925T Build/NRD90M|Android 7.0|chrome 63.0 for android|2560x1440,SM-G925T Build/NRD90M,Android 7.0,chrome 63.0 for android,2560x1440
MacOS|Mac OS X 10_11_6|safari generic|1280x1024,MacOS,Mac OS X 10_11_6,safari generic,1280x1024
HUAWEI G7-L03 Build/HuaweiG7-L03|UNK|chrome 60.0 for android|UNK,HUAWEI G7-L03 Build/HuaweiG7-L03,,chrome 60.0 for android,
LG-X240 Build/MRA58K|UNK|chrome 63.0 for android|UNK,LG-X240 Build/MRA58K,,chrome 63.0 for android,
iOS Device|iOS|mobile safari 9.0|2001x1125,iOS Device,iOS,mobile safari 9.0,2001x1125
MacOS|Mac OS X 10_10_5|chrome 63.0|1920x1080,MacOS,Mac OS X 10_10_5,chrome 63.0,1920x1080
MacOS|Mac OS X 10_13_2|chrome 63.0|3360x2100,MacOS,Mac OS X 10_13_2,chrome 63.0,3360x2100
MacOS|Mac OS X 10_11_6|chrome 61.0|4096x2304,MacOS,Mac OS X 10_11_6,chrome 61.0,4096x2304
Hisense L675 Build/MRA58K|UNK|chrome 59.0 for android|UNK,Hisense L675 Build/MRA58K,,chrome 59.0 for android,
LG-K200 Build/MXB48T|UNK|chrome 60.0 for android|UNK,LG-K200 Build/MXB48T,,chrome 60.0 for android,
F3313 Build/37.0.A.2.108|UNK|chrome 62.0 for android|UNK,F3313 Build/37.0.A.2.108,,chrome 62.0 for android,
MacOS|Mac OS X 10_13_3|safari generic|1920x1080,MacOS,Mac OS X 10_13_3,safari generic,1920x1080
iOS Device|iOS 9.3.5|mobile safari 9.0|1136x640,iOS Device,iOS 9.3.5,mobile safari 9.0,1136x640
rv:51.0|Windows 10|firefox|1920x1080,rv:51.0,Windows 10,firefox,1920x1080
SM-J700M Build/MMB29K|UNK|chrome 60.0 for android|UNK,SM-J700M Build/MMB29K,,chrome 60.0 for android,
SAMSUNG-SM-G935A Build/NRD90M|Android 7.0|chrome 63.0 for android|1920x1080,SAMSUNG-SM-G935A Build/NRD90M,Android 7.0,chrome 63.0 for android,1920x1080
Windows|Windows 10|chrome 63.0|2049x1152,Windows,Windows 10,chrome 63.0,2049x1152
Windows|Windows 10|chrome 63.0|1280x720,Windows,Windows 10,chrome 63.0,1280x720
iOS Device|iOS 11.2.1|mobile safari generic|2001x1125,iOS Device,iOS 11.2.1,mobile safari generic,2001x1125
XT1650 Build/NCLS26.118-23-13-3|Android 7.1.1|chrome 63.0 for android|2560x1440,XT1650 Build/NCLS26.118-23-13-3,Android 7.1.1,chrome 63.0 for android,2560x1440
iOS Device|iOS 11.2.0|mobile safari generic|2001x1125,iOS Device,iOS 11.2.0,mobile safari generic,2001x1125
rv:52.0|Windows 7|firefox 52.0|1280x1024,rv:52.0,Windows 7,firefox 52.0,1280x1024
Alcatel_4060A|Android 5.1.1|chrome 60.0 for android|855x480,Alcatel_4060A,Android 5.1.1,chrome 60.0 for android,855x480
iOS Device|iOS 11.1.1|chrome 62.0 for ios|2048x1536,iOS Device,iOS 11.1.1,chrome 62.0 for ios,2048x1536
Windows|Windows 10|firefox 56.0|1366x768,Windows,Windows 10,firefox 56.0,1366x768
TRT-L53 Build/HUAWEITRT-L53|UNK|chrome 63.0 for android|UNK,TRT-L53 Build/HUAWEITRT-L53,,chrome 63.0 for android,
LG-D693n Build/KOT49I.V10a|UNK|chrome 60.0 for android|UNK,LG-D693n Build/KOT49I.V10a,,chrome 60.0 for android,
rv:56.0|Mac OS X 10.10|firefox 56.0|1440x900,rv:56.0,Mac OS X 10.10,firefox 56.0,1440x900
SM-P900|Android 5.0.2|chrome 63.0 for android|2560x1600,SM-P900,Android 5.0.2,chrome 63.0 for android,2560x1600
SM-J327P Build/MMB29M|UNK|chrome 62.0 for android|UNK,SM-J327P Build/MMB29M,,chrome 62.0 for android,
Trident/7.0|Windows 10|ie 11.0 for desktop|1360x768,Trident/7.0,Windows 10,ie 11.0 for desktop,1360x768
SM-J500M Build/MMB29M|UNK|chrome 50.0 for android|UNK,SM-J500M Build/MMB29M,,chrome 50.0 for android,
Blade L5 Build/LMY47I|UNK|chrome 62.0 for android|UNK,Blade L5 Build/LMY47I,,chrome 62.0 for android,
Windows|Windows XP|chrome 49.0|1152x864,Windows,Windows XP,chrome 49.0,1152x864
Windows NT 6.1|Windows 7|ie|1280x720,Windows NT 6.1,Windows 7,ie,1280x720
MacOS|Mac OS X 10_12_5|safari generic|4096x2304,MacOS,Mac OS X 10_12_5,safari generic,4096x2304
MacOS|Mac OS X 10_9_5|safari generic|1920x1200,MacOS,Mac OS X 10_9_5,safari generic,1920x1200
Z983 Build/NMF26F|Android 7.1.1|chrome|1920x1080,Z983 Build/NMF26F,Android 7.1.1,chrome,1920x1080
MacOS|Mac OS X 10_13_1|chrome 63.0|5120x2880,MacOS,Mac OS X 10_13_1,chrome 63.0,5120x2880
SM-G930V Build/NRD90M|Android 7.0|chrome 63.0 for android|2560x1440,SM-G930V Build/NRD90M,Android 7.0,chrome 63.0 for android,2560x1440
SM-P550 Build/MMB29M|UNK|chrome 61.0 for android|UNK,SM-P550 Build/MMB29M,,chrome 61.0 for android,
SM-G930V Build/NRD90M|Android 7.0|chrome 63.0 for android|1280x720,SM-G930V Build/NRD90M,Android 7.0,chrome 63.0 for android,1280x720
SAMSUNG SM-N920T Build/NRD90M|Android 7.0|samsung browser 6.2|UNK,SAMSUNG SM-N920T Build/NRD90M,Android 7.0,samsung browser 6.2,
MacOS|Mac OS X 10_11_4|chrome 62.0|1920x1080,MacOS,Mac OS X 10_11_4,chrome 62.0,1920x1080
SM-J500M Build/LMY48B|UNK|chrome 63.0 for android|UNK,SM-J500M Build/LMY48B,,chrome 63.0 for android,
SM-G935V Build/NRD90M|Android 7.0|chrome 61.0 for android|2560x1440,SM-G935V Build/NRD90M,Android 7.0,chrome 61.0 for android,2560x1440
Blade A510 Build/MRA58K|UNK|chrome 61.0 for android|UNK,Blade A510 Build/MRA58K,,chrome 61.0 for android,
SM-N950U Build/NMF26X|Android 7.1.1|chrome 63.0 for android|2220x1080,SM-N950U Build/NMF26X,Android 7.1.1,chrome 63.0 for android,2220x1080
MacOS|Mac OS X 10_11_6|chrome 61.0|1280x800,MacOS,Mac OS X 10_11_6,chrome 61.0,1280x800
Windows|Windows 7|chrome 63.0|1280x800,Windows,Windows 7,chrome 63.0,1280x800
MacOS|Mac|chrome 63.0|1920x1080,MacOS,Mac,chrome 63.0,1920x1080
UNK|Linux|chrome 63.0|1920x1080,,Linux,chrome 63.0,1920x1080
Windows|Windows 10|cyberfox|1280x1024,Windows,Windows 10,cyberfox,1280x1024
rv:54.0|UNK|firefox|UNK,rv:54.0,,firefox,
iOS Device|iOS 10.3.3|mobile safari uiwebview|1136x640,iOS Device,iOS 10.3.3,mobile safari uiwebview,1136x640
XT1635-02 Build/NPN26.118-22-2|UNK|chrome 63.0 for android|UNK,XT1635-02 Build/NPN26.118-22-2,,chrome 63.0 for android,
Moto G Play Build/MPIS24.241-15.3-7|UNK|chrome 63.0 for android|UNK,Moto G Play Build/MPIS24.241-15.3-7,,chrome 63.0 for android,
SAMSUNG|Android 6.0.1|samsung browser 6.2|2560x1440,SAMSUNG,Android 6.0.1,samsung browser 6.2,2560x1440
iOS Device|iOS 11.0.3|mobile safari 11.0|2224x1668,iOS Device,iOS 11.0.3,mobile safari 11.0,2224x1668
Windows|Windows 7|chrome 60.0|1360x768,Windows,Windows 7,chrome 60.0,1360x768
Windows|UNK|firefox generic|UNK,Windows,,firefox generic,
LGL62VL|Android 5.1.1|chrome 43.0 for android|1280x720,LGL62VL,Android 5.1.1,chrome 43.0 for android,1280x720
HTC Desire 626s Build/LMY47O|Android|chrome 61.0 for android|1280x720,HTC Desire 626s Build/LMY47O,Android,chrome 61.0 for android,1280x720
Windows|Windows 7|firefox 52.0|1600x900,Windows,Windows 7,firefox 52.0,1600x900
HUAWEI G7-L03 Build/HuaweiG7-L03|UNK|chrome 62.0 for android|UNK,HUAWEI G7-L03 Build/HuaweiG7-L03,,chrome 62.0 for android,
Windows|Windows 10|chrome 63.0|3000x2000,Windows,Windows 10,chrome 63.0,3000x2000
BBB100-3|Android 7.1.1|chrome 63.0 for android|UNK,BBB100-3,Android 7.1.1,chrome 63.0 for android,
Windows|Windows 10|edge 13.0|2736x1824,Windows,Windows 10,edge 13.0,2736x1824
EVA-L09 Build/HUAWEIEVA-L09|UNK|chrome 60.0 for android|UNK,EVA-L09 Build/HUAWEIEVA-L09,,chrome 60.0 for android,
rv:57.0|Android 7.1.1|Generic/Android|1280x720,rv:57.0,Android 7.1.1,Generic/Android,1280x720
SM-N910C Build/MMB29K|UNK|chrome 61.0 for android|UNK,SM-N910C Build/MMB29K,,chrome 61.0 for android,
LG-LS997 Build/NRD90M|Android 7.0|chrome 63.0 for android|2560x1440,LG-LS997 Build/NRD90M,Android 7.0,chrome 63.0 for android,2560x1440
SM-N950W|UNK|chrome 62.0 for android|UNK,SM-N950W,,chrome 62.0 for android,
SM-G925I Build/NRD90M|UNK|other|UNK,SM-G925I Build/NRD90M,,other,
LG-X180g Build/LMY47I|UNK|chrome 62.0 for android|UNK,LG-X180g Build/LMY47I,,chrome 62.0 for android,
4027A Build/KOT49H|UNK|chrome 54.0 for android|UNK,4027A Build/KOT49H,,chrome 54.0 for android,
MacOS|Mac OS X 10_12_6|chrome 63.0|3360x2100,MacOS,Mac OS X 10_12_6,chrome 63.0,3360x2100
rv:57.0|Mac OS X 10.12|firefox 57.0|1280x720,rv:57.0,Mac OS X 10.12,firefox 57.0,1280x720
MacOS|Mac OS X 10_13_2|chrome 62.0|5120x2880,MacOS,Mac OS X 10_13_2,chrome 62.0,5120x2880
Windows|Windows 10|opera 49.0|1920x1080,Windows,Windows 10,opera 49.0,1920x1080
rv:53.0|Windows 10|firefox|1600x900,rv:53.0,Windows 10,firefox,1600x900
MacOS|Mac OS X 10_12_3|safari generic|2560x1440,MacOS,Mac OS X 10_12_3,safari generic,2560x1440
SAMSUNG-SM-G900A Build/MMB29M|Android 6.0.1|chrome 60.0 for android|1920x1080,SAMSUNG-SM-G900A Build/MMB29M,Android 6.0.1,chrome 60.0 for android,1920x1080
MacOS|Mac OS X 10_12_6|chrome 62.0|1600x1000,MacOS,Mac OS X 10_12_6,chrome 62.0,1600x1000
MacOS|Mac|chrome 63.0|1440x900,MacOS,Mac,chrome 63.0,1440x900
E2306 Build/26.1.A.3.111|UNK|chrome 63.0 for android|UNK,E2306 Build/26.1.A.3.111,,chrome 63.0 for android,
SM-G610M Build/MMB29K|UNK|chrome 50.0 for android|UNK,SM-G610M Build/MMB29K,,chrome 50.0 for android,
SM-G935F Build/MMB29K|UNK|chrome 63.0 for android|UNK,SM-G935F Build/MMB29K,,chrome 63.0 for android,
PRA-LX3 Build/HUAWEIPRA-LX3|UNK|chrome 59.0 for android|UNK,PRA-LX3 Build/HUAWEIPRA-LX3,,chrome 59.0 for android,
ZTE|UNK|chrome 62.0 for android|UNK,ZTE,,chrome 62.0 for android,
LG-M700 Build/NMF26X|UNK|chrome 63.0 for android|UNK,LG-M700 Build/NMF26X,,chrome 63.0 for android,
LG-M150|UNK|chrome 62.0 for android|UNK,LG-M150,,chrome 62.0 for android,
iOS Device|iOS 11.1.2|chrome 63.0 for ios|2224x1668,iOS Device,iOS 11.1.2,chrome 63.0 for ios,2224x1668
SM-E500M Build/KTU84P|UNK|chrome 63.0 for android|UNK,SM-E500M Build/KTU84P,,chrome 63.0 for android,
HTC One Build/LRX22G|Android 5.0.2|chrome 63.0 for android|1920x1080,HTC One Build/LRX22G,Android 5.0.2,chrome 63.0 for android,1920x1080
SM-J700M Build/MMB29K|Android 6.0.1|chrome 62.0 for android|1280x720,SM-J700M Build/MMB29K,Android 6.0.1,chrome 62.0 for android,1280x720
XT1254 Build/MCG24.251-5-5|Android 6.0.1|chrome 61.0 for android|2560x1440,XT1254 Build/MCG24.251-5-5,Android 6.0.1,chrome 61.0 for android,2560x1440
SAMSUNG SM-G925P Build/NRD90M|Android 7.0|samsung browser 6.2|2560x1440,SAMSUNG SM-G925P Build/NRD90M,Android 7.0,samsung browser 6.2,2560x1440
SM-T813 Build/NRD90M|Android 7.0|chrome 63.0 for android|UNK,SM-T813 Build/NRD90M,Android 7.0,chrome 63.0 for android,
rv:52.0|Linux|firefox 52.0|1680x1050,rv:52.0,Linux,firefox 52.0,1680x1050
Z983 Build/NMF26F|Android 7.1.1|chrome 63.0 for android|UNK,Z983 Build/NMF26F,Android 7.1.1,chrome 63.0 for android,
iOS Device|iOS 11.2.1|mobile safari 11.0|2208x1242,iOS Device,iOS 11.2.1,mobile safari 11.0,2208x1242
Pixel Build/OPM1.171019.011|Android 8.1.0|chrome 62.0 for android|UNK,Pixel Build/OPM1.171019.011,Android 8.1.0,chrome 62.0 for android,
Windows|Windows 7|firefox|2048x1152,Windows,Windows 7,firefox,2048x1152
LG-H910 Build/NRD90M|Android 7.0|chrome 63.0 for android|2560x1440,LG-H910 Build/NRD90M,Android 7.0,chrome 63.0 for android,2560x1440
MacOS|Mac OS X 10_12_6|chrome 63.0|1920x1080,MacOS,Mac OS X 10_12_6,chrome 63.0,1920x1080
Windows|Windows 7|chrome 57.0|2880x1620,Windows,Windows 7,chrome 57.0,2880x1620
VS988 Build/NRD90U|Android 7.0|chrome 63.0 for android|2672x1440,VS988 Build/NRD90U,Android 7.0,chrome 63.0 for android,2672x1440
rv:56.0|Mac OS X 10.13|firefox 56.0|1920x1080,rv:56.0,Mac OS X 10.13,firefox 56.0,1920x1080
Windows|Windows 7|chrome generic|1366x768,Windows,Windows 7,chrome generic,1366x768
Windows|Windows 7|chrome 59.0|1366x768,Windows,Windows 7,chrome 59.0,1366x768
iOS Device|iOS 11.2.1|mobile safari 11.0|1334x750,iOS Device,iOS 11.2.1,mobile safari 11.0,1334x750
MacOS|Mac OS X 10_11_6|chrome 61.0|5120x2880,MacOS,Mac OS X 10_11_6,chrome 61.0,5120x2880
SM-T827V Build/NRD90M|Android 7.0|chrome 62.0 for android|2048x1536,SM-T827V Build/NRD90M,Android 7.0,chrome 62.0 for android,2048x1536
Windows|Windows Vista|ie|1440x900,Windows,Windows Vista,ie,1440x900
SAMSUNG SM-G570M Build/MMB29K|UNK|samsung browser 6.2|UNK,SAMSUNG SM-G570M Build/MMB29K,,samsung browser 6.2,
LG-H830 Build/NRD90U|Android 7.0|chrome 62.0 for android|2560x1440,LG-H830 Build/NRD90U,Android 7.0,chrome 62.0 for android,2560x1440
rv:54.0|Mac OS X 10.11|firefox|2880x1800,rv:54.0,Mac OS X 10.11,firefox,2880x1800
UNK|Linux|chrome 63.0|2961x1442,,Linux,chrome 63.0,2961x1442
Windows|Windows 10|chrome 56.0|1920x1080,Windows,Windows 10,chrome 56.0,1920x1080
iOS Device|iOS 11.1.2|chrome 63.0 for ios|2732x2048,iOS Device,iOS 11.1.2,chrome 63.0 for ios,2732x2048
MacOS|Mac OS X 10_13_2|chrome 49.0|1280x800,MacOS,Mac OS X 10_13_2,chrome 49.0,1280x800
MacOS|Mac OS X 10_12_6|chrome 63.0|2560x1600,MacOS,Mac OS X 10_12_6,chrome 63.0,2560x1600
rv:45.0|Mac OS X 10.11|firefox|1920x1200,rv:45.0,Mac OS X 10.11,firefox,1920x1200
SAMSUNG SM-N920P Build/NRD90M|Android 7.0|samsung browser 5.4|1920x1080,SAMSUNG SM-N920P Build/NRD90M,Android 7.0,samsung browser 5.4,1920x1080
SM-G935F Build/NRD90M|UNK|android webview 4.0|UNK,SM-G935F Build/NRD90M,,android webview 4.0,
MacOS|Mac OS X 10_12_6|chrome 63.0|1280x1024,MacOS,Mac OS X 10_12_6,chrome 63.0,1280x1024
MacOS|Mac|safari generic|2560x1440,MacOS,Mac,safari generic,2560x1440
Windows|Windows 7|chrome 63.0|2112x1188,Windows,Windows 7,chrome 63.0,2112x1188
HTC Desire 626s Build/LMY47O|Android|chrome generic|1184x720,HTC Desire 626s Build/LMY47O,Android,chrome generic,1184x720
SAMSUNG SM-T580 Build/NRD90M|UNK|samsung browser 6.2|UNK,SAMSUNG SM-T580 Build/NRD90M,,samsung browser 6.2,
XT1650 Build/NCLS26.118-23-13-3|Android 7.1.1|chrome 62.0 for android|UNK,XT1650 Build/NCLS26.118-23-13-3,Android 7.1.1,chrome 62.0 for android,
Windows|Windows 10|chrome 63.0|2560x1080,Windows,Windows 10,chrome 63.0,2560x1080
LGMP450 Build/NRD90U|Android 7.0|chrome 62.0 for android|UNK,LGMP450 Build/NRD90U,Android 7.0,chrome 62.0 for android,
Windows|Windows 7|chrome 63.0|1440x810,Windows,Windows 7,chrome 63.0,1440x810
MacOS|Mac OS X 10_13_1|chrome 63.0|4096x2304,MacOS,Mac OS X 10_13_1,chrome 63.0,4096x2304
LG-D693n Build/LRX22G|UNK|chrome 61.0 for android|UNK,LG-D693n Build/LRX22G,,chrome 61.0 for android,
Windows|Windows 7|chrome 63.0|1600x1200,Windows,Windows 7,chrome 63.0,1600x1200
Windows|Windows 10|chrome 63.0|1400x1050,Windows,Windows 10,chrome 63.0,1400x1050
Windows|Windows Vista|aol|UNK,Windows,Windows Vista,aol,
Z835 Build/NMF26V|Android 7.1.1|chrome|855x480,Z835 Build/NMF26V,Android 7.1.1,chrome,855x480
iOS Device|iOS 11.2.1|mobile safari generic|1334x750,iOS Device,iOS 11.2.1,mobile safari generic,1334x750
Z798BL Build/MMB29M|Android 6.0.1|chrome|855x480,Z798BL Build/MMB29M,Android 6.0.1,chrome,855x480
SAMSUNG-SM-G890A Build/MMB29K|Android 6.0.1|chrome 63.0 for android|2560x1440,SAMSUNG-SM-G890A Build/MMB29K,Android 6.0.1,chrome 63.0 for android,2560x1440
MacOS|Mac OS X 10_12_3|chrome 59.0|1366x768,MacOS,Mac OS X 10_12_3,chrome 59.0,1366x768
rv:57.0|Android 7.0|Generic/Android 7.0|2076x1080,rv:57.0,Android 7.0,Generic/Android 7.0,2076x1080
SAMSUNG SM-G920T Build/NRD90M|Android 7.0|samsung browser 6.2|2560x1440,SAMSUNG SM-G920T Build/NRD90M,Android 7.0,samsung browser 6.2,2560x1440
UNK|Android|chrome 63.0|UNK,,Android,chrome 63.0,
Z798BL Build/MMB29M|Android 6.0.1|android webview 4.0|855x480,Z798BL Build/MMB29M,Android 6.0.1,android webview 4.0,855x480
SAMSUNG SM-N920A Build/NRD90M|Android 7.0|samsung browser 6.2|UNK,SAMSUNG SM-N920A Build/NRD90M,Android 7.0,samsung browser 6.2,
SAMSUNG-SM-G891A Build/NRD90M|Android 7.0|chrome 63.0 for android|1920x1080,SAMSUNG-SM-G891A Build/NRD90M,Android 7.0,chrome 63.0 for android,1920x1080
SM-N920V Build/NRD90M|UNK|chrome 62.0 for android|UNK,SM-N920V Build/NRD90M,,chrome 62.0 for android,
hi6210sft Build/MRA58K|UNK|chrome 63.0 for android|UNK,hi6210sft Build/MRA58K,,chrome 63.0 for android,
Windows|Windows 7|chrome 63.0|2560x1440,Windows,Windows 7,chrome 63.0,2560x1440
rv:46.0|Mac OS X 10.13|firefox|1920x1080,rv:46.0,Mac OS X 10.13,firefox,1920x1080
rv:58.0|Android 7.0|Generic/Android 7.0|UNK,rv:58.0,Android 7.0,Generic/Android 7.0,
Windows|Windows 10|chrome 61.0|1440x900,Windows,Windows 10,chrome 61.0,1440x900
MacOS|Mac OS X 10_13_2|chrome 63.0|2880x1800,MacOS,Mac OS X 10_13_2,chrome 63.0,2880x1800
Windows|Windows 8.1|chrome 63.0|1680x1050,Windows,Windows 8.1,chrome 63.0,1680x1050
MacOS|Mac OS X 10_11_5|chrome 63.0|2560x1600,MacOS,Mac OS X 10_11_5,chrome 63.0,2560x1600
SM-T800 Build/MMB29K|UNK|chrome 62.0 for android|UNK,SM-T800 Build/MMB29K,,chrome 62.0 for android,
Windows|Windows 8|firefox 57.0|1280x1024,Windows,Windows 8,firefox 57.0,1280x1024
hp2015|Windows 7|ie 11.0 for desktop|1920x1200,hp2015,Windows 7,ie 11.0 for desktop,1920x1200
LG-M210 Build/NRD90U|Android 7.0|other|1280x720,LG-M210 Build/NRD90U,Android 7.0,other,1280x720
Windows|Windows 10|edge 14.0|1680x1050,Windows,Windows 10,edge 14.0,1680x1050
MacOS|Mac OS X 10_13_1|chrome 63.0|1600x900,MacOS,Mac OS X 10_13_1,chrome 63.0,1600x900
MacOS|Mac OS X 10_11_6|chrome 61.0|3360x2100,MacOS,Mac OS X 10_11_6,chrome 61.0,3360x2100
rv:52.0|Mac OS X 10.11|firefox 52.0|1440x900,rv:52.0,Mac OS X 10.11,firefox 52.0,1440x900
iOS Device|iOS 9.3.5|UNK|1136x640,iOS Device,iOS 9.3.5,,1136x640
SM-J700M Build/MMB29K|UNK|chrome 59.0 for android|UNK,SM-J700M Build/MMB29K,,chrome 59.0 for android,
MacOS|Mac OS X 10_11_6|chrome 63.0|1600x900,MacOS,Mac OS X 10_11_6,chrome 63.0,1600x900
VS987 Build/NRD90U|Android 7.0|chrome 63.0 for android|2560x1440,VS987 Build/NRD90U,Android 7.0,chrome 63.0 for android,2560x1440
SAMSUNG|Android 5.0|other|1920x1080,SAMSUNG,Android 5.0,other,1920x1080
Windows|Windows 7|chrome 60.0|1440x900,Windows,Windows 7,chrome 60.0,1440x900
MacOS|Mac OS X 10_13_2|chrome 63.0|2400x1350,MacOS,Mac OS X 10_13_2,chrome 63.0,2400x1350
LGLS991|Android 6.0|chrome 58.0 for android|2560x1440,LGLS991,Android 6.0,chrome 58.0 for android,2560x1440
UNK|Android|chrome 62.0|UNK,,Android,chrome 62.0,
HUAWEI VNS-L23 Build/HUAWEIVNS-L23|UNK|chrome 63.0 for android|UNK,HUAWEI VNS-L23 Build/HUAWEIVNS-L23,,chrome 63.0 for android,
SM-G935V Build/NRD90M|Android 7.0|chrome 59.0 for android|1920x1080,SM-G935V Build/NRD90M,Android 7.0,chrome 59.0 for android,1920x1080
SM-G532M Build/MMB29T|UNK|chrome 62.0 for android|UNK,SM-G532M Build/MMB29T,,chrome 62.0 for android,
MDDRJS|Windows 7|ie 11.0 for desktop|1280x1024,MDDRJS,Windows 7,ie 11.0 for desktop,1280x1024
Moto G (5) Build/NPP25.137-38|UNK|chrome generic|UNK,Moto G (5) Build/NPP25.137-38,,chrome generic,
Pixel 2 Build/OPM1.171019.011|Android 8.1.0|chrome 62.0 for android|UNK,Pixel 2 Build/OPM1.171019.011,Android 8.1.0,chrome 62.0 for android,
rv:52.0|Windows Vista|firefox 52.0|1680x1050,rv:52.0,Windows Vista,firefox 52.0,1680x1050
MacOS|Mac OS X 10_12_6|chrome 63.0|5120x2880,MacOS,Mac OS X 10_12_6,chrome 63.0,5120x2880
rv:57.0|Mac OS X 10.12|firefox 57.0|4096x2304,rv:57.0,Mac OS X 10.12,firefox 57.0,4096x2304
SM-G920F Build/NRD90M|Android 7.0|chrome 63.0 for android|2560x1440,SM-G920F Build/NRD90M,Android 7.0,chrome 63.0 for android,2560x1440
rv:57.0|Mac OS X 10.12|firefox 57.0|2560x1440,rv:57.0,Mac OS X 10.12,firefox 57.0,2560x1440
SAMSUNG SM-G920T Build/NRD90M|Android 7.0|samsung|2560x1440,SAMSUNG SM-G920T Build/NRD90M,Android 7.0,samsung,2560x1440
HUAWEI Y625-U13 Build/HUAWEIY625-U13|UNK|chrome 56.0 for android|UNK,HUAWEI Y625-U13 Build/HUAWEIY625-U13,,chrome 56.0 for android,
rv:11.0|Windows 10|ie 11.0 for desktop|1280x768,rv:11.0,Windows 10,ie 11.0 for desktop,1280x768
Windows|Windows 10|chrome 63.0|1728x972,Windows,Windows 10,chrome 63.0,1728x972
SAMSUNG SM-G903F Build/MMB29K|UNK|samsung browser 6.2|UNK,SAMSUNG SM-G903F Build/MMB29K,,samsung browser 6.2,
Windows|Windows 10|chrome 51.0|1400x1050,Windows,Windows 10,chrome 51.0,1400x1050
MacOS|Mac OS X 10_10_5|chrome 63.0|2560x1440,MacOS,Mac OS X 10_10_5,chrome 63.0,2560x1440
SM-J100MU|UNK|chrome 61.0 for android|UNK,SM-J100MU,,chrome 61.0 for android,
SM-G550T1 Build/MMB29K|Android 6.0.1|chrome 55.0 for android|1280x720,SM-G550T1 Build/MMB29K,Android 6.0.1,chrome 55.0 for android,1280x720
SAMSUNG-SM-G891A Build/NRD90M|Android 7.0|chrome 63.0 for android|UNK,SAMSUNG-SM-G891A Build/NRD90M,Android 7.0,chrome 63.0 for android,
E6833|UNK|chrome 62.0 for android|UNK,E6833,,chrome 62.0 for android,
SAMSUNG-SM-G930A Build/NRD90M|Android 7.0|chrome 63.0 for android|1920x1080,SAMSUNG-SM-G930A Build/NRD90M,Android 7.0,chrome 63.0 for android,1920x1080
SM-G920W8|UNK|chrome 63.0 for android|UNK,SM-G920W8,,chrome 63.0 for android,
SM-G935P Build/NRD90M|Android 7.0|chrome 63.0 for android|1920x1080,SM-G935P Build/NRD90M,Android 7.0,chrome 63.0 for android,1920x1080
rv:56.0|Android 6.0.1|firefox|UNK,rv:56.0,Android 6.0.1,firefox,
5010G Build/MRA58K|UNK|chrome 52.0 for android|UNK,5010G Build/MRA58K,,chrome 52.0 for android,
A3_mini|UNK|android webview 4.0|UNK,A3_mini,,android webview 4.0,
XT1528|Android|chrome 62.0 for android|960x540,XT1528,Android,chrome 62.0 for android,960x540
MacOS|Mac OS X 10_13_1|chrome 63.0|1366x768,MacOS,Mac OS X 10_13_1,chrome 63.0,1366x768
rv:39.0|Windows 7|firefox|1920x1080,rv:39.0,Windows 7,firefox,1920x1080
SM-G925I Build/NRD90M|UNK|chrome 63.0 for android|UNK,SM-G925I Build/NRD90M,,chrome 63.0 for android,
SM-N900W8 Build/LRX21V|UNK|chrome 62.0 for android|UNK,SM-N900W8 Build/LRX21V,,chrome 62.0 for android,
SM-G920T1|UNK|chrome 56.0 for android|UNK,SM-G920T1,,chrome 56.0 for android,
Trident/7.0|Windows 7|ie 11.0 for desktop|1600x837,Trident/7.0,Windows 7,ie 11.0 for desktop,1600x837
Windows|Windows 8|chrome 63.0|1920x1080,Windows,Windows 8,chrome 63.0,1920x1080
iOS Device|iOS 10.2.1|mobile safari 10.0|2732x2048,iOS Device,iOS 10.2.1,mobile safari 10.0,2732x2048
MacOS|Mac OS X 10_10_5|chrome 63.0|1680x1050,MacOS,Mac OS X 10_10_5,chrome 63.0,1680x1050
XT1030 Build/SU6-7.7|Android|chrome 62.0 for android|1280x720,XT1030 Build/SU6-7.7,Android,chrome 62.0 for android,1280x720
MacOS|Mac OS X 10_13_2|chrome 63.0|1366x768,MacOS,Mac OS X 10_13_2,chrome 63.0,1366x768
UNK|Linux|chrome 57.0|1366x768,,Linux,chrome 57.0,1366x768
MacOS|Mac OS X 10_8_5|safari generic|1280x800,MacOS,Mac OS X 10_8_5,safari generic,1280x800
SM-G930V Build/NRD90M|Android 7.0|chrome 62.0 for android|1280x720,SM-G930V Build/NRD90M,Android 7.0,chrome 62.0 for android,1280x720
HP|UNK|chrome 60.0 for android|UNK,HP,,chrome 60.0 for android,
BLADE V8 SE Build/NRD90M|UNK|chrome 63.0 for android|UNK,BLADE V8 SE Build/NRD90M,,chrome 63.0 for android,
MacOS|Mac OS X 10_12_6|safari generic|1360x768,MacOS,Mac OS X 10_12_6,safari generic,1360x768
PRA-LX3 Build/HUAWEIPRA-LX3|UNK|chrome 55.0 for android|UNK,PRA-LX3 Build/HUAWEIPRA-LX3,,chrome 55.0 for android,
SM-G935T Build/NRD90M|UNK|chrome 63.0 for android|UNK,SM-G935T Build/NRD90M,,chrome 63.0 for android,
rv:57.0|Windows 8.1|firefox 57.0|1366x768,rv:57.0,Windows 8.1,firefox 57.0,1366x768
iOS Device|iOS 11.1.2|mobile safari generic|2224x1668,iOS Device,iOS 11.1.2,mobile safari generic,2224x1668
REX|UNK|chrome 62.0 for android|UNK,REX,,chrome 62.0 for android,
Trident/7.0|Windows 8.1|Microsoft/Windows|1366x768,Trident/7.0,Windows 8.1,Microsoft/Windows,1366x768
SM-S820L|UNK|chrome 62.0 for android|UNK,SM-S820L,,chrome 62.0 for android,
MacOS|Mac OS X 10_13_2|chrome 63.0|2560x1600,MacOS,Mac OS X 10_13_2,chrome 63.0,2560x1600
MacOS|Mac OS X 10_13_2|safari generic|1680x1050,MacOS,Mac OS X 10_13_2,safari generic,1680x1050
SM-G930V Build/NRD90M|Android 7.0|android webview 4.0|5760x3240,SM-G930V Build/NRD90M,Android 7.0,android webview 4.0,5760x3240
XT1032 Build/LPBS23.13-57-2|UNK|chrome 62.0 for android|UNK,XT1032 Build/LPBS23.13-57-2,,chrome 62.0 for android,
SM-G935T Build/NRD90M|Android 7.0|chrome 63.0 for android|1920x1080,SM-G935T Build/NRD90M,Android 7.0,chrome 63.0 for android,1920x1080
LG-H542 Build/LRX22G|UNK|chrome 60.0 for android|UNK,LG-H542 Build/LRX22G,,chrome 60.0 for android,
Y635-L03 Build/HuaweiY635-L03|UNK|chrome 59.0 for android|UNK,Y635-L03 Build/HuaweiY635-L03,,chrome 59.0 for android,
Moto C Build/NRD90M.063|UNK|chrome 63.0 for android|UNK,Moto C Build/NRD90M.063,,chrome 63.0 for android,
SM-G920V|Android 5.1.1|chrome 63.0 for android|2560x1440,SM-G920V,Android 5.1.1,chrome 63.0 for android,2560x1440
KFDOWI Build/LVY48F|Android 5.1.1|chrome 62.0 for android|UNK,KFDOWI Build/LVY48F,Android 5.1.1,chrome 62.0 for android,
SM-A320Y Build/NRD90M|UNK|chrome 63.0 for android|UNK,SM-A320Y Build/NRD90M,,chrome 63.0 for android,
SAMSUNG SM-G850F/G850FXXS2CQD9 Build/LRX22G|UNK|chrome generic|UNK,SAMSUNG SM-G850F/G850FXXS2CQD9 Build/LRX22G,,chrome generic,
LG-H850|UNK|chrome 59.0 for android|UNK,LG-H850,,chrome 59.0 for android,
iOS Device|iOS 11.0.1|mobile safari 11.0|2436x1125,iOS Device,iOS 11.0.1,mobile safari 11.0,2436x1125
Windows|Windows 10|chrome 63.0|1093x615,Windows,Windows 10,chrome 63.0,1093x615
SM-J120H Build/LMY47V|UNK|chrome 59.0 for android|UNK,SM-J120H Build/LMY47V,,chrome 59.0 for android,
MacOS|Mac OS X 10_13_3|safari generic|2560x1440,MacOS,Mac OS X 10_13_3,safari generic,2560x1440
UNK|Linux|chrome 55.0|1366x768,,Linux,chrome 55.0,1366x768
Redmi|UNK|chrome 63.0 for android|UNK,Redmi,,chrome 63.0 for android,
HTC|Android 6.0.1|chrome 62.0 for android|1280x720,HTC,Android 6.0.1,chrome 62.0 for android,1280x720
D6708|Android 5.1.1|chrome 61.0 for android|1920x1080,D6708,Android 5.1.1,chrome 61.0 for android,1920x1080
Trident/7.0|Windows 8.1|Microsoft/Windows|1920x1080,Trident/7.0,Windows 8.1,Microsoft/Windows,1920x1080
UNK|Linux|chrome 63.0|2560x1440,,Linux,chrome 63.0,2560x1440
5010G Build/MRA58K|UNK|chrome 59.0 for android|UNK,5010G Build/MRA58K,,chrome 59.0 for android,
LG-H900/H90022b|Android 6.0|android webview 4.0|2560x1440,LG-H900/H90022b,Android 6.0,android webview 4.0,2560x1440
en-us|Android 4.4.2|other|960x540,en-us,Android 4.4.2,other,960x540
Windows|Windows 8.1|chrome 63.0|1280x720,Windows,Windows 8.1,chrome 63.0,1280x720
SM-T810 Build/NRD90M|Android 7.0|chrome 63.0 for android|2048x1536,SM-T810 Build/NRD90M,Android 7.0,chrome 63.0 for android,2048x1536
SAMSUNG-SM-G920A Build/NRD90M|Android 7.0|chrome 63.0 for android|2560x1440,SAMSUNG-SM-G920A Build/NRD90M,Android 7.0,chrome 63.0 for android,2560x1440
LGLS775 Build/NRD90U|Android 7.0|chrome 63.0 for android|1280x720,LGLS775 Build/NRD90U,Android 7.0,chrome 63.0 for android,1280x720
MacOS|Mac OS X 10_12_3|chrome 63.0|2560x1440,MacOS,Mac OS X 10_12_3,chrome 63.0,2560x1440
MacOS|Mac OS X 10_12_5|chrome 63.0|2880x1800,MacOS,Mac OS X 10_12_5,chrome 63.0,2880x1800
Windows|Windows 7|chrome 61.0|1600x900,Windows,Windows 7,chrome 61.0,1600x900
Windows|Windows 7|opera 49.0|1920x1080,Windows,Windows 7,opera 49.0,1920x1080
SM-A300H Build/LRX22G|UNK|chrome 63.0 for android|UNK,SM-A300H Build/LRX22G,,chrome 63.0 for android,
HUAWEI CAN-L01 Build/HUAWEICAN-L01|UNK|chrome 63.0 for android|UNK,HUAWEI CAN-L01 Build/HUAWEICAN-L01,,chrome 63.0 for android,
SAMSUNG SM-G935P Build/NRD90M|Android 7.0|samsung browser 6.2|1920x1080,SAMSUNG SM-G935P Build/NRD90M,Android 7.0,samsung browser 6.2,1920x1080
rv:56.0|Windows 7|firefox 56.0|1600x900,rv:56.0,Windows 7,firefox 56.0,1600x900
MacOS|Mac OS X 10_11_6|safari generic|1344x756,MacOS,Mac OS X 10_11_6,safari generic,1344x756
SM-G930P Build/NRD90M|Android 7.0|chrome 62.0 for android|UNK,SM-G930P Build/NRD90M,Android 7.0,chrome 62.0 for android,
rv:48.0|Mac|firefox 48.0|1024x768,rv:48.0,Mac,firefox 48.0,1024x768
Trident/7.0|Windows 10|ie 11.0 for tablet|1680x1050,Trident/7.0,Windows 10,ie 11.0 for tablet,1680x1050
Windows|Windows 7|chrome 61.0|1440x900,Windows,Windows 7,chrome 61.0,1440x900
MacOS|Mac OS X 10_12_1|chrome 61.0|1440x900,MacOS,Mac OS X 10_12_1,chrome 61.0,1440x900
MacOS|Mac OS X 10_10_5|chrome 63.0|3440x1440,MacOS,Mac OS X 10_10_5,chrome 63.0,3440x1440
WOW64|Windows 7|ie 11.0 for desktop|1680x1050,WOW64,Windows 7,ie 11.0 for desktop,1680x1050
SAMSUNG SM-J327T1 Build/NRD90M|Android 7.0|samsung browser 6.2|1281x721,SAMSUNG SM-J327T1 Build/NRD90M,Android 7.0,samsung browser 6.2,1281x721
MacOS|Mac OS X 10_13_2|chrome 63.0|1920x1080,MacOS,Mac OS X 10_13_2,chrome 63.0,1920x1080
VS988 Build/NRD90U|Android 7.0|chrome 56.0 for android|2672x1440,VS988 Build/NRD90U,Android 7.0,chrome 56.0 for android,2672x1440
LG-K530 Build/NRD90U|UNK|chrome 63.0 for android|UNK,LG-K530 Build/NRD90U,,chrome 63.0 for android,
Aquaris|UNK|chrome 63.0 for android|UNK,Aquaris,,chrome 63.0 for android,
Windows|Windows 7|chrome 63.0|1152x864,Windows,Windows 7,chrome 63.0,1152x864
SM-G531H Build/LMY48B|UNK|chrome 63.0 for android|UNK,SM-G531H Build/LMY48B,,chrome 63.0 for android,
UNK|UNK|edge 16.0|UNK,,,edge 16.0,
Windows|Windows 10|chrome 63.0|1280x800,Windows,Windows 10,chrome 63.0,1280x800
SM-J710MN Build/MMB29K|UNK|chrome 50.0 for android|UNK,SM-J710MN Build/MMB29K,,chrome 50.0 for android,
en-us|Android|chrome generic|1920x1080,en-us,Android,chrome generic,1920x1080
STV100-2 Build/MMB29M|Android 6.0.1|chrome 63.0 for android|2562x1442,STV100-2 Build/MMB29M,Android 6.0.1,chrome 63.0 for android,2562x1442
Windows|Windows 10|chrome 61.0|1280x1024,Windows,Windows 10,chrome 61.0,1280x1024
Windows|Windows XP|chrome 49.0|1280x1024,Windows,Windows XP,chrome 49.0,1280x1024
Windows|Windows 10|opera 49.0|1280x1025,Windows,Windows 10,opera 49.0,1280x1025
C6743 Build/LMY47V|Android 5.1.1|chrome 62.0 for android|960x540,C6743 Build/LMY47V,Android 5.1.1,chrome 62.0 for android,960x540
MacOS|Mac OS X 10_13_2|safari generic|1152x648,MacOS,Mac OS X 10_13_2,safari generic,1152x648
ONE A2005 Build/MMB29M|Android 6.0.1|chrome 63.0 for android|1920x1080,ONE A2005 Build/MMB29M,Android 6.0.1,chrome 63.0 for android,1920x1080
Trident/7.0|UNK|Microsoft/Windows|UNK,Trident/7.0,,Microsoft/Windows,
SM-G900P Build/MMB29M|Android 6.0.1|chrome 61.0 for android|1920x1080,SM-G900P Build/MMB29M,Android 6.0.1,chrome 61.0 for android,1920x1080
rv:57.0|Windows 10|firefox|1920x1080,rv:57.0,Windows 10,firefox,1920x1080
rv:51.0|Windows 7|firefox|1920x1080,rv:51.0,Windows 7,firefox,1920x1080
Windows|Windows 10|opera generic|1600x900,Windows,Windows 10,opera generic,1600x900
MHA-L09 Build/HUAWEIMHA-L09|UNK|chrome 63.0 for android|UNK,MHA-L09 Build/HUAWEIMHA-L09,,chrome 63.0 for android,
Windows|Windows 8|chrome 60.0|1920x1080,Windows,Windows 8,chrome 60.0,1920x1080
rv:57.0|Windows 7|firefox 57.0|1024x768,rv:57.0,Windows 7,firefox 57.0,1024x768
rv:57.0|Android 7.0|Generic/Android 7.0|2392x1440,rv:57.0,Android 7.0,Generic/Android 7.0,2392x1440
MacOS|Mac OS X 10_10_5|safari generic|2048x1152,MacOS,Mac OS X 10_10_5,safari generic,2048x1152
Windows|Windows 8|ie 11.0 for desktop|1366x768,Windows,Windows 8,ie 11.0 for desktop,1366x768
Windows|Windows 10|ie 11.0 for desktop|1360x768,Windows,Windows 10,ie 11.0 for desktop,1360x768
XT1563 Build/MPD24.107-52|UNK|chrome 61.0 for android|UNK,XT1563 Build/MPD24.107-52,,chrome 61.0 for android,
K88 Build/MMB29M|Android 6.0.1|android webview 4.0|UNK,K88 Build/MMB29M,Android 6.0.1,android webview 4.0,
MacOS|Mac OS X 10_13_1|chrome 63.0|3360x2100,MacOS,Mac OS X 10_13_1,chrome 63.0,3360x2100
MacOS|Mac OS X 10_13_2|safari generic|1366x768,MacOS,Mac OS X 10_13_2,safari generic,1366x768
rv:42.0|Windows 7|firefox|1920x1080,rv:42.0,Windows 7,firefox,1920x1080
rv:52.0|Windows Vista|firefox 52.0|1440x900,rv:52.0,Windows Vista,firefox 52.0,1440x900
Windows|Windows 7|firefox 57.0|2048x1080,Windows,Windows 7,firefox 57.0,2048x1080
Windows|Windows 10|edge 14.0|2735x1825,Windows,Windows 10,edge 14.0,2735x1825
MacOS|Mac OS X 10_12_3|chrome 59.0|1440x900,MacOS,Mac OS X 10_12_3,chrome 59.0,1440x900
iOS Device|iOS 10.2.1|mobile safari generic|1136x640,iOS Device,iOS 10.2.1,mobile safari generic,1136x640
CRO-L03 Build/HUAWEICRO-L03|UNK|chrome 62.0 for android|UNK,CRO-L03 Build/HUAWEICRO-L03,,chrome 62.0 for android,
rv:57.0|UNK|Generic/Android 7.0|UNK,rv:57.0,,Generic/Android 7.0,
Hisense F23 Build/NRD90M|UNK|chrome 63.0 for android|UNK,Hisense F23 Build/NRD90M,,chrome 63.0 for android,
Moto C Plus Build/NRD90M.05.034|UNK|chrome 59.0 for android|UNK,Moto C Plus Build/NRD90M.05.034,,chrome 59.0 for android,
HTC Desire 10 lifestyle Build/MMB29M|UNK|chrome 63.0 for android|UNK,HTC Desire 10 lifestyle Build/MMB29M,,chrome 63.0 for android,
Windows|Windows 10|edge 14.0|1280x800,Windows,Windows 10,edge 14.0,1280x800
Redmi Note 4 Build/NRD90M|UNK|chrome 58.0 for android|UNK,Redmi Note 4 Build/NRD90M,,chrome 58.0 for android,
MacOS|Mac OS X 10_9_5|chrome 63.0|1920x1200,MacOS,Mac OS X 10_9_5,chrome 63.0,1920x1200
Windows|Windows 10|chrome 63.0|2400x1350,Windows,Windows 10,chrome 63.0,2400x1350
iOS Device|iOS 11.0.2|mobile safari generic|1334x750,iOS Device,iOS 11.0.2,mobile safari generic,1334x750
iOS Device|iOS|mobile safari 10.0|2208x1242,iOS Device,iOS,mobile safari 10.0,2208x1242
iOS Device|iOS 11.0.0|mobile safari generic|2732x2048,iOS Device,iOS 11.0.0,mobile safari generic,2732x2048
VS995 Build/NRD90M|Android 7.0|chrome 63.0 for android|2560x1440,VS995 Build/NRD90M,Android 7.0,chrome 63.0 for android,2560x1440
Windows|Windows 10|chrome 63.0|1152x864,Windows,Windows 10,chrome 63.0,1152x864
SM-A710M Build/LMY47X|UNK|chrome 63.0 for android|UNK,SM-A710M Build/LMY47X,,chrome 63.0 for android,
Windows|Windows 10|chrome 63.0|3440x1440,Windows,Windows 10,chrome 63.0,3440x1440
HUAWEI VNS-L53 Build/HUAWEIVNS-L53|UNK|chrome 63.0 for android|UNK,HUAWEI VNS-L53 Build/HUAWEIVNS-L53,,chrome 63.0 for android,
SAMSUNG SM-N920P Build/NRD90M|Android 7.0|samsung browser 6.2|2562x1442,SAMSUNG SM-N920P Build/NRD90M,Android 7.0,samsung browser 6.2,2562x1442
Windows|Windows 7|firefox 57.0|1600x1200,Windows,Windows 7,firefox 57.0,1600x1200
SAMSUNG-SM-G920A Build/NRD90M|Android 7.0|chrome 62.0 for android|2560x1440,SAMSUNG-SM-G920A Build/NRD90M,Android 7.0,chrome 62.0 for android,2560x1440
SM-G610F|UNK|chrome 63.0 for android|UNK,SM-G610F,,chrome 63.0 for android,
Trident/7.0|Windows 7|ie 11.0 for desktop|1280x960,Trident/7.0,Windows 7,ie 11.0 for desktop,1280x960
8050G Build/LMY47I|UNK|chrome 59.0 for android|UNK,8050G Build/LMY47I,,chrome 59.0 for android,
Windows|Windows 8.1|firefox 57.0|1440x900,Windows,Windows 8.1,firefox 57.0,1440x900
MacOS|Mac OS X 10_12_6|chrome 63.0|1366x768,MacOS,Mac OS X 10_12_6,chrome 63.0,1366x768
rv:54.0|Mac OS X 10.9|firefox|1280x800,rv:54.0,Mac OS X 10.9,firefox,1280x800
LG-K373|Android 6.0|chrome 62.0 for android|1280x720,LG-K373,Android 6.0,chrome 62.0 for android,1280x720
MacOS|Mac OS X 10_13_1|chrome 63.0|1920x1200,MacOS,Mac OS X 10_13_1,chrome 63.0,1920x1200
Windows|Windows Vista|chrome 49.0|1280x960,Windows,Windows Vista,chrome 49.0,1280x960
Windows|Windows 10|chrome 59.0|1920x1080,Windows,Windows 10,chrome 59.0,1920x1080
LG-X210 Build/LMY47I|UNK|chrome 63.0 for android|UNK,LG-X210 Build/LMY47I,,chrome 63.0 for android,
SM-G532M Build/MMB29T|UNK|chrome 58.0 for android|UNK,SM-G532M Build/MMB29T,,chrome 58.0 for android,
SM-G530P|Android 5.1.1|chrome 63.0 for android|960x540,SM-G530P,Android 5.1.1,chrome 63.0 for android,960x540
SM-G900V Build/MMB29M|Android 6.0.1|chrome 59.0 for android|1920x1080,SM-G900V Build/MMB29M,Android 6.0.1,chrome 59.0 for android,1920x1080
LG-H320 Build/LRX21Y|UNK|chrome 56.0 for android|UNK,LG-H320 Build/LRX21Y,,chrome 56.0 for android,
SM-J320FN Build/LMY47V|UNK|chrome 61.0 for android|UNK,SM-J320FN Build/LMY47V,,chrome 61.0 for android,
MacOS|Mac OS X 10_9_5|chrome 63.0|1280x800,MacOS,Mac OS X 10_9_5,chrome 63.0,1280x800
MacOS|Mac OS X 10_12_1|chrome 63.0|1280x800,MacOS,Mac OS X 10_12_1,chrome 63.0,1280x800
SM-G530T|Android 5.1.1|chrome 63.0 for android|960x540,SM-G530T,Android 5.1.1,chrome 63.0 for android,960x540
LG-H500 Build/LRX21Y|UNK|chrome 56.0 for android|UNK,LG-H500 Build/LRX21Y,,chrome 56.0 for android,
SAMSUNG SM-G550T1 Build/MMB29K|Android 6.0.1|samsung browser 6.2|1280x720,SAMSUNG SM-G550T1 Build/MMB29K,Android 6.0.1,samsung browser 6.2,1280x720
MacOS|Mac OS X 10_12|safari generic|2560x1440,MacOS,Mac OS X 10_12,safari generic,2560x1440
Windows|Windows 7|chrome 63.0|1024x600,Windows,Windows 7,chrome 63.0,1024x600
moto x4 Build/NPW26.83-18-2-0-4|UNK|chrome 63.0 for android|UNK,moto x4 Build/NPW26.83-18-2-0-4,,chrome 63.0 for android,
MotoG3 Build/MPI24.65-33.1-2|UNK|chrome 62.0 for android|UNK,MotoG3 Build/MPI24.65-33.1-2,,chrome 62.0 for android,
UNK|Android|chrome 63.0|1920x1080,,Android,chrome 63.0,1920x1080
SM-J327V Build/NRD90M|Android 7.0|chrome 63.0 for android|1280x720,SM-J327V Build/NRD90M,Android 7.0,chrome 63.0 for android,1280x720
iOS Device|iOS 11.0.1|mobile safari 11.0|1136x640,iOS Device,iOS 11.0.1,mobile safari 11.0,1136x640
F5121 Build/34.3.A.0.238|UNK|chrome 62.0 for android|UNK,F5121 Build/34.3.A.0.238,,chrome 62.0 for android,
Android 5.1.1|UNK|chrome generic|UNK,Android 5.1.1,,chrome generic,
Windows|Windows 10|firefox 57.0|1680x945,Windows,Windows 10,firefox 57.0,1680x945
iOS Device|iOS 11.2.1|mobile safari 11.0|2732x2048,iOS Device,iOS 11.2.1,mobile safari 11.0,2732x2048
Windows|Windows 10|edge 15.0|1360x768,Windows,Windows 10,edge 15.0,1360x768
iOS Device|iOS 10.1.1|mobile safari generic|2048x1536,iOS Device,iOS 10.1.1,mobile safari generic,2048x1536
iOS Device|iOS 11.0.2|mobile safari 11.0|2224x1668,iOS Device,iOS 11.0.2,mobile safari 11.0,2224x1668
Windows|Windows 10|chrome 63.0|1805x1015,Windows,Windows 10,chrome 63.0,1805x1015
Ilium X210 Build/LMY47I|UNK|chrome 63.0 for android|UNK,Ilium X210 Build/LMY47I,,chrome 63.0 for android,
Windows|Windows 7|chrome 63.0|1360x768,Windows,Windows 7,chrome 63.0,1360x768
MacOS|Mac OS X 10_13_2|chrome 63.0|1600x900,MacOS,Mac OS X 10_13_2,chrome 63.0,1600x900
HTC6545LVW|Android 7.0|chrome 63.0 for android|2560x1440,HTC6545LVW,Android 7.0,chrome 63.0 for android,2560x1440
Windows|Windows XP|chrome 49.0|1440x900,Windows,Windows XP,chrome 49.0,1440x900
SM-S902L|Android 4.4.2|chrome 63.0 for android|1920x1080,SM-S902L,Android 4.4.2,chrome 63.0 for android,1920x1080
C2104|UNK|chrome 60.0 for android|UNK,C2104,,chrome 60.0 for android,
SAMSUNG-SM-T537A|UNK|chrome 62.0 for android|UNK,SAMSUNG-SM-T537A,,chrome 62.0 for android,
Windows|Windows 10|edge 16.0|2160x1440,Windows,Windows 10,edge 16.0,2160x1440
iOS Device|iOS 11.2.1|mobile safari 11.0|2048x1536,iOS Device,iOS 11.2.1,mobile safari 11.0,2048x1536
rv:52.0|Windows 10|firefox|2160x1440,rv:52.0,Windows 10,firefox,2160x1440
VS990 Build/MRA58K|Android 6.0|chrome 61.0 for android|2560x1440,VS990 Build/MRA58K,Android 6.0,chrome 61.0 for android,2560x1440
SM-N920V|Android 6.0.1|chrome 63.0 for android|2562x1442,SM-N920V,Android 6.0.1,chrome 63.0 for android,2562x1442
UNK|Linux|chrome 63.0|1280x720,,Linux,chrome 63.0,1280x720
5056A Build/MMB29M|UNK|chrome 63.0 for android|UNK,5056A Build/MMB29M,,chrome 63.0 for android,
SM-T560 Build/KTU84P|UNK|chrome 63.0 for android|UNK,SM-T560 Build/KTU84P,,chrome 63.0 for android,
5056A Build/MMB29M|UNK|chrome 52.0 for android|UNK,5056A Build/MMB29M,,chrome 52.0 for android,
Lenovo K33b36 Build/MMB29M|UNK|chrome 63.0 for android|UNK,Lenovo K33b36 Build/MMB29M,,chrome 63.0 for android,
rv:46.0|Mac OS X 10.10|firefox|1366x768,rv:46.0,Mac OS X 10.10,firefox,1366x768
iOS Device|iOS 11.0.3|mobile safari uiwebview|1136x640,iOS Device,iOS 11.0.3,mobile safari uiwebview,1136x640
SAMSUNG-SM-G900A Build/LMY47X|Android 5.1.1|chrome 62.0 for android|1920x1080,SAMSUNG-SM-G900A Build/LMY47X,Android 5.1.1,chrome 62.0 for android,1920x1080
D6603 Build/23.5.A.1.291|UNK|chrome 63.0 for android|UNK,D6603 Build/23.5.A.1.291,,chrome 63.0 for android,
Lenovo A6020l37 Build/LMY47V|UNK|chrome 62.0 for android|UNK,Lenovo A6020l37 Build/LMY47V,,chrome 62.0 for android,
SAMSUNG-SM-G928A Build/NRD90M|Android 7.0|chrome 62.0 for android|UNK,SAMSUNG-SM-G928A Build/NRD90M,Android 7.0,chrome 62.0 for android,
HUAWEI G7-L03 Build/HuaweiG7-L03|UNK|chrome 54.0 for android|UNK,HUAWEI G7-L03 Build/HuaweiG7-L03,,chrome 54.0 for android,
SM-J320M Build/LMY47V|UNK|chrome 55.0 for android|UNK,SM-J320M Build/LMY47V,,chrome 55.0 for android,
SM-G935P Build/NRD90M|UNK|chrome 63.0 for android|UNK,SM-G935P Build/NRD90M,,chrome 63.0 for android,
Blade V580 Build/LMY47D|UNK|chrome 63.0 for android|UNK,Blade V580 Build/LMY47D,,chrome 63.0 for android,
iOS Device|iOS 11.2.0|other|1334x750,iOS Device,iOS 11.2.0,other,1334x750
PH-1|Android 7.1.1|chrome 63.0 for android|UNK,PH-1,Android 7.1.1,chrome 63.0 for android,
Linux i686|UNK|firefox 47.0|UNK,Linux i686,,firefox 47.0,
iOS Device|iOS|mobile safari 8.0|1334x750,iOS Device,iOS,mobile safari 8.0,1334x750
G3423|UNK|chrome 63.0 for android|UNK,G3423,,chrome 63.0 for android,
iOS Device|iOS|mobile safari uiwebview|2208x1242,iOS Device,iOS,mobile safari uiwebview,2208x1242
rv:38.0|Linux|firefox|1366x768,rv:38.0,Linux,firefox,1366x768
E5803 Build/32.4.A.1.54|UNK|chrome 62.0 for android|UNK,E5803 Build/32.4.A.1.54,,chrome 62.0 for android,
Hisense U963 Build/MRA58K|UNK|chrome 62.0 for android|UNK,Hisense U963 Build/MRA58K,,chrome 62.0 for android,
moto x4 Build/NPW26.83-42|UNK|chrome 58.0 for android|UNK,moto x4 Build/NPW26.83-42,,chrome 58.0 for android,
F3113 Build/33.2.A.3.81|UNK|chrome 62.0 for android|UNK,F3113 Build/33.2.A.3.81,,chrome 62.0 for android,
SM-G935T Build/NRD90M|Android 7.0|chrome 58.0 for android|1920x1080,SM-G935T Build/NRD90M,Android 7.0,chrome 58.0 for android,1920x1080
SM-T813 Build/NRD90M|Android 7.0|chrome 63.0 for android|2048x1536,SM-T813 Build/NRD90M,Android 7.0,chrome 63.0 for android,2048x1536
iOS Device|iOS 11.2.1|mobile safari 11.0|2001x1125,iOS Device,iOS 11.2.1,mobile safari 11.0,2001x1125
HTC One_M8 Build/MRA58K|Android 6.0|chrome 63.0 for android|1920x1080,HTC One_M8 Build/MRA58K,Android 6.0,chrome 63.0 for android,1920x1080
Windows|Windows 7|chrome|1440x900,Windows,Windows 7,chrome,1440x900
XT1254 Build/MCG24.251-5-5|Android 6.0.1|chrome 63.0 for android|2560x1440,XT1254 Build/MCG24.251-5-5,Android 6.0.1,chrome 63.0 for android,2560x1440
SAMSUNG SM-G530T Build/LMY47X|Android 5.1.1|other|960x540,SAMSUNG SM-G530T Build/LMY47X,Android 5.1.1,other,960x540
MacOS|Mac OS X 10_10_5|chrome 63.0|2880x1800,MacOS,Mac OS X 10_10_5,chrome 63.0,2880x1800
SAMSUNG SM-G920P Build/NRD90M|Android 7.0|samsung browser 6.2|2562x1442,SAMSUNG SM-G920P Build/NRD90M,Android 7.0,samsung browser 6.2,2562x1442
SM-G530H Build/KTU84P|UNK|chrome 62.0 for android|UNK,SM-G530H Build/KTU84P,,chrome 62.0 for android,
SM-G930F Build/NRD90M|UNK|chrome 63.0 for android|UNK,SM-G930F Build/NRD90M,,chrome 63.0 for android,
MacOS|Mac OS X 10_11_5|chrome 63.0|1440x900,MacOS,Mac OS X 10_11_5,chrome 63.0,1440x900
iOS Device|iOS 11.2.1|mobile safari 11.0|2224x1668,iOS Device,iOS 11.2.1,mobile safari 11.0,2224x1668
SM-P355M Build/MMB29M|UNK|chrome 61.0 for android|UNK,SM-P355M Build/MMB29M,,chrome 61.0 for android,
MacOS|Mac OS X 10_12_3|safari generic|1280x800,MacOS,Mac OS X 10_12_3,safari generic,1280x800
Windows|Windows 7|firefox 57.0|1280x720,Windows,Windows 7,firefox 57.0,1280x720
LG-H918 Build/NRD90M|Android 7.0|chrome 62.0 for android|2560x1440,LG-H918 Build/NRD90M,Android 7.0,chrome 62.0 for android,2560x1440
MacOS|Mac OS X 10_11_6|chrome 60.0|1440x900,MacOS,Mac OS X 10_11_6,chrome 60.0,1440x900
MDDRJS|Windows 7|ie 11.0 for desktop|1920x1080,MDDRJS,Windows 7,ie 11.0 for desktop,1920x1080
ONE TOUCH 4016A Build/JDQ39|UNK|chrome 61.0 for android|UNK,ONE TOUCH 4016A Build/JDQ39,,chrome 61.0 for android,
Ilium X510 Build/MRA58K|UNK|chrome 63.0 for android|UNK,Ilium X510 Build/MRA58K,,chrome 63.0 for android,
SAMSUNG SM-N920P Build/NRD90M|Android 7.0|samsung browser 6.2|UNK,SAMSUNG SM-N920P Build/NRD90M,Android 7.0,samsung browser 6.2,
MacOS|Mac OS X 10_6_8|chrome 49.0|1680x1050,MacOS,Mac OS X 10_6_8,chrome 49.0,1680x1050
MacOS|Mac OS X 10_13_1|chrome generic|1440x900,MacOS,Mac OS X 10_13_1,chrome generic,1440x900
Trident/7.0|Windows 10|ie 11.0 for desktop|1280x960,Trident/7.0,Windows 10,ie 11.0 for desktop,1280x960
MacOS|Mac OS X 10_11_4|chrome 61.0|2560x1440,MacOS,Mac OS X 10_11_4,chrome 61.0,2560x1440
MacOS|Mac OS X 10_12_5|chrome 63.0|1280x800,MacOS,Mac OS X 10_12_5,chrome 63.0,1280x800
HUAWEI G7-L03 Build/HuaweiG7-L03|UNK|chrome 63.0 for android|UNK,HUAWEI G7-L03 Build/HuaweiG7-L03,,chrome 63.0 for android,
iOS Device|iOS 11.0.0|mobile safari 11.0|2001x1125,iOS Device,iOS 11.0.0,mobile safari 11.0,2001x1125
SM-G900T Build/MMB29M|UNK|chrome 63.0 for android|UNK,SM-G900T Build/MMB29M,,chrome 63.0 for android,
MacOS|Mac OS X 10_6_8|chrome 49.0|1440x900,MacOS,Mac OS X 10_6_8,chrome 49.0,1440x900
iOS Device|iOS 11.2.1|mobile safari 11.0|1136x640,iOS Device,iOS 11.2.1,mobile safari 11.0,1136x640
SM-N910C Build/MMB29K|Android 6.0.1|chrome 63.0 for android|2560x1440,SM-N910C Build/MMB29K,Android 6.0.1,chrome 63.0 for android,2560x1440
BLADE A520 Build/NRD90M|UNK|chrome 60.0 for android|UNK,BLADE A520 Build/NRD90M,,chrome 60.0 for android,
iOS Device|iOS 11.2.1|mobile safari 11.0|2436x1125,iOS Device,iOS 11.2.1,mobile safari 11.0,2436x1125
VS425PP Build/LMY47V|UNK|chrome 50.0 for android|UNK,VS425PP Build/LMY47V,,chrome 50.0 for android,
UNK|Linux|chrome 62.0|3200x1800,,Linux,chrome 62.0,3200x1800
VS986 Build/MRA58K|Android 6.0|chrome 63.0 for android|2560x1440,VS986 Build/MRA58K,Android 6.0,chrome 63.0 for android,2560x1440
XT1585 Build/NCK25.118-10.5|Android 7.0|chrome 63.0 for android|UNK,XT1585 Build/NCK25.118-10.5,Android 7.0,chrome 63.0 for android,
Windows|Windows 7|chrome 60.0|UNK,Windows,Windows 7,chrome 60.0,
VS425PP Build/LMY47V|Android 5.1.1|chrome 50.0 for android|855x480,VS425PP Build/LMY47V,Android 5.1.1,chrome 50.0 for android,855x480
LG-K373|UNK|chrome 61.0 for android|UNK,LG-K373,,chrome 61.0 for android,
XT1609 Build/MPIS24.241-2.35-1-17|Android 6.0.1|chrome 62.0 for android|1280x720,XT1609 Build/MPIS24.241-2.35-1-17,Android 6.0.1,chrome 62.0 for android,1280x720
MacOS|Mac|chrome 61.0|1366x768,MacOS,Mac,chrome 61.0,1366x768
MacOS|Mac|chrome 61.0|2560x1600,MacOS,Mac,chrome 61.0,2560x1600
rv:57.0|Mac OS X 10.12|firefox 57.0|1152x720,rv:57.0,Mac OS X 10.12,firefox 57.0,1152x720
Windows|Windows 7|ie 11.0 for desktop|1600x900,Windows,Windows 7,ie 11.0 for desktop,1600x900
SM-E500M Build/KTU84P|UNK|chrome 60.0 for android|UNK,SM-E500M Build/KTU84P,,chrome 60.0 for android,
iOS Device|iOS 9.3.5|mobile safari 9.0|2732x2048,iOS Device,iOS 9.3.5,mobile safari 9.0,2732x2048
iOS Device|iOS 11.2.0|mobile safari generic|2436x1125,iOS Device,iOS 11.2.0,mobile safari generic,2436x1125
rv:52.0|Mac OS X 10.12|firefox 52.0|2880x1800,rv:52.0,Mac OS X 10.12,firefox 52.0,2880x1800
rv:56.0|Mac OS X 10.11|firefox 56.0|2560x1600,rv:56.0,Mac OS X 10.11,firefox 56.0,2560x1600
Ilium LT510 Build/MRA58K|UNK|chrome 59.0 for android|UNK,Ilium LT510 Build/MRA58K,,chrome 59.0 for android,
SM-T350 Build/MMB29M|Android 6.0.1|chrome 61.0 for android|1024x768,SM-T350 Build/MMB29M,Android 6.0.1,chrome 61.0 for android,1024x768
HTC Desire 530 Build/MMB29M|UNK|chrome 63.0 for android|UNK,HTC Desire 530 Build/MMB29M,,chrome 63.0 for android,
rv:57.0|UNK|Generic/Android|UNK,rv:57.0,,Generic/Android,
SAMSUNG-SM-G890A|Android 5.0.2|chrome 62.0 for android|2560x1440,SAMSUNG-SM-G890A,Android 5.0.2,chrome 62.0 for android,2560x1440
LG-D855 Build/LRX21R|UNK|chrome 62.0 for android|UNK,LG-D855 Build/LRX21R,,chrome 62.0 for android,
LG-H631|Android 6.0|chrome 59.0 for android|1280x720,LG-H631,Android 6.0,chrome 59.0 for android,1280x720
rv:48.0|Mac OS X 10.12|firefox 48.0|2880x1800,rv:48.0,Mac OS X 10.12,firefox 48.0,2880x1800
FP2|UNK|chrome 62.0 for android|UNK,FP2,,chrome 62.0 for android,
Windows|Windows 10|edge 13.0|1600x900,Windows,Windows 10,edge 13.0,1600x900
iOS Device|iOS 11.0.3|chrome 63.0 for ios|2048x1536,iOS Device,iOS 11.0.3,chrome 63.0 for ios,2048x1536
SM-T520|Android 4.4.2|chrome 63.0 for android|2560x1600,SM-T520,Android 4.4.2,chrome 63.0 for android,2560x1600
SAMSUNG SM-G955U Build/NRD90M|Android 7.0|samsung browser 6.2|2961x1442,SAMSUNG SM-G955U Build/NRD90M,Android 7.0,samsung browser 6.2,2961x1442
iOS Device|iOS 11.0.1|chrome 63.0 for ios|2048x1536,iOS Device,iOS 11.0.1,chrome 63.0 for ios,2048x1536
GT-N5110|Android 4.4.2|chrome 61.0 for android|UNK,GT-N5110,Android 4.4.2,chrome 61.0 for android,
rv:54.0|Windows 10|firefox|1440x900,rv:54.0,Windows 10,firefox,1440x900
5011A Build/NRD90M|UNK|chrome 62.0 for android|UNK,5011A Build/NRD90M,,chrome 62.0 for android,
HTC|Android 6.0|chrome 63.0 for android|1920x1080,HTC,Android 6.0,chrome 63.0 for android,1920x1080
MacOS|Mac OS X 10_13_1|chrome 58.0|1280x800,MacOS,Mac OS X 10_13_1,chrome 58.0,1280x800
SM-N950U Build/NMF26X|Android 7.1.1|chrome 63.0 for android|2961x1442,SM-N950U Build/NMF26X,Android 7.1.1,chrome 63.0 for android,2961x1442
iOS Device|iOS 11.2.1|mobile safari generic|1136x640,iOS Device,iOS 11.2.1,mobile safari generic,1136x640
MacOS|Mac OS X 10_11_6|chrome 63.0|1280x800,MacOS,Mac OS X 10_11_6,chrome 63.0,1280x800
SM-G920P Build/NRD90M|Android 7.0|chrome 63.0 for android|2560x1440,SM-G920P Build/NRD90M,Android 7.0,chrome 63.0 for android,2560x1440
MacOS|Mac OS X 10_12_6|opera 49.0|3360x2100,MacOS,Mac OS X 10_12_6,opera 49.0,3360x2100
LGLS770|Android 6.0|chrome 61.0 for android|1280x720,LGLS770,Android 6.0,chrome 61.0 for android,1280x720
Nexus|UNK|chrome 63.0 for android|UNK,Nexus,,chrome 63.0 for android,
MacOS|Mac OS X 10_11_6|chrome 62.0|2048x1152,MacOS,Mac OS X 10_11_6,chrome 62.0,2048x1152
Windows|Windows 7|firefox 56.0|1366x768,Windows,Windows 7,firefox 56.0,1366x768
rv:45.0|UNK|firefox|UNK,rv:45.0,,firefox,
m3|UNK|chrome 62.0 for android|UNK,m3,,chrome 62.0 for android,
HTC One_M8 Build/MRA58K|UNK|chrome 63.0 for android|UNK,HTC One_M8 Build/MRA58K,,chrome 63.0 for android,
iOS Device|iOS 11.0.3|mobile safari uiwebview|1334x750,iOS Device,iOS 11.0.3,mobile safari uiwebview,1334x750
GT-I8190L Build/JZO54K|UNK|chrome 61.0 for android|UNK,GT-I8190L Build/JZO54K,,chrome 61.0 for android,
LG-H840 Build/NRD90U|UNK|chrome 63.0 for android|UNK,LG-H840 Build/NRD90U,,chrome 63.0 for android,
MacOS|Mac OS X 10_11_6|chrome 60.0|1280x800,MacOS,Mac OS X 10_11_6,chrome 60.0,1280x800
Windows|Windows 8|chrome 61.0|UNK,Windows,Windows 8,chrome 61.0,
SM-G900I|UNK|chrome 63.0 for android|UNK,SM-G900I,,chrome 63.0 for android,
Windows|Windows 10|chrome 63.0|5760x1080,Windows,Windows 10,chrome 63.0,5760x1080
G3313 Build/43.0.A.5.79|UNK|chrome 63.0 for android|UNK,G3313 Build/43.0.A.5.79,,chrome 63.0 for android,
MacOS|Mac OS X 10_10_5|chrome 60.0|1440x900,MacOS,Mac OS X 10_10_5,chrome 60.0,1440x900
rv:57.0|Linux|firefox 57.0|1152x864,rv:57.0,Linux,firefox 57.0,1152x864
Z971|UNK|chrome 55.0 for android|UNK,Z971,,chrome 55.0 for android,
SM-G920F Build/NRD90M|UNK|chrome 63.0 for android|UNK,SM-G920F Build/NRD90M,,chrome 63.0 for android,
MacOS|Mac OS X 10_12_6|chrome 63.0|3840x2400,MacOS,Mac OS X 10_12_6,chrome 63.0,3840x2400
F5121 Build/34.3.A.0.238|UNK|chrome 63.0 for android|UNK,F5121 Build/34.3.A.0.238,,chrome 63.0 for android,
MacOS|Mac OS X 10_11_6|chrome 62.0|3200x1800,MacOS,Mac OS X 10_11_6,chrome 62.0,3200x1800
rv:56.0|Mac OS X 10.10|firefox 56.0|1680x1050,rv:56.0,Mac OS X 10.10,firefox 56.0,1680x1050
LG-H820 Build/NRD90U|Android 7.0|chrome 63.0 for android|2560x1440,LG-H820 Build/NRD90U,Android 7.0,chrome 63.0 for android,2560x1440
MacOS|Mac OS X 10_12_3|chrome 63.0|1366x768,MacOS,Mac OS X 10_12_3,chrome 63.0,1366x768
Windows|Windows 10|chrome 63.0|1280x768,Windows,Windows 10,chrome 63.0,1280x768
Windows|Windows 8|chrome 63.0|1600x900,Windows,Windows 8,chrome 63.0,1600x900
Windows|Windows 10|chrome 63.0|2048x1152,Windows,Windows 10,chrome 63.0,2048x1152
SM-G955U1 Build/NRD90M|Android 7.0|chrome 63.0 for android|UNK,SM-G955U1 Build/NRD90M,Android 7.0,chrome 63.0 for android,
SM-J530GM Build/NRD90M|UNK|chrome 63.0 for android|UNK,SM-J530GM Build/NRD90M,,chrome 63.0 for android,
rv:56.0|Mac OS X 10.9|firefox 56.0|2560x1600,rv:56.0,Mac OS X 10.9,firefox 56.0,2560x1600
MacOS|Mac OS X 10_11_6|chrome 62.0|UNK,MacOS,Mac OS X 10_11_6,chrome 62.0,
SM-G530T|Android 5.1.1|chrome 61.0 for android|960x540,SM-G530T,Android 5.1.1,chrome 61.0 for android,960x540
SM-T377V Build/NMF26X|Android 7.1.1|other|UNK,SM-T377V Build/NMF26X,Android 7.1.1,other,
Windows|Windows Vista|chrome 49.0|1680x1050,Windows,Windows Vista,chrome 49.0,1680x1050
Hisense U963 Build/MRA58K|UNK|android webview 4.0|UNK,Hisense U963 Build/MRA58K,,android webview 4.0,
iOS Device|iOS 10.3.3|chrome 63.0 for ios|2048x1536,iOS Device,iOS 10.3.3,chrome 63.0 for ios,2048x1536
XT1563|UNK|chrome 63.0 for android|UNK,XT1563,,chrome 63.0 for android,
iOS Device|iOS 9.3.5|mobile safari 9.0|960x640,iOS Device,iOS 9.3.5,mobile safari 9.0,960x640
PRA-LX3 Build/HUAWEIPRA-LX3|UNK|chrome 63.0 for android|UNK,PRA-LX3 Build/HUAWEIPRA-LX3,,chrome 63.0 for android,
MacOS|Mac|chrome 60.0|1440x900,MacOS,Mac,chrome 60.0,1440x900
KFSUWI Build/LVY48F|Android 5.1.1|chrome generic|1920x1200,KFSUWI Build/LVY48F,Android 5.1.1,chrome generic,1920x1200
ONE TOUCH 4016A Build/JDQ39|UNK|chrome|UNK,ONE TOUCH 4016A Build/JDQ39,,chrome,
MacOS|Mac OS X 10_11_6|other|2560x1600,MacOS,Mac OS X 10_11_6,other,2560x1600
LG-K410 Build/LRX22G|UNK|chrome 63.0 for android|UNK,LG-K410 Build/LRX22G,,chrome 63.0 for android,
SM-N910T Build/MMB29M|Android 6.0.1|chrome 49.0 for android|2560x1440,SM-N910T Build/MMB29M,Android 6.0.1,chrome 49.0 for android,2560x1440
HUAWEI CUN-L03 Build/HUAWEICUN-L03|UNK|chrome 61.0 for android|UNK,HUAWEI CUN-L03 Build/HUAWEICUN-L03,,chrome 61.0 for android,
iOS Device|iOS 11.0.1|chrome 62.0 for ios|2048x1536,iOS Device,iOS 11.0.1,chrome 62.0 for ios,2048x1536
SM-N900W8 Build/LRX21V|UNK|chrome 63.0 for android|UNK,SM-N900W8 Build/LRX21V,,chrome 63.0 for android,
SM-A720F Build/MMB29K|UNK|android webview 4.0|UNK,SM-A720F Build/MMB29K,,android webview 4.0,
SM-G531H Build/LMY48B|UNK|chrome 50.0 for android|UNK,SM-G531H Build/LMY48B,,chrome 50.0 for android,
MacOS|Mac OS X 10_13_1|chrome 63.0|1680x1050,MacOS,Mac OS X 10_13_1,chrome 63.0,1680x1050
R1|Android 6.0|chrome 62.0 for android|1280x720,R1,Android 6.0,chrome 62.0 for android,1280x720
Blade L2 Plus Build/KOT49H|UNK|ZTE/Blade|UNK,Blade L2 Plus Build/KOT49H,,ZTE/Blade,
SAMSUNG SM-G925F Build/NRD90M|UNK|samsung browser 6.2|UNK,SAMSUNG SM-G925F Build/NRD90M,,samsung browser 6.2,
XT1635-02|Android 7.1.1|chrome 62.0 for android|1920x1080,XT1635-02,Android 7.1.1,chrome 62.0 for android,1920x1080
iOS Device|iOS 10.3.2|mobile safari generic|1334x750,iOS Device,iOS 10.3.2,mobile safari generic,1334x750
HTC Desire 626s Build/LMY47O|UNK|chrome 59.0 for android|UNK,HTC Desire 626s Build/LMY47O,,chrome 59.0 for android,
M4 SS4450 Build/MRA58K|UNK|chrome 62.0 for android|UNK,M4 SS4450 Build/MRA58K,,chrome 62.0 for android,
LG-V521|Android 6.0.1|chrome 63.0 for android|1920x1200,LG-V521,Android 6.0.1,chrome 63.0 for android,1920x1200
TA-1038 Build/NMF26O|UNK|chrome 63.0 for android|UNK,TA-1038 Build/NMF26O,,chrome 63.0 for android,
Windows|Windows 8|firefox 57.0|UNK,Windows,Windows 8,firefox 57.0,
SCH-I435|Android 4.4.2|chrome 63.0 for android|960x540,SCH-I435,Android 4.4.2,chrome 63.0 for android,960x540
SM-G930P Build/NRD90M|Android 7.0|android webview 4.0|1920x1080,SM-G930P Build/NRD90M,Android 7.0,android webview 4.0,1920x1080
SM-G928T Build/NRD90M|Android 7.0|chrome 62.0 for android|UNK,SM-G928T Build/NRD90M,Android 7.0,chrome 62.0 for android,
SM-J700T Build/NMF26X|Android 7.1.1|chrome 63.0 for android|1280x720,SM-J700T Build/NMF26X,Android 7.1.1,chrome 63.0 for android,1280x720
VS996|Android 7.1.2|other|2880x1440,VS996,Android 7.1.2,other,2880x1440
LG-K580 Build/MRA58K|UNK|chrome 61.0 for android|UNK,LG-K580 Build/MRA58K,,chrome 61.0 for android,
MacOS|Mac OS X 10_11_3|chrome 61.0|2560x1600,MacOS,Mac OS X 10_11_3,chrome 61.0,2560x1600
Touch|Windows 8.1|ie 11.0 for desktop|UNK,Touch,Windows 8.1,ie 11.0 for desktop,
HTC Desire 626s Build/LMY47O|UNK|chrome 58.0 for android|UNK,HTC Desire 626s Build/LMY47O,,chrome 58.0 for android,
Moto|Android 7.1.1|chrome generic|1280x720,Moto,Android 7.1.1,chrome generic,1280x720
Windows|Windows 10|chrome 63.0|2000x1125,Windows,Windows 10,chrome 63.0,2000x1125
MacOS|Mac OS X 10_12|safari generic|2880x1800,MacOS,Mac OS X 10_12,safari generic,2880x1800
P027|Android 7.0|chrome 63.0 for android|2048x1536,P027,Android 7.0,chrome 63.0 for android,2048x1536
SAMSUNG-SM-G930A Build/NRD90M|Android 7.0|android webview 4.0|1280x720,SAMSUNG-SM-G930A Build/NRD90M,Android 7.0,android webview 4.0,1280x720
5054S Build/LMY47V|UNK|chrome 43.0 for android|UNK,5054S Build/LMY47V,,chrome 43.0 for android,
CHC-U03 Build/HuaweiCHC-U03|UNK|chrome 59.0 for android|UNK,CHC-U03 Build/HuaweiCHC-U03,,chrome 59.0 for android,
LGLS676 Build/MXB48T|UNK|chrome 62.0 for android|UNK,LGLS676 Build/MXB48T,,chrome 62.0 for android,
LG-M320 Build/NRD90U|UNK|chrome 60.0 for android|UNK,LG-M320 Build/NRD90U,,chrome 60.0 for android,
Moto E (4) Build/NDQS26.69-23-2-3|Android 7.1.1|chrome generic|1280x720,Moto E (4) Build/NDQS26.69-23-2-3,Android 7.1.1,chrome generic,1280x720
SM-J500M Build/MMB29M|UNK|chrome 62.0 for android|UNK,SM-J500M Build/MMB29M,,chrome 62.0 for android,
Trident/7.0|Windows 10|ie 11.0 for desktop|2560x1440,Trident/7.0,Windows 10,ie 11.0 for desktop,2560x1440
MacOS|Mac OS X 10_11_6|chrome 63.0|4096x2304,MacOS,Mac OS X 10_11_6,chrome 63.0,4096x2304
MotoG3-TE Build/MPDS24.65-33-1-30|UNK|chrome 62.0 for android|UNK,MotoG3-TE Build/MPDS24.65-33-1-30,,chrome 62.0 for android,
Moto X Play Build/NPD26.48-24-1|UNK|chrome 57.0 for android|UNK,Moto X Play Build/NPD26.48-24-1,,chrome 57.0 for android,
Windows|Windows 7|chrome 63.0|1400x1050,Windows,Windows 7,chrome 63.0,1400x1050
Windows|Windows 8.1|opera 49.0|1366x768,Windows,Windows 8.1,opera 49.0,1366x768
XT1064|UNK|chrome 63.0 for android|UNK,XT1064,,chrome 63.0 for android,
Windows|Windows 10|firefox 56.0|3840x2160,Windows,Windows 10,firefox 56.0,3840x2160
MacOS|Mac OS X 10_11_3|chrome 62.0|1440x900,MacOS,Mac OS X 10_11_3,chrome 62.0,1440x900
Mi A1 Build/N2G47H|UNK|chrome 62.0 for android|UNK,Mi A1 Build/N2G47H,,chrome 62.0 for android,
rv:50.0|Mac OS X 10.11|firefox|1920x1080,rv:50.0,Mac OS X 10.11,firefox,1920x1080
Windows|UNK|edge 13.0|UNK,Windows,,edge 13.0,
Windows|Windows 10|chrome 63.0|2816x1584,Windows,Windows 10,chrome 63.0,2816x1584
SAMSUNG-SM-G930A Build/NRD90M|UNK|chrome 63.0 for android|UNK,SAMSUNG-SM-G930A Build/NRD90M,,chrome 63.0 for android,
MacOS|Mac OS X 10_11_4|chrome 61.0|1440x900,MacOS,Mac OS X 10_11_4,chrome 61.0,1440x900
SM-G930V Build/NRD90M|Android 7.0|chrome 60.0 for android|2560x1440,SM-G930V Build/NRD90M,Android 7.0,chrome 60.0 for android,2560x1440
MacOS|Mac OS X 10_9_5|chrome 61.0|2560x1440,MacOS,Mac OS X 10_9_5,chrome 61.0,2560x1440
Ilium LT510 Build/MRA58K|UNK|chrome 50.0 for android|UNK,Ilium LT510 Build/MRA58K,,chrome 50.0 for android,
Windows|Windows 8.1|firefox 56.0|1366x768,Windows,Windows 8.1,firefox 56.0,1366x768
iOS Device|iOS 10.3.2|mobile safari 10.0|2224x1668,iOS Device,iOS 10.3.2,mobile safari 10.0,2224x1668
SM-J327T1 Build/NRD90M|UNK|chrome 60.0 for android|UNK,SM-J327T1 Build/NRD90M,,chrome 60.0 for android,
BLN-L24 Build/HONORBLN-L24|Android 7.0|chrome 63.0 for android|1920x1080,BLN-L24 Build/HONORBLN-L24,Android 7.0,chrome 63.0 for android,1920x1080
Blade V6 Build/LRX22G|UNK|chrome 63.0 for android|UNK,Blade V6 Build/LRX22G,,chrome 63.0 for android,
LG-K550 Build/NRD90U|Android 7.0|chrome 60.0 for android|1280x720,LG-K550 Build/NRD90U,Android 7.0,chrome 60.0 for android,1280x720
Windows|Windows 8.1|chrome 63.0|2160x1440,Windows,Windows 8.1,chrome 63.0,2160x1440
P00C|Android 7.0|chrome 61.0 for android|1280x800,P00C,Android 7.0,chrome 61.0 for android,1280x800
SM-P600 Build/LMY47X|Android 5.1.1|chrome 63.0 for android|2560x1600,SM-P600 Build/LMY47X,Android 5.1.1,chrome 63.0 for android,2560x1600
SM-G530H Build/LRX22G|UNK|chrome 60.0 for android|UNK,SM-G530H Build/LRX22G,,chrome 60.0 for android,
MacOS|Mac OS X 10_13_2|safari generic|1152x720,MacOS,Mac OS X 10_13_2,safari generic,1152x720
LGLS676 Build/MXB48T|Android 6.0.1|chrome 63.0 for android|1280x720,LGLS676 Build/MXB48T,Android 6.0.1,chrome 63.0 for android,1280x720
Windows|Windows 7|chrome 63.0|3441x1440,Windows,Windows 7,chrome 63.0,3441x1440
Windows|Windows 7|chrome 63.0|2048x1152,Windows,Windows 7,chrome 63.0,2048x1152
SM-G935V Build/NRD90M|Android 7.0|chrome 60.0 for android|1920x1080,SM-G935V Build/NRD90M,Android 7.0,chrome 60.0 for android,1920x1080
iOS Device|iOS 11.2.1|mobile safari generic|2208x1242,iOS Device,iOS 11.2.1,mobile safari generic,2208x1242
Windows|Windows 10|firefox|1920x1200,Windows,Windows 10,firefox,1920x1200
SM-N950U Build/NMF26X|Android 7.1.1|android webview 4.0|1920x1080,SM-N950U Build/NMF26X,Android 7.1.1,android webview 4.0,1920x1080
iOS Device|iOS 11.1.1|mobile safari uiwebview|2048x1536,iOS Device,iOS 11.1.1,mobile safari uiwebview,2048x1536
MacOS|Mac OS X 10_12_1|chrome 60.0|1280x800,MacOS,Mac OS X 10_12_1,chrome 60.0,1280x800
SAMSUNG SM-G920F Build/NRD90M|UNK|samsung browser 6.2|UNK,SAMSUNG SM-G920F Build/NRD90M,,samsung browser 6.2,
LG-H840 Build/MMB29M|UNK|chrome 62.0 for android|UNK,LG-H840 Build/MMB29M,,chrome 62.0 for android,
MacOS|Mac OS X 10_12_1|chrome 62.0|1920x1080,MacOS,Mac OS X 10_12_1,chrome 62.0,1920x1080
MacOS|Mac OS X 10_11_5|safari generic|1920x1200,MacOS,Mac OS X 10_11_5,safari generic,1920x1200
MacOS|Mac OS X 10_11_6|safari generic|1280x720,MacOS,Mac OS X 10_11_6,safari generic,1280x720
MacOS|Mac OS X 10_9_5|chrome 63.0|1440x900,MacOS,Mac OS X 10_9_5,chrome 63.0,1440x900
LG-H870 Build/NRD90U|UNK|chrome 63.0 for android|UNK,LG-H870 Build/NRD90U,,chrome 63.0 for android,
SM-N920T Build/NRD90M|Android 7.0|chrome 63.0 for android|UNK,SM-N920T Build/NRD90M,Android 7.0,chrome 63.0 for android,
SM-J327T1 Build/NRD90M|Android 7.0|chrome 63.0 for android|1280x720,SM-J327T1 Build/NRD90M,Android 7.0,chrome 63.0 for android,1280x720
MacOS|Mac OS X 10_13_2|chrome 63.0|2048x1152,MacOS,Mac OS X 10_13_2,chrome 63.0,2048x1152
Lenovo TB-X103F Build/LenovoTB-X103F|Android 6.0.1|chrome 59.0 for android|1280x800,Lenovo TB-X103F Build/LenovoTB-X103F,Android 6.0.1,chrome 59.0 for android,1280x800
MacOS|Mac OS X 10_12_5|chrome 62.0|3840x2400,MacOS,Mac OS X 10_12_5,chrome 62.0,3840x2400
SM-J120H Build/LMY47V|UNK|chrome 56.0 for android|UNK,SM-J120H Build/LMY47V,,chrome 56.0 for android,
MacOS|Mac|chrome 49.0|1440x900,MacOS,Mac,chrome 49.0,1440x900
iOS Device|iOS 11.0.0|mobile safari generic|2048x1536,iOS Device,iOS 11.0.0,mobile safari generic,2048x1536
rv:11.0|Windows 10|ie 11.0 for desktop|UNK,rv:11.0,Windows 10,ie 11.0 for desktop,
MacOS|Mac OS X 10_11_6|chrome|1920x1200,MacOS,Mac OS X 10_11_6,chrome,1920x1200
5080A Build/MRA58K|UNK|chrome 63.0 for android|UNK,5080A Build/MRA58K,,chrome 63.0 for android,
REVVLPLUS|Android 7.1.1|chrome 58.0 for android|1920x1080,REVVLPLUS,Android 7.1.1,chrome 58.0 for android,1920x1080
LG-M430 Build/NRD90U|Android 7.0|chrome 63.0 for android|1280x720,LG-M430 Build/NRD90U,Android 7.0,chrome 63.0 for android,1280x720
SM-J701M Build/NRD90M|UNK|other|UNK,SM-J701M Build/NRD90M,,other,
SM-A520F Build/NRD90M|UNK|chrome 63.0 for android|UNK,SM-A520F Build/NRD90M,,chrome 63.0 for android,
SM-J500M Build/MMB29M|UNK|chrome 63.0 for android|UNK,SM-J500M Build/MMB29M,,chrome 63.0 for android,
MacOS|Mac OS X 10_12_5|chrome 63.0|1920x1080,MacOS,Mac OS X 10_12_5,chrome 63.0,1920x1080
XT1060|Android|chrome 63.0 for android|1280x720,XT1060,Android,chrome 63.0 for android,1280x720
iOS Device|iOS 11.1.1|mobile safari 9.0|2732x2048,iOS Device,iOS 11.1.1,mobile safari 9.0,2732x2048
HUAWEI NXT-L09 Build/HUAWEINXT-L09|UNK|chrome 62.0 for android|UNK,HUAWEI NXT-L09 Build/HUAWEINXT-L09,,chrome 62.0 for android,
SM-J510MN Build/MMB29M|UNK|chrome 63.0 for android|UNK,SM-J510MN Build/MMB29M,,chrome 63.0 for android,
LenovoA3300-GV Build/JDQ39|UNK|chrome 62.0 for android|UNK,LenovoA3300-GV Build/JDQ39,,chrome 62.0 for android,
iOS Device|iOS 11.2.1|mobile safari generic|2436x1125,iOS Device,iOS 11.2.1,mobile safari generic,2436x1125
Lenovo K33b36 Build/MMB29M|UNK|chrome 62.0 for android|UNK,Lenovo K33b36 Build/MMB29M,,chrome 62.0 for android,
MacOS|Mac OS X 10_6_8|chrome|1680x1050,MacOS,Mac OS X 10_6_8,chrome,1680x1050
MacOS|Mac OS X 10_12_5|safari generic|1680x1050,MacOS,Mac OS X 10_12_5,safari generic,1680x1050
LGMS210 Build/NRD90U|Android 7.0|chrome 63.0 for android|1280x720,LGMS210 Build/NRD90U,Android 7.0,chrome 63.0 for android,1280x720
Windows|Windows 7|chrome 60.0|1920x1200,Windows,Windows 7,chrome 60.0,1920x1200
MacOS|Mac OS X 10_13_2|chrome 62.0|1280x800,MacOS,Mac OS X 10_13_2,chrome 62.0,1280x800
LG-H650 Build/MRA58K|UNK|chrome 61.0 for android|UNK,LG-H650 Build/MRA58K,,chrome 61.0 for android,
rv:35.0|Mac OS X 10.9|firefox|2560x1600,rv:35.0,Mac OS X 10.9,firefox,2560x1600
iOS Device|iOS 11.1.0|mobile safari generic|2001x1125,iOS Device,iOS 11.1.0,mobile safari generic,2001x1125
KFMEWI|Android 5.1.1|chrome generic|UNK,KFMEWI,Android 5.1.1,chrome generic,
MacOS|Mac OS X 10_7_5|safari generic|1280x800,MacOS,Mac OS X 10_7_5,safari generic,1280x800
SM-G955U1 Build/NRD90M|UNK|chrome 56.0 for android|UNK,SM-G955U1 Build/NRD90M,,chrome 56.0 for android,
SM-G950U Build/NRD90M|Android 7.0|chrome 63.0 for android|2960x1440,SM-G950U Build/NRD90M,Android 7.0,chrome 63.0 for android,2960x1440
Windows|Windows 7|firefox generic|1920x1080,Windows,Windows 7,firefox generic,1920x1080
iOS Device|iOS 10.3.1|mobile safari generic|2001x1125,iOS Device,iOS 10.3.1,mobile safari generic,2001x1125
iOS Device|iOS 11.2.5|mobile safari 11.0|1334x750,iOS Device,iOS 11.2.5,mobile safari 11.0,1334x750
Le X520 Build/IEXCNFN5902303111S|UNK|chrome 62.0 for android|UNK,Le X520 Build/IEXCNFN5902303111S,,chrome 62.0 for android,
Lenovo A2016b30 Build/MRA58K|UNK|chrome 58.0 for android|UNK,Lenovo A2016b30 Build/MRA58K,,chrome 58.0 for android,
SM-G955U Build/NRD90M|Android 7.0|chrome 63.0 for android|2961x1442,SM-G955U Build/NRD90M,Android 7.0,chrome 63.0 for android,2961x1442
Nexus 6P Build/OPR5.170623.014|UNK|UNK|UNK,Nexus 6P Build/OPR5.170623.014,,,
UNK|Android|chrome 63.0|2560x1600,,Android,chrome 63.0,2560x1600
LG-M327 Build/NRD90U|Android 7.0|chrome 56.0 for android|1280x720,LG-M327 Build/NRD90U,Android 7.0,chrome 56.0 for android,1280x720
MacOS|Mac OS X 10_11_3|safari generic|1366x768,MacOS,Mac OS X 10_11_3,safari generic,1366x768
rv:44.0|Windows 8.1|firefox|1366x768,rv:44.0,Windows 8.1,firefox,1366x768
MacOS|Mac OS X 10_11_6|chrome 63.0|1366x768,MacOS,Mac OS X 10_11_6,chrome 63.0,1366x768
iOS Device|iOS 11.0.3|mobile safari generic|2732x2048,iOS Device,iOS 11.0.3,mobile safari generic,2732x2048
MacOS|Mac OS X 10_12_6|chrome 57.0|1440x900,MacOS,Mac OS X 10_12_6,chrome 57.0,1440x900
SAMSUNG-SM-G890A Build/NRD90M|Android 7.0|chrome 62.0 for android|2560x1440,SAMSUNG-SM-G890A Build/NRD90M,Android 7.0,chrome 62.0 for android,2560x1440
HTC Desire 650 Build/MMB29M|UNK|chrome 63.0 for android|UNK,HTC Desire 650 Build/MMB29M,,chrome 63.0 for android,
rv:56.0|Mac OS X 10.11|firefox 56.0|1680x1050,rv:56.0,Mac OS X 10.11,firefox 56.0,1680x1050
Windows|Windows XP|chrome 49.0|1366x768,Windows,Windows XP,chrome 49.0,1366x768
rv:57.0|Mac OS X 10.10|firefox 57.0|1920x1200,rv:57.0,Mac OS X 10.10,firefox 57.0,1920x1200
PSPC550 Build/LMY47D|UNK|chrome 63.0 for android|UNK,PSPC550 Build/LMY47D,,chrome 63.0 for android,
Windows|Windows 8.1|chrome 63.0|2560x1440,Windows,Windows 8.1,chrome 63.0,2560x1440
SM-G930VL Build/NRD90M|Android 7.0|chrome 63.0 for android|1920x1080,SM-G930VL Build/NRD90M,Android 7.0,chrome 63.0 for android,1920x1080
iOS Device|iOS 11.2.1|mobile safari generic|2048x1536,iOS Device,iOS 11.2.1,mobile safari generic,2048x1536
Trident/7.0|Windows 10|ie 11.0 for tablet|3840x2160,Trident/7.0,Windows 10,ie 11.0 for tablet,3840x2160
STV100-3|Android 6.0.1|chrome 63.0 for android|2562x1442,STV100-3,Android 6.0.1,chrome 63.0 for android,2562x1442
SAMSUNG SM-N950U1 Build/NMF26X|UNK|samsung browser 6.2|UNK,SAMSUNG SM-N950U1 Build/NMF26X,,samsung browser 6.2,
MacOS|Mac OS X 10_11_6|safari generic|2304x1440,MacOS,Mac OS X 10_11_6,safari generic,2304x1440
rv:57.0|Mac OS X 10.11|firefox 57.0|4096x2304,rv:57.0,Mac OS X 10.11,firefox 57.0,4096x2304
SM-A320Y|UNK|chrome 62.0 for android|UNK,SM-A320Y,,chrome 62.0 for android,
MacOS|Mac|chrome 63.0|2560x1440,MacOS,Mac,chrome 63.0,2560x1440
SM-G920V Build/MMB29K|Android 6.0.1|chrome 63.0 for android|2560x1440,SM-G920V Build/MMB29K,Android 6.0.1,chrome 63.0 for android,2560x1440
SAMSUNG SM-A720F Build/NRD90M|UNK|samsung browser 6.2|UNK,SAMSUNG SM-A720F Build/NRD90M,,samsung browser 6.2,
LGMS550 Build/NRD90U|Android 7.0|chrome 63.0 for android|UNK,LGMS550 Build/NRD90U,Android 7.0,chrome 63.0 for android,
SM-G355M Build/KOT49H|UNK|chrome 62.0 for android|UNK,SM-G355M Build/KOT49H,,chrome 62.0 for android,
GT-I9060M Build/KTU84P|UNK|chrome|UNK,GT-I9060M Build/KTU84P,,chrome,
Windows|Windows 10|edge 14.0|3840x2160,Windows,Windows 10,edge 14.0,3840x2160
Windows|Windows 7|chrome 63.0|1280x720,Windows,Windows 7,chrome 63.0,1280x720
rv:56.0|Mac OS X 10.12|firefox 56.0|1680x1050,rv:56.0,Mac OS X 10.12,firefox 56.0,1680x1050
Windows|UNK|edge|UNK,Windows,,edge,
M4 SS4451 Build/LMY47D|UNK|chrome 59.0 for android|UNK,M4 SS4451 Build/LMY47D,,chrome 59.0 for android,
SM-G900M Build/LRX21T|UNK|chrome 43.0 for android|UNK,SM-G900M Build/LRX21T,,chrome 43.0 for android,
ME173X|Android|chrome 63.0 for android|UNK,ME173X,Android,chrome 63.0 for android,
SM-G955U Build/NRD90M|Android 7.0|chrome 61.0 for android|UNK,SM-G955U Build/NRD90M,Android 7.0,chrome 61.0 for android,
GT-S7580L Build/JDQ39|UNK|chrome 55.0 for android|UNK,GT-S7580L Build/JDQ39,,chrome 55.0 for android,
MacOS|Mac OS X 10_11_6|other|1440x900,MacOS,Mac OS X 10_11_6,other,1440x900
Windows|Windows 10|chrome 63.0|4500x3000,Windows,Windows 10,chrome 63.0,4500x3000
rv:57.0|Mac OS X 10.12|firefox 57.0|1600x900,rv:57.0,Mac OS X 10.12,firefox 57.0,1600x900
XT1650 Build/NCLS26.118-23-13-3|Android 7.1.1|chrome 59.0 for android|2560x1440,XT1650 Build/NCLS26.118-23-13-3,Android 7.1.1,chrome 59.0 for android,2560x1440
MacOS|Mac OS X 10_11_5|safari generic|1366x768,MacOS,Mac OS X 10_11_5,safari generic,1366x768
ALCATEL|UNK|chrome 61.0 for android|UNK,ALCATEL,,chrome 61.0 for android,
SM-G935T Build/NRD90M|Android 7.0|chrome 63.0 for android|UNK,SM-G935T Build/NRD90M,Android 7.0,chrome 63.0 for android,
NXA116QC164|Android 5.0|chrome 63.0 for android|1366x768,NXA116QC164,Android 5.0,chrome 63.0 for android,1366x768
KFSUWI Build/LVY48F|UNK|chrome generic|UNK,KFSUWI Build/LVY48F,,chrome generic,
Windows|Windows Vista|chrome generic|1280x1025,Windows,Windows Vista,chrome generic,1280x1025
MacOS|Mac OS X 10_12_2|chrome 62.0|1280x800,MacOS,Mac OS X 10_12_2,chrome 62.0,1280x800
HUAWEI Y625-U13 Build/HUAWEIY625-U13|UNK|chrome 59.0 for android|UNK,HUAWEI Y625-U13 Build/HUAWEIY625-U13,,chrome 59.0 for android,
SM-G900T Build/MMB29M|Android 6.0.1|chrome 63.0 for android|1920x1080,SM-G900T Build/MMB29M,Android 6.0.1,chrome 63.0 for android,1920x1080
SM-J200M Build/LMY47X|UNK|chrome 61.0 for android|UNK,SM-J200M Build/LMY47X,,chrome 61.0 for android,
LG-H840 Build/NRD90U|UNK|chrome 58.0 for android|UNK,LG-H840 Build/NRD90U,,chrome 58.0 for android,
Moto Z2 Play Build/NPSS26.118-19-6|UNK|chrome 63.0 for android|UNK,Moto Z2 Play Build/NPSS26.118-19-6,,chrome 63.0 for android,
BLL-L23 Build/HUAWEIBLL-L23|UNK|chrome 63.0 for android|UNK,BLL-L23 Build/HUAWEIBLL-L23,,chrome 63.0 for android,
Windows|Windows 8.1|chrome 63.0|1200x675,Windows,Windows 8.1,chrome 63.0,1200x675
HTC|Android|chrome 63.0 for android|1280x720,HTC,Android,chrome 63.0 for android,1280x720
SM-G950U1 Build/NRD90M|Android 7.0|chrome 58.0 for android|2220x1080,SM-G950U1 Build/NRD90M,Android 7.0,chrome 58.0 for android,2220x1080
ZTE Blade L5 Build/LMY47I|UNK|chrome 60.0 for android|UNK,ZTE Blade L5 Build/LMY47I,,chrome 60.0 for android,
SM-G360V|Android|chrome 62.0 for android|801x480,SM-G360V,Android,chrome 62.0 for android,801x480
MacOS|Mac OS X 10_12_2|chrome 61.0|1280x800,MacOS,Mac OS X 10_12_2,chrome 61.0,1280x800
Windows|Windows 7|chrome 55.0|1600x900,Windows,Windows 7,chrome 55.0,1600x900
SM-T710 Build/NRD90M|UNK|chrome 63.0 for android|UNK,SM-T710 Build/NRD90M,,chrome 63.0 for android,
SM-J320M Build/LMY47V|UNK|chrome 63.0 for android|UNK,SM-J320M Build/LMY47V,,chrome 63.0 for android,
Moto G (4) Build/NPJ25.93-14.7|Android 7.0|chrome generic|1920x1080,Moto G (4) Build/NPJ25.93-14.7,Android 7.0,chrome generic,1920x1080
SM-J700M Build/LMY48B|UNK|chrome 55.0 for android|UNK,SM-J700M Build/LMY48B,,chrome 55.0 for android,
MacOS|Mac|chrome 63.0|2880x1800,MacOS,Mac,chrome 63.0,2880x1800
rv:52.0|Mac OS X 10.13|firefox 52.0|1280x800,rv:52.0,Mac OS X 10.13,firefox 52.0,1280x800
SM-G925F Build/NRD90M|UNK|chrome 59.0 for android|UNK,SM-G925F Build/NRD90M,,chrome 59.0 for android,
SAMSUNG|Android 6.0.1|samsung browser 6.2|1920x1080,SAMSUNG,Android 6.0.1,samsung browser 6.2,1920x1080
SAMSUNG-SM-G900A Build/LRX21T|Android 5.0|chrome 63.0 for android|1920x1080,SAMSUNG-SM-G900A Build/LRX21T,Android 5.0,chrome 63.0 for android,1920x1080
iOS Device|iOS 11.0.1|mobile safari generic|2001x1125,iOS Device,iOS 11.0.1,mobile safari generic,2001x1125
AX820 Build/MRA58K|UNK|chrome 63.0 for android|UNK,AX820 Build/MRA58K,,chrome 63.0 for android,
Windows|Windows Vista|chrome 49.0|UNK,Windows,Windows Vista,chrome 49.0,
F3113 Build/33.3.A.1.97|UNK|chrome 63.0 for android|UNK,F3113 Build/33.3.A.1.97,,chrome 63.0 for android,
SM-G360M|UNK|chrome 63.0 for android|UNK,SM-G360M,,chrome 63.0 for android,
QTASUN1 Build/NRD90M|Android 7.0|chrome 63.0 for android|1920x1200,QTASUN1 Build/NRD90M,Android 7.0,chrome 63.0 for android,1920x1200
V.40R|UNK|chrome 62.0 for android|UNK,V.40R,,chrome 62.0 for android,
BLU|UNK|chrome 59.0 for android|UNK,BLU,,chrome 59.0 for android,
SAMSUNG-SM-G930A Build/NRD90M|Android 7.0|chrome 63.0 for android|UNK,SAMSUNG-SM-G930A Build/NRD90M,Android 7.0,chrome 63.0 for android,
rv:57.0|Mac OS X 10.10|firefox 57.0|2560x1600,rv:57.0,Mac OS X 10.10,firefox 57.0,2560x1600
iOS Device|iOS 11.2.5|mobile safari 11.0|2224x1668,iOS Device,iOS 11.2.5,mobile safari 11.0,2224x1668
MALC|Windows 7|ie 11.0 for desktop|1280x800,MALC,Windows 7,ie 11.0 for desktop,1280x800
SM-J320FN Build/LMY47V|UNK|chrome 62.0 for android|UNK,SM-J320FN Build/LMY47V,,chrome 62.0 for android,
SM-G928V Build/MMB29K|Android 6.0.1|chrome 56.0 for android|2562x1442,SM-G928V Build/MMB29K,Android 6.0.1,chrome 56.0 for android,2562x1442
Windows|Windows 7|firefox|1600x900,Windows,Windows 7,firefox,1600x900
rv:48.0|Mac OS X 10.12|firefox 48.0|4096x2304,rv:48.0,Mac OS X 10.12,firefox 48.0,4096x2304
Windows|Windows 7|chrome 63.0|1280x960,Windows,Windows 7,chrome 63.0,1280x960
Z982 Build/NMF26V|Android 7.1.1|chrome 62.0 for android|1920x1080,Z982 Build/NMF26V,Android 7.1.1,chrome 62.0 for android,1920x1080
MacOS|Mac OS X 10_13_2|chrome 63.0|1680x1050,MacOS,Mac OS X 10_13_2,chrome 63.0,1680x1050
HUAWEI VNS-L31 Build/HUAWEIVNS-L31|UNK|chrome 63.0 for android|UNK,HUAWEI VNS-L31 Build/HUAWEIVNS-L31,,chrome 63.0 for android,
MacOS|Mac|chrome 62.0|1280x720,MacOS,Mac,chrome 62.0,1280x720
MacOS|Mac OS X 10_11_6|chrome 63.0|2880x1800,MacOS,Mac OS X 10_11_6,chrome 63.0,2880x1800
rv:11.0|Windows 7|ie 11.0 for desktop|1280x720,rv:11.0,Windows 7,ie 11.0 for desktop,1280x720
MacOS|Mac OS X 10_12_4|chrome 63.0|2560x1440,MacOS,Mac OS X 10_12_4,chrome 63.0,2560x1440
Windows NT 6.1|Windows 7|ie|1920x1200,Windows NT 6.1,Windows 7,ie,1920x1200
LG-H872 Build/NRD90U|Android 7.0|chrome 63.0 for android|2672x1440,LG-H872 Build/NRD90U,Android 7.0,chrome 63.0 for android,2672x1440
Windows|Windows 10|chrome 58.0|1366x768,Windows,Windows 10,chrome 58.0,1366x768
H1711 Build/HUAWEIH1711|Android 7.0|chrome 58.0 for android|1280x720,H1711 Build/HUAWEIH1711,Android 7.0,chrome 58.0 for android,1280x720
MacOS|Mac OS X 10_12|safari generic|1920x1200,MacOS,Mac OS X 10_12,safari generic,1920x1200
MacOS|Mac OS X 10_12_6|safari generic|1344x756,MacOS,Mac OS X 10_12_6,safari generic,1344x756
ASUS_Z00ED|UNK|android webview 4.0|UNK,ASUS_Z00ED,,android webview 4.0,
Windows|Windows 7|chrome 49.0|1920x1080,Windows,Windows 7,chrome 49.0,1920x1080
SH-04F|UNK|chrome|UNK,SH-04F,,chrome,
SM-J327P Build/MMB29M|Android 6.0.1|other|1280x720,SM-J327P Build/MMB29M,Android 6.0.1,other,1280x720
Windows|Windows 10|chrome 59.0|2736x1824,Windows,Windows 10,chrome 59.0,2736x1824
SM-S903VL|Android 6.0.1|chrome 63.0 for android|1920x1080,SM-S903VL,Android 6.0.1,chrome 63.0 for android,1920x1080
LG-X180g Build/LMY47I|UNK|chrome 63.0 for android|UNK,LG-X180g Build/LMY47I,,chrome 63.0 for android,
MacOS|Mac OS X 10_11_6|chrome 63.0|1152x864,MacOS,Mac OS X 10_11_6,chrome 63.0,1152x864
rv:54.0|Windows 10|firefox|1280x1024,rv:54.0,Windows 10,firefox,1280x1024
Windows|Windows 10|chrome|1680x1050,Windows,Windows 10,chrome,1680x1050
SM-J701M Build/NRD90M|UNK|chrome 63.0 for android|UNK,SM-J701M Build/NRD90M,,chrome 63.0 for android,
TREKKER-X3 Build/MMB29M|UNK|chrome 63.0 for android|UNK,TREKKER-X3 Build/MMB29M,,chrome 63.0 for android,
BLADE L7 Build/MRA58K|UNK|chrome 63.0 for android|UNK,BLADE L7 Build/MRA58K,,chrome 63.0 for android,
Nexus 5 Build/M4B30Z|UNK|chrome 63.0 for android|UNK,Nexus 5 Build/M4B30Z,,chrome 63.0 for android,
Venue|Android 5.0.2|chrome 63.0 for android|1280x800,Venue,Android 5.0.2,chrome 63.0 for android,1280x800
Windows|Windows 7|chrome 59.0|1280x1024,Windows,Windows 7,chrome 59.0,1280x1024
Windows|Windows 7|firefox 56.0|1280x800,Windows,Windows 7,firefox 56.0,1280x800
SAMSUNG SM-J327A Build/NRD90M|Android 7.0|samsung browser 6.2|1280x720,SAMSUNG SM-J327A Build/NRD90M,Android 7.0,samsung browser 6.2,1280x720
iOS Device|iOS 11.2.5|mobile safari 11.0|1136x640,iOS Device,iOS 11.2.5,mobile safari 11.0,1136x640
Windows|Windows 10|chrome 63.0|2112x1188,Windows,Windows 10,chrome 63.0,2112x1188
Windows|Windows 10|chrome 57.0|1280x1025,Windows,Windows 10,chrome 57.0,1280x1025
SM-G930V Build/NRD90M|UNK|chrome 62.0 for android|UNK,SM-G930V Build/NRD90M,,chrome 62.0 for android,
rv:56.0|Mac OS X 10.11|firefox 56.0|1360x768,rv:56.0,Mac OS X 10.11,firefox 56.0,1360x768
TA-1039 Build/NMF26F|UNK|chrome 63.0 for android|UNK,TA-1039 Build/NMF26F,,chrome 63.0 for android,
Windows|Windows 7|chrome 63.0|1280x768,Windows,Windows 7,chrome 63.0,1280x768
SM-T310 Build/KOT49H|UNK|chrome 63.0 for android|UNK,SM-T310 Build/KOT49H,,chrome 63.0 for android,
SM-G532M Build/MMB29T|UNK|chrome 63.0 for android|UNK,SM-G532M Build/MMB29T,,chrome 63.0 for android,
BLL-L23 Build/HUAWEIBLL-L23|UNK|other|UNK,BLL-L23 Build/HUAWEIBLL-L23,,other,
Android 7.0|UNK|UNK|UNK,Android 7.0,,,
MacOS|Mac OS X 10_6_8|safari|1280x800,MacOS,Mac OS X 10_6_8,safari,1280x800
MacOS|Mac OS X 10_13_2|chrome 62.0|1366x768,MacOS,Mac OS X 10_13_2,chrome 62.0,1366x768
Windows|Windows 7|chrome 57.0|1920x1200,Windows,Windows 7,chrome 57.0,1920x1200
MacOS|Mac OS X 10_11_3|chrome 63.0|2880x1800,MacOS,Mac OS X 10_11_3,chrome 63.0,2880x1800
5010G Build/MRA58K|UNK|chrome 63.0 for android|UNK,5010G Build/MRA58K,,chrome 63.0 for android,
MacOS|Mac OS X 10_11_6|chrome 55.0|2560x1600,MacOS,Mac OS X 10_11_6,chrome 55.0,2560x1600
MacOS|Mac OS X 10_12_2|chrome 63.0|1920x1080,MacOS,Mac OS X 10_12_2,chrome 63.0,1920x1080
SM-A310F Build/MMB29K|UNK|chrome 61.0 for android|UNK,SM-A310F Build/MMB29K,,chrome 61.0 for android,
LG-X230 Build/MRA58K|UNK|chrome 60.0 for android|UNK,LG-X230 Build/MRA58K,,chrome 60.0 for android,
Moto G (4) Build/NPJS25.93-14-8|UNK|chrome generic|UNK,Moto G (4) Build/NPJS25.93-14-8,,chrome generic,
Moto E (4) Plus Build/NMA26.42-11-3|UNK|android webview 4.0|UNK,Moto E (4) Plus Build/NMA26.42-11-3,,android webview 4.0,
Windows|Windows 10|chrome generic|1600x900,Windows,Windows 10,chrome generic,1600x900
VS880PP|Android 5.1.1|chrome 56.0 for android|1280x720,VS880PP,Android 5.1.1,chrome 56.0 for android,1280x720
Windows|Windows 8.1|opera 49.0|1920x1080,Windows,Windows 8.1,opera 49.0,1920x1080
SM-G950U Build/NRD90M|Android 7.0|chrome 63.0 for android|UNK,SM-G950U Build/NRD90M,Android 7.0,chrome 63.0 for android,
MacOS|Mac OS X 10_13_1|safari generic|2048x1280,MacOS,Mac OS X 10_13_1,safari generic,2048x1280
Moto X Play Build/NPD26.48-24-1|UNK|chrome 63.0 for android|UNK,Moto X Play Build/NPD26.48-24-1,,chrome 63.0 for android,
rv:57.0|Windows 7|firefox 57.0|1440x900,rv:57.0,Windows 7,firefox 57.0,1440x900
Windows NT 6.1|Windows 7|ie|1684x947,Windows NT 6.1,Windows 7,ie,1684x947
Trident/7.0|Windows 10|ie 11.0 for desktop|1280x800,Trident/7.0,Windows 10,ie 11.0 for desktop,1280x800
Pixel 2 Build/OPM1.171019.011|UNK|chrome 63.0 for android|UNK,Pixel 2 Build/OPM1.171019.011,,chrome 63.0 for android,
Windows|Windows 8.1|chrome 63.0|1440x960,Windows,Windows 8.1,chrome 63.0,1440x960
S.N.O.W.4|Windows 7|ie 11.0 for desktop|UNK,S.N.O.W.4,Windows 7,ie 11.0 for desktop,
MacOS|Mac OS X 10_12_4|safari generic|2880x1800,MacOS,Mac OS X 10_12_4,safari generic,2880x1800
Ilium LT510 Build/MRA58K|UNK|chrome 57.0 for android|UNK,Ilium LT510 Build/MRA58K,,chrome 57.0 for android,
Windows|Windows 7|chrome|1600x900,Windows,Windows 7,chrome,1600x900
SM-G900V Build/MMB29M|Android 6.0.1|chrome 58.0 for android|1920x1080,SM-G900V Build/MMB29M,Android 6.0.1,chrome 58.0 for android,1920x1080
rv:47.0|Windows 7|firefox 47.0|1920x1080,rv:47.0,Windows 7,firefox 47.0,1920x1080
F3313 Build/37.0.A.2.108|UNK|chrome 61.0 for android|UNK,F3313 Build/37.0.A.2.108,,chrome 61.0 for android,
MacOS|Mac OS X 10_11_6|other|2560x1440,MacOS,Mac OS X 10_11_6,other,2560x1440
LG-TP260 Build/NRD90U|UNK|chrome 62.0 for android|UNK,LG-TP260 Build/NRD90U,,chrome 62.0 for android,
SM-J727T1 Build/NRD90M|UNK|chrome 63.0 for android|UNK,SM-J727T1 Build/NRD90M,,chrome 63.0 for android,
Windows|Windows 7|chrome 63.0|2560x1600,Windows,Windows 7,chrome 63.0,2560x1600
rv:45.0|Windows 7|firefox|1920x1080,rv:45.0,Windows 7,firefox,1920x1080
LG-K540 Build/MMB29M|Android 6.0.1|chrome 63.0 for android|1280x720,LG-K540 Build/MMB29M,Android 6.0.1,chrome 63.0 for android,1280x720
FP2|UNK|chrome 63.0 for android|UNK,FP2,,chrome 63.0 for android,
SM-G955U Build/NRD90M|Android 7.0|chrome 63.0 for android|2220x1080,SM-G955U Build/NRD90M,Android 7.0,chrome 63.0 for android,2220x1080
SAMSUNG-SM-N900A|UNK|chrome 62.0 for android|UNK,SAMSUNG-SM-N900A,,chrome 62.0 for android,
rv:56.0|Windows 7|firefox 56.0|1024x768,rv:56.0,Windows 7,firefox 56.0,1024x768
GT-P5210 Build/KOT49H|Android 4.4.2|chrome 63.0 for android|1280x800,GT-P5210 Build/KOT49H,Android 4.4.2,chrome 63.0 for android,1280x800
MacOS|Mac OS X 10_12_4|chrome 62.0|5120x2880,MacOS,Mac OS X 10_12_4,chrome 62.0,5120x2880
SM-J327P Build/MMB29M|Android 6.0.1|chrome 63.0 for android|1280x720,SM-J327P Build/MMB29M,Android 6.0.1,chrome 63.0 for android,1280x720
UNK|Linux|chrome 61.0|2672x1440,,Linux,chrome 61.0,2672x1440
ATT-IE11|Windows 7|ie 11.0 for desktop|1364x768,ATT-IE11,Windows 7,ie 11.0 for desktop,1364x768
SAMSUNG SM-G900T Build/MMB29M|Android 6.0.1|samsung browser 6.2|1920x1080,SAMSUNG SM-G900T Build/MMB29M,Android 6.0.1,samsung browser 6.2,1920x1080
SM-P350 Build/MMB29M|UNK|chrome 63.0 for android|UNK,SM-P350 Build/MMB29M,,chrome 63.0 for android,
MacOS|Mac OS X 10_11_5|safari generic|2880x1800,MacOS,Mac OS X 10_11_5,safari generic,2880x1800
rv:48.0|Mac OS X 10.9|firefox 48.0|1280x800,rv:48.0,Mac OS X 10.9,firefox 48.0,1280x800
SM-G550T1 Build/MMB29K|Android 6.0.1|chrome 62.0 for android|1280x720,SM-G550T1 Build/MMB29K,Android 6.0.1,chrome 62.0 for android,1280x720
Windows|Windows 8|chrome 61.0|1360x768,Windows,Windows 8,chrome 61.0,1360x768
Moto|Android 6.0.1|chrome 59.0 for android|1280x720,Moto,Android 6.0.1,chrome 59.0 for android,1280x720
UNK|Android 7.1.1|android webview 4.0|UNK,,Android 7.1.1,android webview 4.0,
Linux x86_64|Linux|firefox|1600x900,Linux x86_64,Linux,firefox,1600x900
MacOS|Mac OS X 10_13_1|safari generic|1280x720,MacOS,Mac OS X 10_13_1,safari generic,1280x720
SM-J727U Build/NRD90M|Android 7.0|chrome 63.0 for android|1280x720,SM-J727U Build/NRD90M,Android 7.0,chrome 63.0 for android,1280x720
MacOS|Mac OS X 10_10_5|chrome 61.0|2880x1800,MacOS,Mac OS X 10_10_5,chrome 61.0,2880x1800
Windows|Windows 7|chrome 63.0|3072x1728,Windows,Windows 7,chrome 63.0,3072x1728
SAMSUNG-SM-G900A Build/MMB29M|Android 6.0.1|chrome 61.0 for android|1920x1080,SAMSUNG-SM-G900A Build/MMB29M,Android 6.0.1,chrome 61.0 for android,1920x1080
MacOS|Mac OS X 10_12_5|safari generic|2048x1280,MacOS,Mac OS X 10_12_5,safari generic,2048x1280
MacOS|Mac OS X 10_11_6|chrome 63.0|5120x2880,MacOS,Mac OS X 10_11_6,chrome 63.0,5120x2880
SAMSUNG-SM-N920A Build/NRD90M|Android 7.0|chrome 63.0 for android|1920x1080,SAMSUNG-SM-N920A Build/NRD90M,Android 7.0,chrome 63.0 for android,1920x1080
iOS Device|iOS|other|1024x768,iOS Device,iOS,other,1024x768
MacOS|Mac OS X 10_13_2|chrome 62.0|1920x1080,MacOS,Mac OS X 10_13_2,chrome 62.0,1920x1080
SM-J320V Build/MMB29M|Android 6.0.1|chrome 62.0 for android|1280x720,SM-J320V Build/MMB29M,Android 6.0.1,chrome 62.0 for android,1280x720
MacOS|Mac OS X 10_9_5|chrome 59.0|2880x1800,MacOS,Mac OS X 10_9_5,chrome 59.0,2880x1800
rv:57.0|Mac OS X 10.13|firefox 57.0|1600x900,rv:57.0,Mac OS X 10.13,firefox 57.0,1600x900
MacOS|Mac OS X 10_13_2|chrome 63.0|5040x3150,MacOS,Mac OS X 10_13_2,chrome 63.0,5040x3150
SM-T817V Build/NRD90M|Android 7.0|chrome 63.0 for android|2048x1536,SM-T817V Build/NRD90M,Android 7.0,chrome 63.0 for android,2048x1536
MacOS|Mac OS X 10_13_2|safari generic|1344x756,MacOS,Mac OS X 10_13_2,safari generic,1344x756
SM-G800F Build/KOT49H|UNK|chrome 53.0 for android|UNK,SM-G800F Build/KOT49H,,chrome 53.0 for android,
MacOS|Mac OS X 10_10_5|chrome 63.0|1920x1200,MacOS,Mac OS X 10_10_5,chrome 63.0,1920x1200
UNK|Android|chrome 62.0|1536x864,,Android,chrome 62.0,1536x864
MacOS|Mac OS X 10_10_5|safari generic|1280x720,MacOS,Mac OS X 10_10_5,safari generic,1280x720
LG-K200 Build/MXB48T|UNK|chrome 63.0 for android|UNK,LG-K200 Build/MXB48T,,chrome 63.0 for android,
iOS Device|iOS|mobile|1024x768,iOS Device,iOS,mobile,1024x768
BLADE V8 Build/NRD90M|UNK|chrome 63.0 for android|UNK,BLADE V8 Build/NRD90M,,chrome 63.0 for android,
SGH-I337M Build/LRX22C|UNK|chrome 63.0 for android|UNK,SGH-I337M Build/LRX22C,,chrome 63.0 for android,
SM-N920T Build/NRD90M|Android 7.0|chrome 63.0 for android|1920x1080,SM-N920T Build/NRD90M,Android 7.0,chrome 63.0 for android,1920x1080
SM-J700M Build/LMY48B|UNK|other|UNK,SM-J700M Build/LMY48B,,other,
MacOS|Mac OS X 10_13_2|chrome 63.0|3200x1800,MacOS,Mac OS X 10_13_2,chrome 63.0,3200x1800
SM-N900T Build/LRX21V|Android 5.0|chrome 63.0 for android|1920x1080,SM-N900T Build/LRX21V,Android 5.0,chrome 63.0 for android,1920x1080
CHC-U03 Build/HuaweiCHC-U03|UNK|chrome 63.0 for android|UNK,CHC-U03 Build/HuaweiCHC-U03,,chrome 63.0 for android,
MacOS|Mac OS X 10_12_6|chrome 60.0|1440x900,MacOS,Mac OS X 10_12_6,chrome 60.0,1440x900
HTC|UNK|chrome 63.0 for android|UNK,HTC,,chrome 63.0 for android,
MacOS|Mac OS X 10_12_5|chrome 57.0|2880x1800,MacOS,Mac OS X 10_12_5,chrome 57.0,2880x1800
SAMSUNG-SM-G900A Build/MMB29M|Android 6.0.1|chrome 63.0 for android|1920x1080,SAMSUNG-SM-G900A Build/MMB29M,Android 6.0.1,chrome 63.0 for android,1920x1080
Moto G Play Build/MPIS24.241-15.3-26|UNK|chrome 63.0 for android|UNK,Moto G Play Build/MPIS24.241-15.3-26,,chrome 63.0 for android,
SAMSUNG SM-G950U Build/NRD90M|Android 7.0|samsung browser 6.2|2960x1440,SAMSUNG SM-G950U Build/NRD90M,Android 7.0,samsung browser 6.2,2960x1440
LG-H830 Build/NRD90U|Android 7.0|chrome 63.0 for android|2560x1440,LG-H830 Build/NRD90U,Android 7.0,chrome 63.0 for android,2560x1440
MAMI|UNK|ie 11.0 for desktop|UNK,MAMI,,ie 11.0 for desktop,
M4|UNK|chrome 62.0 for android|UNK,M4,,chrome 62.0 for android,
rv:57.0|Mac OS X 10.10|firefox 57.0|1440x900,rv:57.0,Mac OS X 10.10,firefox 57.0,1440x900
SM-N9005 Build/LRX21V|UNK|chrome 61.0 for android|UNK,SM-N9005 Build/LRX21V,,chrome 61.0 for android,
SM-T550 Build/NMF26X|Android 7.1.1|other|1024x768,SM-T550 Build/NMF26X,Android 7.1.1,other,1024x768
MacOS|Mac OS X 10_13_2|chrome 63.0|4096x2304,MacOS,Mac OS X 10_13_2,chrome 63.0,4096x2304
Windows|Windows 7|UNK|1280x800,Windows,Windows 7,,1280x800
TREKKER-M1|UNK|chrome 62.0 for android|UNK,TREKKER-M1,,chrome 62.0 for android,
SCH-I535|Android 4.4.2|chrome 63.0 for android|1280x720,SCH-I535,Android 4.4.2,chrome 63.0 for android,1280x720
UNK|Android|chrome 60.0|1920x1080,,Android,chrome 60.0,1920x1080
Z981 Build/MMB29M|Android 6.0.1|chrome 63.0 for android|1920x1080,Z981 Build/MMB29M,Android 6.0.1,chrome 63.0 for android,1920x1080
E6810 Build/5.320VZ.03.r|Android 7.1.2|other|1920x1080,E6810 Build/5.320VZ.03.r,Android 7.1.2,other,1920x1080
MacOS|Mac OS X 10_13_2|chrome 63.0|5120x2880,MacOS,Mac OS X 10_13_2,chrome 63.0,5120x2880
iOS Device|iOS 11.2.1|chrome 63.0 for ios|2048x1536,iOS Device,iOS 11.2.1,chrome 63.0 for ios,2048x1536
Blade V6 Plus Build/MRA58K|UNK|chrome 55.0 for android|UNK,Blade V6 Plus Build/MRA58K,,chrome 55.0 for android,
F3213 Build/36.1.A.1.86|UNK|chrome 63.0 for android|UNK,F3213 Build/36.1.A.1.86,,chrome 63.0 for android,
SM-G900M Build/LRX21T|UNK|chrome generic|UNK,SM-G900M Build/LRX21T,,chrome generic,
SM-T580 Build/NRD90M|UNK|chrome 62.0 for android|UNK,SM-T580 Build/NRD90M,,chrome 62.0 for android,
SAMSUNG SM-G920P Build/NRD90M|UNK|samsung browser 6.2|UNK,SAMSUNG SM-G920P Build/NRD90M,,samsung browser 6.2,
Windows|Windows 10|chrome 63.0|7500x5000,Windows,Windows 10,chrome 63.0,7500x5000
MacOS|Mac OS X 10_12_6|chrome 61.0|1366x768,MacOS,Mac OS X 10_12_6,chrome 61.0,1366x768
LG-V496|Android 5.0.2|chrome 62.0 for android|UNK,LG-V496,Android 5.0.2,chrome 62.0 for android,
XT1575|Android 7.0|chrome 58.0 for android|2562x1442,XT1575,Android 7.0,chrome 58.0 for android,2562x1442
SM-G930V Build/NRD90M|Android 7.0|chrome 63.0 for android|UNK,SM-G930V Build/NRD90M,Android 7.0,chrome 63.0 for android,
NOKIA|UNK|edge|UNK,NOKIA,,edge,
SM-T560NU Build/MMB29M|Android 6.0.1|chrome 62.0 for android|1280x800,SM-T560NU Build/MMB29M,Android 6.0.1,chrome 62.0 for android,1280x800
MacOS|Mac OS X 10_12_6|safari generic|3840x2400,MacOS,Mac OS X 10_12_6,safari generic,3840x2400
SGH-I317M|UNK|chrome 63.0 for android|UNK,SGH-I317M,,chrome 63.0 for android,
MacOS|Mac OS X 10_13_1|chrome 61.0|2880x1800,MacOS,Mac OS X 10_13_1,chrome 61.0,2880x1800
Microsoft|Windows|edge|2560x1440,Microsoft,Windows,edge,2560x1440
XT1635-02 Build/NPN26.118-22-2|UNK|chrome 57.0 for android|UNK,XT1635-02 Build/NPN26.118-22-2,,chrome 57.0 for android,
SAMSUNG SM-G935P Build/NRD90M|Android 7.0|samsung browser 6.2|UNK,SAMSUNG SM-G935P Build/NRD90M,Android 7.0,samsung browser 6.2,
Ilium L1120 Build/NRD90M|UNK|chrome 63.0 for android|UNK,Ilium L1120 Build/NRD90M,,chrome 63.0 for android,
MacOS|Mac OS X 10_12_5|safari generic|3360x2100,MacOS,Mac OS X 10_12_5,safari generic,3360x2100
rv:55.0|Mac OS X 10.10|firefox 55.0|2560x1440,rv:55.0,Mac OS X 10.10,firefox 55.0,2560x1440
Turbo C5 Build/LMY47I|UNK|chrome 59.0 for android|UNK,Turbo C5 Build/LMY47I,,chrome 59.0 for android,
E5506 Build/29.2.A.0.166|UNK|chrome 62.0 for android|UNK,E5506 Build/29.2.A.0.166,,chrome 62.0 for android,
rv:57.0|Android 7.1.1|Generic/Android|UNK,rv:57.0,Android 7.1.1,Generic/Android,
SAMSUNG|Android 7.0|samsung browser 6.2|2560x1440,SAMSUNG,Android 7.0,samsung browser 6.2,2560x1440
MacOS|Mac OS X 10_11_6|chrome 58.0|1920x1080,MacOS,Mac OS X 10_11_6,chrome 58.0,1920x1080
Windows|Windows 8.1|chrome 63.0|1728x972,Windows,Windows 8.1,chrome 63.0,1728x972
Trident/7.0|Windows 10|ie 11.0 for desktop|1600x1200,Trident/7.0,Windows 10,ie 11.0 for desktop,1600x1200
Windows|Windows 8.1|chrome|1920x1200,Windows,Windows 8.1,chrome,1920x1200
Windows|Windows 8|UNK|1920x1080,Windows,Windows 8,,1920x1080
LG-H540|UNK|other|UNK,LG-H540,,other,
MacOS|Mac OS X 10_13_3|safari generic|1440x900,MacOS,Mac OS X 10_13_3,safari generic,1440x900
MacOS|Mac OS X 10_11_6|chrome 63.0|1024x640,MacOS,Mac OS X 10_11_6,chrome 63.0,1024x640
Windows|Windows 10|chrome 56.0|1440x900,Windows,Windows 10,chrome 56.0,1440x900
Windows|Windows 10|chrome 63.0|1280x1025,Windows,Windows 10,chrome 63.0,1280x1025
LG-D855|UNK|chrome 63.0 for android|UNK,LG-D855,,chrome 63.0 for android,
MacOS|Mac OS X 10_12_6|safari generic|2048x1280,MacOS,Mac OS X 10_12_6,safari generic,2048x1280
SM-G935V Build/NRD90M|UNK|chrome 63.0 for android|UNK,SM-G935V Build/NRD90M,,chrome 63.0 for android,
MacOS|Mac OS X 10_11_4|chrome 62.0|2560x1600,MacOS,Mac OS X 10_11_4,chrome 62.0,2560x1600
VS987 Build/NRD90U|Android 7.0|chrome 55.0 for android|2560x1440,VS987 Build/NRD90U,Android 7.0,chrome 55.0 for android,2560x1440
Windows|Windows 7|chrome 56.0|1920x1200,Windows,Windows 7,chrome 56.0,1920x1200
SAMSUNG SM-G550T1 Build/MMB29K|Android 6.0.1|samsung browser 5.4|1280x720,SAMSUNG SM-G550T1 Build/MMB29K,Android 6.0.1,samsung browser 5.4,1280x720
rv:52.0|Windows Vista|UNK|1152x864,rv:52.0,Windows Vista,,1152x864
rv:11.0|Windows 10|ie 11.0 for desktop|1280x1024,rv:11.0,Windows 10,ie 11.0 for desktop,1280x1024
Z963VL|Android 5.1.1|chrome 63.0 for android|1920x1080,Z963VL,Android 5.1.1,chrome 63.0 for android,1920x1080
Z835 Build/NMF26V|Android 7.1.1|other|855x480,Z835 Build/NMF26V,Android 7.1.1,other,855x480
Windows|Windows 10|chrome 63.0|768x576,Windows,Windows 10,chrome 63.0,768x576
MacOS|Mac OS X 10_9_5|chrome 63.0|1366x768,MacOS,Mac OS X 10_9_5,chrome 63.0,1366x768
Windows|Windows 7|firefox 57.0|2560x1440,Windows,Windows 7,firefox 57.0,2560x1440
SAMSUNG SM-J700T Build/NMF26X|UNK|samsung browser 6.2|UNK,SAMSUNG SM-J700T Build/NMF26X,,samsung browser 6.2,
MacOS|Mac OS X 10_13_2|chrome 49.0|1440x900,MacOS,Mac OS X 10_13_2,chrome 49.0,1440x900
Moto|UNK|chrome 50.0 for android|UNK,Moto,,chrome 50.0 for android,
SAMSUNG SM-J327P Build/MMB29M|UNK|samsung browser 6.2|UNK,SAMSUNG SM-J327P Build/MMB29M,,samsung browser 6.2,
Windows|Windows 10|edge 13.0|1920x1200,Windows,Windows 10,edge 13.0,1920x1200
SM-N910T Build/MMB29M|Android 6.0.1|chrome 63.0 for android|2560x1440,SM-N910T Build/MMB29M,Android 6.0.1,chrome 63.0 for android,2560x1440
rv:11.0|Windows 10|ie 11.0 for desktop|1366x768,rv:11.0,Windows 10,ie 11.0 for desktop,1366x768
HTC One_M8 Build/MRA58K|UNK|chrome 61.0 for android|UNK,HTC One_M8 Build/MRA58K,,chrome 61.0 for android,
rv:57.0|Windows 7|firefox 57.0|UNK,rv:57.0,Windows 7,firefox 57.0,
UNK|Linux|chrome 62.0|2880x1620,,Linux,chrome 62.0,2880x1620
SAMSUNG SM-G930A Build/NRD90M|Android 7.0|samsung browser 6.2|1280x720,SAMSUNG SM-G930A Build/NRD90M,Android 7.0,samsung browser 6.2,1280x720
MacOS|Mac OS X 10_13_2|chrome 63.0|3840x2400,MacOS,Mac OS X 10_13_2,chrome 63.0,3840x2400
iOS Device|iOS 11.2.1|mobile safari uiwebview|2208x1242,iOS Device,iOS 11.2.1,mobile safari uiwebview,2208x1242
Windows|Windows 7|chrome 60.0|1680x1050,Windows,Windows 7,chrome 60.0,1680x1050
VFD|Android 6.0|chrome 61.0 for android|UNK,VFD,Android 6.0,chrome 61.0 for android,
SM-S906L|Android 5.0.2|chrome 59.0 for android|2560x1440,SM-S906L,Android 5.0.2,chrome 59.0 for android,2560x1440
F5321|UNK|chrome 63.0 for android|UNK,F5321,,chrome 63.0 for android,
MacOS|Mac OS X 10_11_6|chrome 61.0|1680x1050,MacOS,Mac OS X 10_11_6,chrome 61.0,1680x1050
HUAWEI Y560-L03 Build/HUAWEIY560-L03|UNK|chrome 61.0 for android|UNK,HUAWEI Y560-L03 Build/HUAWEIY560-L03,,chrome 61.0 for android,
SAMSUNG SM-J727T1 Build/NRD90M|Android 7.0|samsung browser 6.2|1280x720,SAMSUNG SM-J727T1 Build/NRD90M,Android 7.0,samsung browser 6.2,1280x720
UNK|Linux|firefox|1280x1024,,Linux,firefox,1280x1024
2PS64 Build/NRD90M|Android 7.0|chrome 63.0 for android|2560x1440,2PS64 Build/NRD90M,Android 7.0,chrome 63.0 for android,2560x1440
MacOS|Mac OS X 10_12_3|safari generic|2560x1600,MacOS,Mac OS X 10_12_3,safari generic,2560x1600
PRA-LX1 Build/HUAWEIPRA-LX1|UNK|chrome 63.0 for android|UNK,PRA-LX1 Build/HUAWEIPRA-LX1,,chrome 63.0 for android,
LG-H443/H44312g|Android 5.1.1|android browser 4.0|1280x720,LG-H443/H44312g,Android 5.1.1,android browser 4.0,1280x720
XT1650|Android 7.1.1|chrome 63.0 for android|2560x1440,XT1650,Android 7.1.1,chrome 63.0 for android,2560x1440
Trident/7.0|Windows 10|ie 11.0 for tablet|1280x1024,Trident/7.0,Windows 10,ie 11.0 for tablet,1280x1024
Windows|Windows 8.1|chrome 63.0|1280x1024,Windows,Windows 8.1,chrome 63.0,1280x1024
Lenovo TB2-X30F Build/LenovoTB2-X30F|UNK|chrome 63.0 for android|UNK,Lenovo TB2-X30F Build/LenovoTB2-X30F,,chrome 63.0 for android,
rv:35.0|UNK|firefox|UNK,rv:35.0,,firefox,
MacOS|Mac OS X 10_12_6|chrome 62.0|3440x1440,MacOS,Mac OS X 10_12_6,chrome 62.0,3440x1440
MacOS|Mac OS X 10_12_6|chrome 63.0|1920x1200,MacOS,Mac OS X 10_12_6,chrome 63.0,1920x1200
Windows|Windows 10|chrome 63.0|2560x1600,Windows,Windows 10,chrome 63.0,2560x1600
Windows|Windows 10|chrome generic|1366x768,Windows,Windows 10,chrome generic,1366x768
Blade V6 Max Build/MRA58K|UNK|chrome 49.0 for android|UNK,Blade V6 Max Build/MRA58K,,chrome 49.0 for android,
2PYB2|UNK|chrome 63.0 for android|UNK,2PYB2,,chrome 63.0 for android,
rv:53.0|Mac OS X 10.11|firefox|2560x1600,rv:53.0,Mac OS X 10.11,firefox,2560x1600
M4 SS4456 Build/LMY47V|UNK|chrome 63.0 for android|UNK,M4 SS4456 Build/LMY47V,,chrome 63.0 for android,
Windows|Windows 7|firefox 56.0|2560x1440,Windows,Windows 7,firefox 56.0,2560x1440
Windows|Windows 7|UNK|1440x900,Windows,Windows 7,,1440x900
MacOS|Mac OS X 10_13_2|chrome 56.0|1440x900,MacOS,Mac OS X 10_13_2,chrome 56.0,1440x900
SM-G900P Build/MMB29M|Android 6.0.1|chrome 63.0 for android|1920x1080,SM-G900P Build/MMB29M,Android 6.0.1,chrome 63.0 for android,1920x1080
SM-G550T1 Build/MMB29K|UNK|chrome 62.0 for android|UNK,SM-G550T1 Build/MMB29K,,chrome 62.0 for android,
MacOS|Mac OS X 10_9_5|chrome 62.0|3360x2100,MacOS,Mac OS X 10_9_5,chrome 62.0,3360x2100
MacOS|Mac OS X 10_11_3|chrome 63.0|1440x900,MacOS,Mac OS X 10_11_3,chrome 63.0,1440x900
HTC 10 Build/NRD90M|UNK|chrome 62.0 for android|UNK,HTC 10 Build/NRD90M,,chrome 62.0 for android,
MacOS|Mac OS X 10_12_5|safari generic|2560x1440,MacOS,Mac OS X 10_12_5,safari generic,2560x1440
HTC One A9s Build/MRA58K|UNK|chrome 63.0 for android|UNK,HTC One A9s Build/MRA58K,,chrome 63.0 for android,
SM-G935P Build/NRD90M|Android 7.0|chrome 63.0 for android|UNK,SM-G935P Build/NRD90M,Android 7.0,chrome 63.0 for android,
Linux x86_64|UNK|firefox|UNK,Linux x86_64,,firefox,
MacOS|Mac OS X 10_13_1|chrome 63.0|2560x1440,MacOS,Mac OS X 10_13_1,chrome 63.0,2560x1440
LG-K450 Build/MXB48T|Android 6.0.1|chrome 63.0 for android|1280x720,LG-K450 Build/MXB48T,Android 6.0.1,chrome 63.0 for android,1280x720
Trident/7.0|Windows 10|ie 11.0 for tablet|3440x1440,Trident/7.0,Windows 10,ie 11.0 for tablet,3440x1440
UNK|UNK|opera|UNK,,,opera,
Windows|Windows 8.1|chrome 63.0|1768x992,Windows,Windows 8.1,chrome 63.0,1768x992
Windows NT 6.1|Windows 7|ie|2048x1152,Windows NT 6.1,Windows 7,ie,2048x1152
LG-V521|Android 7.0|chrome 59.0 for android|1920x1200,LG-V521,Android 7.0,chrome 59.0 for android,1920x1200
SAMSUNG SM-N920A Build/NRD90M|Android 7.0|other|UNK,SAMSUNG SM-N920A Build/NRD90M,Android 7.0,other,
MacOS|Mac OS X 10_11_3|safari generic|1280x800,MacOS,Mac OS X 10_11_3,safari generic,1280x800
Trident/7.0|Windows 7|ie 11.0 for desktop|3440x1440,Trident/7.0,Windows 7,ie 11.0 for desktop,3440x1440
Windows|Windows 7|chrome 63.0|1658x946,Windows,Windows 7,chrome 63.0,1658x946
MacOS|Mac OS X 10_11_4|chrome 63.0|2560x1440,MacOS,Mac OS X 10_11_4,chrome 63.0,2560x1440
MacOS|Mac OS X 10_11_4|safari generic|3440x1440,MacOS,Mac OS X 10_11_4,safari generic,3440x1440
SAMSUNG SM-N950U Build/NMF26X|Android 7.1.1|samsung|UNK,SAMSUNG SM-N950U Build/NMF26X,Android 7.1.1,samsung,
SAMSUNG SM-J327P Build/MMB29M|Android 6.0.1|samsung browser 6.2|1280x720,SAMSUNG SM-J327P Build/MMB29M,Android 6.0.1,samsung browser 6.2,1280x720
MacOS|Mac OS X 10_12_4|safari generic|1920x1080,MacOS,Mac OS X 10_12_4,safari generic,1920x1080
rv:57.0|Android 7.0|Generic/Android 7.0|1200x720,rv:57.0,Android 7.0,Generic/Android 7.0,1200x720
SM-G360T1 Build/LMY47X|Android 5.1.1|chrome 61.0 for android|801x480,SM-G360T1 Build/LMY47X,Android 5.1.1,chrome 61.0 for android,801x480
Trident/7.0|func|ie 11.0 for desktop|1366x768,Trident/7.0,func,ie 11.0 for desktop,1366x768
Windows|Windows 8.1|chrome 63.0|1360x768,Windows,Windows 8.1,chrome 63.0,1360x768
UNK|UNK|edge 14.0|UNK,,,edge 14.0,
Windows NT 6.1|Windows 7|ie|1239x697,Windows NT 6.1,Windows 7,ie,1239x697
SM-T820 Build/NRD90M|UNK|chrome 63.0 for android|UNK,SM-T820 Build/NRD90M,,chrome 63.0 for android,
Le X520 Build/IEXCNFN5902303111S|UNK|chrome 63.0 for android|UNK,Le X520 Build/IEXCNFN5902303111S,,chrome 63.0 for android,
8050G Build/LMY47I|UNK|chrome 61.0 for android|UNK,8050G Build/LMY47I,,chrome 61.0 for android,
SM-N900T Build/LRX21V|Android 5.0|chrome 62.0 for android|1920x1080,SM-N900T Build/LRX21V,Android 5.0,chrome 62.0 for android,1920x1080
MacOS|Mac OS X 10_13_2|chrome 49.0|2880x1800,MacOS,Mac OS X 10_13_2,chrome 49.0,2880x1800
MacOS|Mac OS X 10_9_5|chrome 61.0|1920x1080,MacOS,Mac OS X 10_9_5,chrome 61.0,1920x1080
SM-N950U1 Build/NMF26X|UNK|chrome 63.0 for android|UNK,SM-N950U1 Build/NMF26X,,chrome 63.0 for android,
SAMSUNG-SM-G891A Build/NRD90M|Android 7.0|chrome 63.0 for android|2560x1440,SAMSUNG-SM-G891A Build/NRD90M,Android 7.0,chrome 63.0 for android,2560x1440
rv:52.0|Mac OS X 10.11|firefox 52.0|2560x1600,rv:52.0,Mac OS X 10.11,firefox 52.0,2560x1600
MacOS|Mac OS X 10_11_3|chrome 59.0|1440x900,MacOS,Mac OS X 10_11_3,chrome 59.0,1440x900
ZTE-Z835|Android 7.1.1|other|855x480,ZTE-Z835,Android 7.1.1,other,855x480
SM-J120H Build/LMY47V|UNK|chrome 62.0 for android|UNK,SM-J120H Build/LMY47V,,chrome 62.0 for android,
SAMSUNG-SM-G890A Build/NRD90M|Android 7.0|chrome 63.0 for android|UNK,SAMSUNG-SM-G890A Build/NRD90M,Android 7.0,chrome 63.0 for android,
MacOS|Mac OS X 10_11_6|safari generic|3440x1440,MacOS,Mac OS X 10_11_6,safari generic,3440x1440
Windows|Windows 8|firefox 57.0|1920x1080,Windows,Windows 8,firefox 57.0,1920x1080
XT1563 Build/MPD24.107-52|UNK|chrome 63.0 for android|UNK,XT1563 Build/MPD24.107-52,,chrome 63.0 for android,
XT1033|Android|chrome 63.0 for android|1280x720,XT1033,Android,chrome 63.0 for android,1280x720
rv:56.0|UNK|firefox|UNK,rv:56.0,,firefox,
HUAWEI TAG-L13 Build/HUAWEITAG-L13|UNK|chrome 43.0 for android|UNK,HUAWEI TAG-L13 Build/HUAWEITAG-L13,,chrome 43.0 for android,
LG-X220 Build/LMY47I|UNK|chrome 62.0 for android|UNK,LG-X220 Build/LMY47I,,chrome 62.0 for android,
LGLS676 Build/MXB48T|Android 6.0.1|chrome 55.0 for android|1280x720,LGLS676 Build/MXB48T,Android 6.0.1,chrome 55.0 for android,1280x720
SM-J700M Build/MMB29K|UNK|chrome 55.0 for android|UNK,SM-J700M Build/MMB29K,,chrome 55.0 for android,
Moto Z (2|UNK|chrome generic|UNK,Moto Z (2,,chrome generic,
SAMSUNG SM-S727VL Build/MMB29M|Android 6.0.1|samsung browser 6.2|1280x720,SAMSUNG SM-S727VL Build/MMB29M,Android 6.0.1,samsung browser 6.2,1280x720
MacOS|Mac OS X 10_12_2|chrome 63.0|2880x1800,MacOS,Mac OS X 10_12_2,chrome 63.0,2880x1800
BAC-L03 Build/HUAWEIBAC-L03|UNK|chrome 63.0 for android|UNK,BAC-L03 Build/HUAWEIBAC-L03,,chrome 63.0 for android,
SM-A510M Build/NRD90M|UNK|chrome 59.0 for android|UNK,SM-A510M Build/NRD90M,,chrome 59.0 for android,
MacOS|Mac OS X 10_12_6|chrome 56.0|1440x900,MacOS,Mac OS X 10_12_6,chrome 56.0,1440x900
LG-H830 Build/NRD90U|UNK|chrome 63.0 for android|UNK,LG-H830 Build/NRD90U,,chrome 63.0 for android,
SM-G530H Build/LRX22G|UNK|chrome 63.0 for android|UNK,SM-G530H Build/LRX22G,,chrome 63.0 for android,
rv:57.0|Mac OS X 10.13|firefox 57.0|3360x2100,rv:57.0,Mac OS X 10.13,firefox 57.0,3360x2100
SM-G900R4|Android 6.0.1|chrome 62.0 for android|1920x1080,SM-G900R4,Android 6.0.1,chrome 62.0 for android,1920x1080
SM-T800 Build/MMB29K|Android 6.0.1|chrome 52.0 for android|2560x1600,SM-T800 Build/MMB29K,Android 6.0.1,chrome 52.0 for android,2560x1600
UNK|Android|chrome 63.0|1366x768,,Android,chrome 63.0,1366x768
Hisense L675 Build/MRA58K|UNK|chrome 46.0 for android|UNK,Hisense L675 Build/MRA58K,,chrome 46.0 for android,
SM-J710MN Build/MMB29K|UNK|chrome 63.0 for android|UNK,SM-J710MN Build/MMB29K,,chrome 63.0 for android,
LG-K430 Build/MRA58K|UNK|chrome 63.0 for android|UNK,LG-K430 Build/MRA58K,,chrome 63.0 for android,
LG-D693n Build/LRX22G|UNK|chrome 54.0 for android|UNK,LG-D693n Build/LRX22G,,chrome 54.0 for android,
M4 SS4453 Build/MMB29M|UNK|chrome 63.0 for android|UNK,M4 SS4453 Build/MMB29M,,chrome 63.0 for android,
AX920|UNK|chrome 61.0 for android|UNK,AX920,,chrome 61.0 for android,
rv:57.0|Mac OS X 10.11|firefox 57.0|1152x720,rv:57.0,Mac OS X 10.11,firefox 57.0,1152x720
G8141 Build/47.1.A.5.51|UNK|chrome 63.0 for android|UNK,G8141 Build/47.1.A.5.51,,chrome 63.0 for android,
Windows|Windows 7|firefox 57.0|2560x1080,Windows,Windows 7,firefox 57.0,2560x1080
D6603 Build/23.5.A.1.291|UNK|chrome 62.0 for android|UNK,D6603 Build/23.5.A.1.291,,chrome 62.0 for android,
UNK|Linux|chrome 63.0|1366x768,,Linux,chrome 63.0,1366x768
Ilium L910 Build/MRA58K|UNK|chrome 63.0 for android|UNK,Ilium L910 Build/MRA58K,,chrome 63.0 for android,
BLADE A520 Build/NRD90M|UNK|chrome 55.0 for android|UNK,BLADE A520 Build/NRD90M,,chrome 55.0 for android,
LG-M250 Build/NRD90U|UNK|chrome 63.0 for android|UNK,LG-M250 Build/NRD90U,,chrome 63.0 for android,
Nexus|Android 8.1.0|chrome 63.0 for android|2562x1442,Nexus,Android 8.1.0,chrome 63.0 for android,2562x1442
Z956 Build/MMB29M|Android 6.0.1|chrome 62.0 for android|1280x720,Z956 Build/MMB29M,Android 6.0.1,chrome 62.0 for android,1280x720
iOS Device|iOS 11.2.1|mobile safari generic|2732x2048,iOS Device,iOS 11.2.1,mobile safari generic,2732x2048
iOS Device|iOS 11.2.1|chrome 63.0 for ios|2732x2048,iOS Device,iOS 11.2.1,chrome 63.0 for ios,2732x2048
SM-T230NU Build/KOT49H|Android 4.4.2|chrome 63.0 for android|UNK,SM-T230NU Build/KOT49H,Android 4.4.2,chrome 63.0 for android,
LG-K371|Android 7.0|firefox|1188x720,LG-K371,Android 7.0,firefox,1188x720
rv:47.0|Mac OS X 10.10|firefox 47.0|2560x1600,rv:47.0,Mac OS X 10.10,firefox 47.0,2560x1600
VS880|Android 5.1.1|chrome 59.0 for android|1280x720,VS880,Android 5.1.1,chrome 59.0 for android,1280x720
SAMSUNG SM-G920F Build/NRD90M|Android 7.0|samsung browser 6.2|2560x1440,SAMSUNG SM-G920F Build/NRD90M,Android 7.0,samsung browser 6.2,2560x1440
Windows|Windows 10|chrome 63.0|2880x1620,Windows,Windows 10,chrome 63.0,2880x1620
rv:51.0|Windows 8.1|firefox|1920x1080,rv:51.0,Windows 8.1,firefox,1920x1080
5049W Build/NRD90M|Android 7.0|chrome 62.0 for android|1280x720,5049W Build/NRD90M,Android 7.0,chrome 62.0 for android,1280x720
Windows|Windows XP|chrome 49.0|1600x900,Windows,Windows XP,chrome 49.0,1600x900
Windows|Windows 8.1|chrome 56.0|1280x768,Windows,Windows 8.1,chrome 56.0,1280x768
HUAWEI RIO-L03 Build/HUAWEIRIO-L03|UNK|chrome 63.0 for android|UNK,HUAWEI RIO-L03 Build/HUAWEIRIO-L03,,chrome 63.0 for android,
Windows|Windows 8.1|chrome 59.0|1366x768,Windows,Windows 8.1,chrome 59.0,1366x768
LG-H918 Build/NRD90M|UNK|chrome 63.0 for android|UNK,LG-H918 Build/NRD90M,,chrome 63.0 for android,
Trident/7.0|Windows 8.1|ie 11.0 for desktop|1024x768,Trident/7.0,Windows 8.1,ie 11.0 for desktop,1024x768
SM-G930P Build/NRD90M|UNK|chrome 63.0 for android|UNK,SM-G930P Build/NRD90M,,chrome 63.0 for android,
XT1032 Build/LPBS23.13-56-2|UNK|chrome|UNK,XT1032 Build/LPBS23.13-56-2,,chrome,
Z956 Build/MMB29M|Android 6.0.1|chrome 63.0 for android|1280x720,Z956 Build/MMB29M,Android 6.0.1,chrome 63.0 for android,1280x720
SM-G935T Build/NRD90M|Android 7.0|chrome 62.0 for android|2560x1440,SM-G935T Build/NRD90M,Android 7.0,chrome 62.0 for android,2560x1440
MacOS|Mac|chrome 63.0|5120x2880,MacOS,Mac,chrome 63.0,5120x2880
rv:57.0|Android 6.0.1|firefox|1232x800,rv:57.0,Android 6.0.1,firefox,1232x800
MacOS|Mac OS X 10_8_5|chrome 49.0|2560x1440,MacOS,Mac OS X 10_8_5,chrome 49.0,2560x1440
Windows|Windows 8.1|firefox 52.0|1920x1080,Windows,Windows 8.1,firefox 52.0,1920x1080
BLA-L29 Build/HUAWEIBLA-L29|UNK|chrome 63.0 for android|UNK,BLA-L29 Build/HUAWEIBLA-L29,,chrome 63.0 for android,
5057M|UNK|chrome 63.0 for android|UNK,5057M,,chrome 63.0 for android,
LG-H500 Build/LRX21Y|UNK|chrome 63.0 for android|UNK,LG-H500 Build/LRX21Y,,chrome 63.0 for android,
Windows|Windows 10|chrome generic|1920x1080,Windows,Windows 10,chrome generic,1920x1080
K88|Android 7.1.1|chrome 56.0 for android|UNK,K88,Android 7.1.1,chrome 56.0 for android,
Windows|Windows 10|chrome 63.0|1920x1280,Windows,Windows 10,chrome 63.0,1920x1280
Linux x86_64|Linux|firefox|1024x768,Linux x86_64,Linux,firefox,1024x768
Windows|Windows 8.1|firefox 57.0|1600x1200,Windows,Windows 8.1,firefox 57.0,1600x1200
Blade A460 Build/LMY47O|UNK|chrome 62.0 for android|UNK,Blade A460 Build/LMY47O,,chrome 62.0 for android,
C6743 Build/LMY47V|Android 5.1.1|android browser 4.0|960x540,C6743 Build/LMY47V,Android 5.1.1,android browser 4.0,960x540
5054S Build/LMY47V|UNK|chrome 62.0 for android|UNK,5054S Build/LMY47V,,chrome 62.0 for android,
Windows|Windows 7|chrome 62.0|1264x924,Windows,Windows 7,chrome 62.0,1264x924
BLU LIFE XL Build/L050U|UNK|chrome 62.0 for android|UNK,BLU LIFE XL Build/L050U,,chrome 62.0 for android,
Windows|Windows 10|opera 49.0|1600x900,Windows,Windows 10,opera 49.0,1600x900
Coolpad|Android 7.1.1|chrome 62.0 for android|855x480,Coolpad,Android 7.1.1,chrome 62.0 for android,855x480
MacOS|Mac|chrome 61.0|1440x900,MacOS,Mac,chrome 61.0,1440x900
MacOS|Mac OS X 10_12_5|chrome 61.0|1366x768,MacOS,Mac OS X 10_12_5,chrome 61.0,1366x768
MacOS|Mac|chrome 63.0|2560x1600,MacOS,Mac,chrome 63.0,2560x1600
M4 SS4457 Build/MRA58K|UNK|chrome 63.0 for android|UNK,M4 SS4457 Build/MRA58K,,chrome 63.0 for android,
XT1635-01 Build/NDNS26.118-23-12-3|Android 7.1.1|chrome 63.0 for android|UNK,XT1635-01 Build/NDNS26.118-23-12-3,Android 7.1.1,chrome 63.0 for android,
MacOS|Mac|chrome 63.0|1366x768,MacOS,Mac,chrome 63.0,1366x768
Windows|Windows 7|ie 11.0 for desktop|1536x864,Windows,Windows 7,ie 11.0 for desktop,1536x864
Windows|Windows 7|chrome|1920x1200,Windows,Windows 7,chrome,1920x1200
Vivo|Android 6.0|chrome 63.0 for android|1280x720,Vivo,Android 6.0,chrome 63.0 for android,1280x720
Windows|Windows 10|chrome 57.0|2049x1152,Windows,Windows 10,chrome 57.0,2049x1152
MacOS|Mac OS X 10_10_5|chrome 63.0|1366x768,MacOS,Mac OS X 10_10_5,chrome 63.0,1366x768
SM-G930T1|Android 7.0|chrome 63.0 for android|1920x1080,SM-G930T1,Android 7.0,chrome 63.0 for android,1920x1080
MacOS|Mac OS X 10_11_6|chrome 63.0|1920x1200,MacOS,Mac OS X 10_11_6,chrome 63.0,1920x1200
Windows|Windows 7|chrome 63.0|1400x900,Windows,Windows 7,chrome 63.0,1400x900
UNK|func|safari generic|2560x1600,,func,safari generic,2560x1600
SM-A510M Build/NRD90M|UNK|chrome 63.0 for android|UNK,SM-A510M Build/NRD90M,,chrome 63.0 for android,
Windows|Windows 7|chrome 59.0|1920x1200,Windows,Windows 7,chrome 59.0,1920x1200
Windows|Windows 10|edge 14.0|3200x1800,Windows,Windows 10,edge 14.0,3200x1800
2PZC5|Android 7.1.1|chrome 63.0 for android|2560x1440,2PZC5,Android 7.1.1,chrome 63.0 for android,2560x1440
SM-T113 Build/KTU84P|UNK|chrome 63.0 for android|UNK,SM-T113 Build/KTU84P,,chrome 63.0 for android,
Windows|Windows 8|chrome|1680x1050,Windows,Windows 8,chrome,1680x1050
SAMSUNG|Android 5.1.1|chrome generic|2560x1440,SAMSUNG,Android 5.1.1,chrome generic,2560x1440
SAMSUNG-SM-G900A Build/LMY47X|Android 5.1.1|chrome 63.0 for android|1920x1080,SAMSUNG-SM-G900A Build/LMY47X,Android 5.1.1,chrome 63.0 for android,1920x1080
D5306 Build/19.4.A.0.182|UNK|chrome 60.0 for android|UNK,D5306 Build/19.4.A.0.182,,chrome 60.0 for android,
Windows|Windows 10|chrome 63.0|3240x2160,Windows,Windows 10,chrome 63.0,3240x2160
SM-G950U Build/NRD90M|Android 7.0|chrome 60.0 for android|2960x1440,SM-G950U Build/NRD90M,Android 7.0,chrome 60.0 for android,2960x1440
ATT|Windows 7|ie 11.0 for desktop|UNK,ATT,Windows 7,ie 11.0 for desktop,
rv:51.0|Windows XP|firefox|1600x900,rv:51.0,Windows XP,firefox,1600x900
HTC Desire 530 Build/MMB29M|UNK|chrome 58.0 for android|UNK,HTC Desire 530 Build/MMB29M,,chrome 58.0 for android,
rv:55.0|Mac OS X 10.10|firefox 55.0|1440x900,rv:55.0,Mac OS X 10.10,firefox 55.0,1440x900
MacOS|Mac OS X 10_13_1|safari generic|1024x640,MacOS,Mac OS X 10_13_1,safari generic,1024x640
SM-T700 Build/MMB29K|Android 6.0.1|chrome 52.0 for android|2560x1600,SM-T700 Build/MMB29K,Android 6.0.1,chrome 52.0 for android,2560x1600
LG-LS997 Build/NRD90M|Android 7.0|chrome 63.0 for android|UNK,LG-LS997 Build/NRD90M,Android 7.0,chrome 63.0 for android,
MacOS|Mac OS X 10_12_1|chrome 63.0|1440x900,MacOS,Mac OS X 10_12_1,chrome 63.0,1440x900
Windows|Windows 7|firefox 57.0|3440x1440,Windows,Windows 7,firefox 57.0,3440x1440
Studio|Android 6.0|chrome 63.0 for android|1280x720,Studio,Android 6.0,chrome 63.0 for android,1280x720
Windows|Windows 10|edge 15.0|3000x2000,Windows,Windows 10,edge 15.0,3000x2000
Trident/7.0|Windows 10|ie 11.0 for desktop|1768x992,Trident/7.0,Windows 10,ie 11.0 for desktop,1768x992
Windows|Windows 8.1|chrome 63.0|2304x1296,Windows,Windows 8.1,chrome 63.0,2304x1296
Android 5.1|UNK|android browser 4.0|UNK,Android 5.1,,android browser 4.0,
Z981 Build/MMB29M|Android 6.0.1|chrome 60.0 for android|1920x1080,Z981 Build/MMB29M,Android 6.0.1,chrome 60.0 for android,1920x1080
SM-T580 Build/NRD90M|UNK|chrome 56.0 for android|UNK,SM-T580 Build/NRD90M,,chrome 56.0 for android,
Z959 Build/LMY47V|Android 5.1.1|chrome 57.0 for android|1280x720,Z959 Build/LMY47V,Android 5.1.1,chrome 57.0 for android,1280x720
SM-G900F Build/MMB29M|UNK|chrome 63.0 for android|UNK,SM-G900F Build/MMB29M,,chrome 63.0 for android,
MacOS|Mac OS X 10_10_5|opera 49.0|1280x800,MacOS,Mac OS X 10_10_5,opera 49.0,1280x800
MacOS|Mac OS X 10_13_2|chrome 63.0|3440x1440,MacOS,Mac OS X 10_13_2,chrome 63.0,3440x1440
iOS Device|iOS 11.2.1|chrome 62.0 for ios|2732x2048,iOS Device,iOS 11.2.1,chrome 62.0 for ios,2732x2048
ZTE BLADE A321 Build/NMF26F|UNK|chrome 63.0 for android|UNK,ZTE BLADE A321 Build/NMF26F,,chrome 63.0 for android,
MacOS|Mac OS X 10_13_2|chrome 63.0|UNK,MacOS,Mac OS X 10_13_2,chrome 63.0,
Windows|Windows 10|chrome 57.0|1920x1200,Windows,Windows 10,chrome 57.0,1920x1200
rv:47.0|Windows XP|firefox 47.0|1600x900,rv:47.0,Windows XP,firefox 47.0,1600x900
Windows|Windows 8.1|chrome 63.0|3441x1440,Windows,Windows 8.1,chrome 63.0,3441x1440
iOS Device|iOS 11.2.5|mobile safari 11.0|2001x1125,iOS Device,iOS 11.2.5,mobile safari 11.0,2001x1125
MacOS|Mac OS X 10_12_5|chrome 60.0|3360x2100,MacOS,Mac OS X 10_12_5,chrome 60.0,3360x2100
rv:52.0|Windows Vista|firefox 52.0|1280x1024,rv:52.0,Windows Vista,firefox 52.0,1280x1024
MacOS|Mac OS X 10_11_3|chrome 63.0|1280x800,MacOS,Mac OS X 10_11_3,chrome 63.0,1280x800
Nexus|Android 4.4.2|chrome 63.0 for android|1920x1200,Nexus,Android 4.4.2,chrome 63.0 for android,1920x1200
SM-G950U1 Build/NRD90M|Android 7.0|chrome 58.0 for android|UNK,SM-G950U1 Build/NRD90M,Android 7.0,chrome 58.0 for android,
MacOS|Mac OS X 10_13_2|safari generic|2048x1152,MacOS,Mac OS X 10_13_2,safari generic,2048x1152
SAMSUNG SM-G570M Build/MMB29K|UNK|samsung browser 4.0|UNK,SAMSUNG SM-G570M Build/MMB29K,,samsung browser 4.0,
SM-N950U1 Build/NMF26X|Android 7.1.1|chrome 63.0 for android|2961x1440,SM-N950U1 Build/NMF26X,Android 7.1.1,chrome 63.0 for android,2961x1440
MacOS|Mac OS X 10_11_4|safari generic|2880x1800,MacOS,Mac OS X 10_11_4,safari generic,2880x1800
SM-G930V Build/NRD90M|Android 7.0|android webview 4.0|1920x1080,SM-G930V Build/NRD90M,Android 7.0,android webview 4.0,1920x1080
Redmi|UNK|chrome 62.0 for android|UNK,Redmi,,chrome 62.0 for android,
Windows|Windows 8.1|chrome|1366x768,Windows,Windows 8.1,chrome,1366x768
MacOS|Mac|chrome 62.0|1920x1080,MacOS,Mac,chrome 62.0,1920x1080
SM-J111M Build/LMY47V|UNK|chrome 57.0 for android|UNK,SM-J111M Build/LMY47V,,chrome 57.0 for android,
iOS Device|iOS 11.0.2|chrome 63.0 for ios|2048x1536,iOS Device,iOS 11.0.2,chrome 63.0 for ios,2048x1536
HTC6535LVW|Android 7.0|chrome 63.0 for android|1920x1080,HTC6535LVW,Android 7.0,chrome 63.0 for android,1920x1080
SM-J700M Build/LMY48B|UNK|chrome 59.0 for android|UNK,SM-J700M Build/LMY48B,,chrome 59.0 for android,
HUAWEI CUN-L03 Build/HUAWEICUN-L03|UNK|chrome 63.0 for android|UNK,HUAWEI CUN-L03 Build/HUAWEICUN-L03,,chrome 63.0 for android,
MotoG3 Build/MPI24.65-25|UNK|chrome 60.0 for android|UNK,MotoG3 Build/MPI24.65-25,,chrome 60.0 for android,
HTC Desire 626s Build/LMY47O|UNK|chrome 63.0 for android|UNK,HTC Desire 626s Build/LMY47O,,chrome 63.0 for android,
LG-X165g Build/LRX21M|UNK|chrome 62.0 for android|UNK,LG-X165g Build/LRX21M,,chrome 62.0 for android,
SM-T113NU Build/KTU84P|UNK|chrome 63.0 for android|UNK,SM-T113NU Build/KTU84P,,chrome 63.0 for android,
rv:48.0|Mac|firefox 48.0|1920x1200,rv:48.0,Mac,firefox 48.0,1920x1200
LG-X230 Build/MRA58K|UNK|chrome 63.0 for android|UNK,LG-X230 Build/MRA58K,,chrome 63.0 for android,
MacOS|Mac OS X 10_11_4|chrome 63.0|1280x800,MacOS,Mac OS X 10_11_4,chrome 63.0,1280x800
Y635-L03 Build/HuaweiY635-L03|UNK|chrome 61.0 for android|UNK,Y635-L03 Build/HuaweiY635-L03,,chrome 61.0 for android,
SM-J327T Build/NRD90M|Android 7.0|chrome 61.0 for android|1280x720,SM-J327T Build/NRD90M,Android 7.0,chrome 61.0 for android,1280x720
MacOS|Mac OS X 10_11_6|chrome 58.0|1280x800,MacOS,Mac OS X 10_11_6,chrome 58.0,1280x800
SLAY|UNK|android webview 4.0|UNK,SLAY,,android webview 4.0,
orbis|UNK|chrome 63.0 for android|UNK,orbis,,chrome 63.0 for android,
SAMSUNG-SM-J320A Build/MMB29K|UNK|chrome 63.0 for android|UNK,SAMSUNG-SM-J320A Build/MMB29K,,chrome 63.0 for android,
LG-H420 Build/LRX21Y|UNK|chrome 49.0 for android|UNK,LG-H420 Build/LRX21Y,,chrome 49.0 for android,
2PYB2|Android 7.0|chrome 63.0 for android|1920x1080,2PYB2,Android 7.0,chrome 63.0 for android,1920x1080
SM-A300H Build/LRX22G|UNK|chrome generic|UNK,SM-A300H Build/LRX22G,,chrome generic,
rv:48.0|Mac|firefox 48.0|1366x768,rv:48.0,Mac,firefox 48.0,1366x768
Hisense L675 Build/MRA58K|UNK|chrome 62.0 for android|UNK,Hisense L675 Build/MRA58K,,chrome 62.0 for android,
LG-D680 Build/KOT49I|UNK|chrome 61.0 for android|UNK,LG-D680 Build/KOT49I,,chrome 61.0 for android,
HTC Desire 650 Build/MMB29M|UNK|chrome 61.0 for android|UNK,HTC Desire 650 Build/MMB29M,,chrome 61.0 for android,
SAMSUNG SM-G925I Build/NRD90M|UNK|samsung browser 6.2|UNK,SAMSUNG SM-G925I Build/NRD90M,,samsung browser 6.2,
S57 Build/KTU84P|UNK|chrome 60.0 for android|UNK,S57 Build/KTU84P,,chrome 60.0 for android,
SAMSUNG SM-A510M Build/NRD90M|UNK|samsung browser 6.2|UNK,SAMSUNG SM-A510M Build/NRD90M,,samsung browser 6.2,
SM-A500M Build/LRX22G|UNK|chrome 63.0 for android|UNK,SM-A500M Build/LRX22G,,chrome 63.0 for android,
SM-T810 Build/NRD90M|UNK|chrome 63.0 for android|UNK,SM-T810 Build/NRD90M,,chrome 63.0 for android,
SAMSUNG SM-J111M Build/LMY47V|UNK|chrome generic|UNK,SAMSUNG SM-J111M Build/LMY47V,,chrome generic,
rv:39.0|Windows 7|firefox|1280x768,rv:39.0,Windows 7,firefox,1280x768
SCH-I545 Build/LRX22C|Android|chrome 63.0 for android|1920x1080,SCH-I545 Build/LRX22C,Android,chrome 63.0 for android,1920x1080
MacOS|Mac OS X 10_10_5|chrome 59.0|1680x1050,MacOS,Mac OS X 10_10_5,chrome 59.0,1680x1050
Windows|Windows 8|chrome 63.0|1280x1024,Windows,Windows 8,chrome 63.0,1280x1024
Windows NT 6.1|Windows 7|ie 11.0 for desktop|1422x889,Windows NT 6.1,Windows 7,ie 11.0 for desktop,1422x889
LG-H345|UNK|chrome 61.0 for android|UNK,LG-H345,,chrome 61.0 for android,
Lenovo|UNK|chrome 63.0 for android|UNK,Lenovo,,chrome 63.0 for android,
Windows|Windows 8.1|chrome 63.0|1920x1200,Windows,Windows 8.1,chrome 63.0,1920x1200
SM-S907VL|UNK|chrome 59.0 for android|UNK,SM-S907VL,,chrome 59.0 for android,
MacOS|Mac OS X 10_10_5|safari generic|3360x2100,MacOS,Mac OS X 10_10_5,safari generic,3360x2100
SAMSUNG-SM-G870A|Android 5.1.1|chrome generic|1920x1080,SAMSUNG-SM-G870A,Android 5.1.1,chrome generic,1920x1080
MacOS|Mac OS X 10_11_4|safari generic|1152x720,MacOS,Mac OS X 10_11_4,safari generic,1152x720
MacOS|Mac|safari|1280x800,MacOS,Mac,safari,1280x800
rv:48.0|Mac|firefox 48.0|2560x1440,rv:48.0,Mac,firefox 48.0,2560x1440
LG-H542 Build/MRA58K|UNK|chrome 58.0 for android|UNK,LG-H542 Build/MRA58K,,chrome 58.0 for android,
rv:50.0|Windows 10|firefox|1680x1050,rv:50.0,Windows 10,firefox,1680x1050
LG-D693n Build/LRX22G|UNK|chrome 53.0 for android|UNK,LG-D693n Build/LRX22G,,chrome 53.0 for android,
SM-J727VPP Build/NRD90M|UNK|chrome 63.0 for android|UNK,SM-J727VPP Build/NRD90M,,chrome 63.0 for android,
rv:57.0|Windows 8|firefox 57.0|1920x1080,rv:57.0,Windows 8,firefox 57.0,1920x1080
rv:56.0|Windows 7|firefox 56.0|UNK,rv:56.0,Windows 7,firefox 56.0,
F3213 Build/36.1.A.1.86|UNK|chrome 58.0 for android|UNK,F3213 Build/36.1.A.1.86,,chrome 58.0 for android,
MacOS|Mac OS X 10_12_6|chrome 63.0|1600x900,MacOS,Mac OS X 10_12_6,chrome 63.0,1600x900
LG-D331 Build/LRX22G|UNK|chrome 58.0 for android|UNK,LG-D331 Build/LRX22G,,chrome 58.0 for android,
LGL58VL|Android 6.0.1|chrome 62.0 for android|855x480,LGL58VL,Android 6.0.1,chrome 62.0 for android,855x480
Windows|Windows Vista|opera|1024x768,Windows,Windows Vista,opera,1024x768
Windows|Windows 7|chrome 63.0|1848x1155,Windows,Windows 7,chrome 63.0,1848x1155
SM-G920T Build/NRD90M|Android 7.0|chrome 63.0 for android|2560x1440,SM-G920T Build/NRD90M,Android 7.0,chrome 63.0 for android,2560x1440
CAM-L03 Build/HUAWEICAM-L03|UNK|chrome 61.0 for android|UNK,CAM-L03 Build/HUAWEICAM-L03,,chrome 61.0 for android,
Blade L2 Plus Build/KOT49H|UNK|chrome 61.0 for android|UNK,Blade L2 Plus Build/KOT49H,,chrome 61.0 for android,
MacOS|Mac OS X 10_10_5|chrome 63.0|1360x768,MacOS,Mac OS X 10_10_5,chrome 63.0,1360x768
Windows|Windows 7|chrome 55.0|1680x1050,Windows,Windows 7,chrome 55.0,1680x1050
Trident/7.0|Windows 7|ie 11.0 for desktop|3360x1050,Trident/7.0,Windows 7,ie 11.0 for desktop,3360x1050
rv:55.0|Mac OS X 10.11|firefox 55.0|1920x1200,rv:55.0,Mac OS X 10.11,firefox 55.0,1920x1200
Windows|Windows 10|ie 11.0 for desktop|1920x1200,Windows,Windows 10,ie 11.0 for desktop,1920x1200
SAMSUNG SM-P580 Build/NRD90M|UNK|samsung browser 6.2|UNK,SAMSUNG SM-P580 Build/NRD90M,,samsung browser 6.2,
Windows|Windows 10|edge 13.0|1360x768,Windows,Windows 10,edge 13.0,1360x768
MacOS|Mac OS X 10_12_3|safari generic|1366x768,MacOS,Mac OS X 10_12_3,safari generic,1366x768
9003A Build/MRA58K|UNK|chrome 61.0 for android|UNK,9003A Build/MRA58K,,chrome 61.0 for android,
rv:57.0|Windows 10|firefox|2560x1440,rv:57.0,Windows 10,firefox,2560x1440
Windows|Windows 7|chrome 63.0|3840x1080,Windows,Windows 7,chrome 63.0,3840x1080
MacOS|Mac OS X 10_11_3|safari generic|5120x2880,MacOS,Mac OS X 10_11_3,safari generic,5120x2880
MacOS|Mac|chrome 63.0|1280x800,MacOS,Mac,chrome 63.0,1280x800
MacOS|Mac OS X 10_12_6|chrome 63.0|2048x1152,MacOS,Mac OS X 10_12_6,chrome 63.0,2048x1152
Nexus|Android 7.1.1|chrome 63.0 for android|UNK,Nexus,Android 7.1.1,chrome 63.0 for android,
es-mx|UNK|android browser 4.0|UNK,es-mx,,android browser 4.0,
rv:57.0|Android|firefox|1920x1080,rv:57.0,Android,firefox,1920x1080
HUAWEI NXT-L09 Build/HUAWEINXT-L09|UNK|chrome 63.0 for android|UNK,HUAWEI NXT-L09 Build/HUAWEINXT-L09,,chrome 63.0 for android,
Moto G (5) Plus Build/NPN25.137-82|UNK|chrome generic|UNK,Moto G (5) Plus Build/NPN25.137-82,,chrome generic,
SM-T230 Build/KOT49H|UNK|chrome 63.0 for android|UNK,SM-T230 Build/KOT49H,,chrome 63.0 for android,
MacOS|Mac OS X 10_9_5|chrome 63.0|1024x640,MacOS,Mac OS X 10_9_5,chrome 63.0,1024x640
Trident/7.0|Windows 10|ie 11.0 for desktop|3840x2160,Trident/7.0,Windows 10,ie 11.0 for desktop,3840x2160
iOS Device|iOS 11.2.0|other|2732x2048,iOS Device,iOS 11.2.0,other,2732x2048
SM-G955U Build/NRD90M|Android 7.0|chrome 63.0 for android|2010x1080,SM-G955U Build/NRD90M,Android 7.0,chrome 63.0 for android,2010x1080
iOS Device|iOS 11.2.1|chrome 63.0 for ios|2224x1668,iOS Device,iOS 11.2.1,chrome 63.0 for ios,2224x1668
SM-T113NU Build/KTU84P|UNK|chrome 46.0 for android|UNK,SM-T113NU Build/KTU84P,,chrome 46.0 for android,
LG-M400 Build/NRD90U|UNK|chrome 62.0 for android|UNK,LG-M400 Build/NRD90U,,chrome 62.0 for android,
rv:45.0|Windows 10|firefox|2160x1350,rv:45.0,Windows 10,firefox,2160x1350
SM-G531H Build/LMY48B|UNK|chrome 56.0 for android|UNK,SM-G531H Build/LMY48B,,chrome 56.0 for android,
XT1058|UNK|chrome 63.0 for android|UNK,XT1058,,chrome 63.0 for android,
HTC6525LVW|Android 6.0|android webview 4.0|1920x1080,HTC6525LVW,Android 6.0,android webview 4.0,1920x1080
FRD-L14 Build/HUAWEIFRD-L14|Android 7.0|chrome 63.0 for android|1920x1080,FRD-L14 Build/HUAWEIFRD-L14,Android 7.0,chrome 63.0 for android,1920x1080
Windows|Windows XP|chrome 49.0|1680x1050,Windows,Windows XP,chrome 49.0,1680x1050
Windows|Windows 10|edge|UNK,Windows,Windows 10,edge,
HTC One Build/LRX22G|UNK|chrome 60.0 for android|UNK,HTC One Build/LRX22G,,chrome 60.0 for android,
SM-G900V Build/MMB29M|Android 6.0.1|chrome 60.0 for android|1920x1080,SM-G900V Build/MMB29M,Android 6.0.1,chrome 60.0 for android,1920x1080
XT1096|Android|chrome 63.0 for android|1920x1080,XT1096,Android,chrome 63.0 for android,1920x1080
Windows|Windows 7|opera 49.0|1280x800,Windows,Windows 7,opera 49.0,1280x800
QwestIE8|Windows 7|ie 11.0 for desktop|1280x800,QwestIE8,Windows 7,ie 11.0 for desktop,1280x800
SM-T713 Build/NRD90M|UNK|chrome 59.0 for android|UNK,SM-T713 Build/NRD90M,,chrome 59.0 for android,
MacOS|Mac OS X 10_11_5|safari generic|5120x2880,MacOS,Mac OS X 10_11_5,safari generic,5120x2880
iOS Device|iOS 10.3.2|mobile safari generic|2208x1242,iOS Device,iOS 10.3.2,mobile safari generic,2208x1242
E6810 Build/5.320VZ.03.r|Android 7.1.2|chrome 63.0 for android|1920x1080,E6810 Build/5.320VZ.03.r,Android 7.1.2,chrome 63.0 for android,1920x1080
Windows NT 6.1|Windows 7|ie|1440x900,Windows NT 6.1,Windows 7,ie,1440x900
SM-G550T Build/MMB29K|Android 6.0.1|chrome 63.0 for android|1280x720,SM-G550T Build/MMB29K,Android 6.0.1,chrome 63.0 for android,1280x720
SAMSUNG-SM-T817A|Android 7.0|chrome 63.0 for android|2048x1536,SAMSUNG-SM-T817A,Android 7.0,chrome 63.0 for android,2048x1536
ASUS|Android 5.1.1|android browser 4.0|UNK,ASUS,Android 5.1.1,android browser 4.0,
LG-D331|UNK|chrome 60.0 for android|UNK,LG-D331,,chrome 60.0 for android,
Windows|Windows 7|UNK|1920x1080,Windows,Windows 7,,1920x1080
Windows|Windows 7|chrome 63.0|2560x1080,Windows,Windows 7,chrome 63.0,2560x1080
GT-I9060M Build/KTU84P|UNK|chrome 59.0 for android|UNK,GT-I9060M Build/KTU84P,,chrome 59.0 for android,
2PZC5|Android 7.1.1|chrome 63.0 for android|UNK,2PZC5,Android 7.1.1,chrome 63.0 for android,
SM-G930V Build/NRD90M|Android 7.0|opera|2560x1440,SM-G930V Build/NRD90M,Android 7.0,opera,2560x1440
Windows|Windows 10|chrome 63.0|2880x1800,Windows,Windows 10,chrome 63.0,2880x1800
Windows|Windows 8.1|chrome|1920x1080,Windows,Windows 8.1,chrome,1920x1080
SM-T350 Build/NMF26X|Android 7.1.1|chrome 63.0 for android|1024x768,SM-T350 Build/NMF26X,Android 7.1.1,chrome 63.0 for android,1024x768
MacOS|Mac OS X 10_12_1|chrome 61.0|1920x1080,MacOS,Mac OS X 10_12_1,chrome 61.0,1920x1080
LG-M255|Android 7.0|chrome 61.0 for android|1280x720,LG-M255,Android 7.0,chrome 61.0 for android,1280x720
Z835 Build/NMF26V|UNK|other|UNK,Z835 Build/NMF26V,,other,
rv:44.0|Windows 7|firefox|1366x768,rv:44.0,Windows 7,firefox,1366x768
Windows|Windows 10|edge 16.0|3240x2160,Windows,Windows 10,edge 16.0,3240x2160
BLU|Android 5.0|chrome 62.0 for android|1280x720,BLU,Android 5.0,chrome 62.0 for android,1280x720
Windows|Windows 10|firefox|1920x1080,Windows,Windows 10,firefox,1920x1080
SM-J100VPP Build/LMY48B|Android 5.1.1|chrome 61.0 for android|801x480,SM-J100VPP Build/LMY48B,Android 5.1.1,chrome 61.0 for android,801x480
iOS Device|iOS 11.2.1|mobile safari generic|2224x1668,iOS Device,iOS 11.2.1,mobile safari generic,2224x1668
Windows|Windows 7|firefox 57.0|3200x1800,Windows,Windows 7,firefox 57.0,3200x1800
MacOS|Mac OS X 10_11_6|chrome 63.0|1680x1050,MacOS,Mac OS X 10_11_6,chrome 63.0,1680x1050
SM-G928F|UNK|chrome 63.0 for android|UNK,SM-G928F,,chrome 63.0 for android,
verykoolS5525|UNK|android webview 4.0|UNK,verykoolS5525,,android webview 4.0,
MacOS|Mac OS X 10_9_5|chrome 63.0|2880x1800,MacOS,Mac OS X 10_9_5,chrome 63.0,2880x1800
HUAWEI Y560-L03 Build/HUAWEIY560-L03|UNK|chrome 43.0 for android|UNK,HUAWEI Y560-L03 Build/HUAWEIY560-L03,,chrome 43.0 for android,
LG-LS998|Android 7.1.2|chrome 63.0 for android|1440x720,LG-LS998,Android 7.1.2,chrome 63.0 for android,1440x720
UNK|Android|chrome 61.0|960x540,,Android,chrome 61.0,960x540
XT1580|UNK|chrome 56.0 for android|UNK,XT1580,,chrome 56.0 for android,
SM-T230NU Build/KOT49H|UNK|chrome 63.0 for android|UNK,SM-T230NU Build/KOT49H,,chrome 63.0 for android,
iOS Device|iOS|mobile safari 9.0|2208x1242,iOS Device,iOS,mobile safari 9.0,2208x1242
Windows|other|edge 16.0|3840x2160,Windows,other,edge 16.0,3840x2160
rv:48.0|Mac OS X 10.12|firefox 48.0|1280x800,rv:48.0,Mac OS X 10.12,firefox 48.0,1280x800
HUAWEI TAG-L13 Build/HUAWEITAG-L13|UNK|chrome 63.0 for android|UNK,HUAWEI TAG-L13 Build/HUAWEITAG-L13,,chrome 63.0 for android,
XT1563 Build/MPDS24.107-52-5|UNK|chrome 62.0 for android|UNK,XT1563 Build/MPDS24.107-52-5,,chrome 62.0 for android,
KFSOWI|Android|chrome generic|1281x801,KFSOWI,Android,chrome generic,1281x801
MacOS|Mac OS X 10_12_1|safari generic|5120x2880,MacOS,Mac OS X 10_12_1,safari generic,5120x2880
MacOS|Mac OS X 10_12_4|safari generic|4096x2304,MacOS,Mac OS X 10_12_4,safari generic,4096x2304
MacOS|Mac OS X 10_12_4|safari generic|5120x2880,MacOS,Mac OS X 10_12_4,safari generic,5120x2880
rv:57.0|Android 7.0|Generic/Android 7.0|2560x1440,rv:57.0,Android 7.0,Generic/Android 7.0,2560x1440
Windows|UNK|firefox|UNK,Windows,,firefox,
Windows|Windows 10|chrome 60.0|2048x1152,Windows,Windows 10,chrome 60.0,2048x1152
LGMP450 Build/NRD90U|Android 7.0|chrome 58.0 for android|1920x1080,LGMP450 Build/NRD90U,Android 7.0,chrome 58.0 for android,1920x1080
SM-N920R4|Android 7.0|chrome 61.0 for android|UNK,SM-N920R4,Android 7.0,chrome 61.0 for android,
MacOS|Mac OS X 10_13_2|safari generic|3840x2160,MacOS,Mac OS X 10_13_2,safari generic,3840x2160
Windows|Windows 7|opera 49.0|1280x1024,Windows,Windows 7,opera 49.0,1280x1024
SM-T550 Build/NMF26X|Android 7.1.1|chrome 63.0 for android|1024x768,SM-T550 Build/NMF26X,Android 7.1.1,chrome 63.0 for android,1024x768
SM-G610M Build/MMB29K|UNK|chrome 57.0 for android|UNK,SM-G610M Build/MMB29K,,chrome 57.0 for android,
SM-P550 Build/NMF26X|Android 7.1.1|chrome 63.0 for android|1024x768,SM-P550 Build/NMF26X,Android 7.1.1,chrome 63.0 for android,1024x768
SM-G935V Build/NRD90M|Android 7.0|chrome 63.0 for android|2560x1440,SM-G935V Build/NRD90M,Android 7.0,chrome 63.0 for android,2560x1440
rv:56.0|Mac OS X 10.10|firefox 56.0|2880x1800,rv:56.0,Mac OS X 10.10,firefox 56.0,2880x1800
SAMSUNG|Android 5.0|chrome generic|1920x1080,SAMSUNG,Android 5.0,chrome generic,1920x1080
SM-S550TL|UNK|chrome 62.0 for android|UNK,SM-S550TL,,chrome 62.0 for android,
MacOS|Mac OS X 10_7_5|chrome 49.0|1600x900,MacOS,Mac OS X 10_7_5,chrome 49.0,1600x900
SM-A520F Build/NRD90M|UNK|chrome 58.0 for android|UNK,SM-A520F Build/NRD90M,,chrome 58.0 for android,
HTC Desire 10 lifestyle Build/MMB29M|UNK|chrome 60.0 for android|UNK,HTC Desire 10 lifestyle Build/MMB29M,,chrome 60.0 for android,
UNK|Linux|chrome|1920x1080,,Linux,chrome,1920x1080
iOS Device|iOS 10.3.2|chrome 63.0 for ios|2048x1536,iOS Device,iOS 10.3.2,chrome 63.0 for ios,2048x1536
MotoG3 Build/MPIS24.65-33.1-2-16|UNK|chrome 63.0 for android|UNK,MotoG3 Build/MPIS24.65-33.1-2-16,,chrome 63.0 for android,
Pixel|UNK|UNK|UNK,Pixel,,,
A621R|Android 5.1.1|chrome 62.0 for android|1280x720,A621R,Android 5.1.1,chrome 62.0 for android,1280x720
Windows NT 6.1|Windows 7|ie|1366x768,Windows NT 6.1,Windows 7,ie,1366x768
MacOS|Mac OS X 10_13_3|chrome 63.0|2560x1440,MacOS,Mac OS X 10_13_3,chrome 63.0,2560x1440
Nexus|Android 7.1.1|chrome 63.0 for android|2562x1442,Nexus,Android 7.1.1,chrome 63.0 for android,2562x1442
MotoG3-TE Build/MPDS24.65-33-1-30|UNK|chrome 63.0 for android|UNK,MotoG3-TE Build/MPDS24.65-33-1-30,,chrome 63.0 for android,
LG-H500 Build/LRX21Y|UNK|chrome generic|UNK,LG-H500 Build/LRX21Y,,chrome generic,
Windows|Windows 7|chrome 51.0|1600x900,Windows,Windows 7,chrome 51.0,1600x900
MacOS|Mac OS X 10_12_6|chrome 63.0|1680x1050,MacOS,Mac OS X 10_12_6,chrome 63.0,1680x1050
SM-J105B Build/LMY47V|UNK|chrome 50.0 for android|UNK,SM-J105B Build/LMY47V,,chrome 50.0 for android,
ONE TOUCH 4033A Build/JDQ39|UNK|chrome 51.0 for android|UNK,ONE TOUCH 4033A Build/JDQ39,,chrome 51.0 for android,
SM-G900M Build/LRX21T|UNK|chrome 63.0 for android|UNK,SM-G900M Build/LRX21T,,chrome 63.0 for android,
Moto C Plus Build/NRD90M.05.022|UNK|chrome 63.0 for android|UNK,Moto C Plus Build/NRD90M.05.022,,chrome 63.0 for android,
E2306 Build/26.1.A.3.111|UNK|chrome generic|UNK,E2306 Build/26.1.A.3.111,,chrome generic,
SAMSUNG SM-N950F Build/NMF26X|UNK|samsung browser 6.2|UNK,SAMSUNG SM-N950F Build/NMF26X,,samsung browser 6.2,
SAMSUNG SM-G610M Build/MMB29K|UNK|samsung browser 4.0|UNK,SAMSUNG SM-G610M Build/MMB29K,,samsung browser 4.0,
SM-G925V Build/NRD90M|UNK|chrome 63.0 for android|UNK,SM-G925V Build/NRD90M,,chrome 63.0 for android,
rv:54.0|Mac OS X 10.12|firefox|1920x1080,rv:54.0,Mac OS X 10.12,firefox,1920x1080
rv:58.0|Mac OS X 10.11|firefox generic|2560x1600,rv:58.0,Mac OS X 10.11,firefox generic,2560x1600
rv:52.0|Mac OS X 10.13|firefox 52.0|1440x900,rv:52.0,Mac OS X 10.13,firefox 52.0,1440x900
UNK|Linux|UNK|1536x864,,Linux,,1536x864
LG-X230 Build/MRA58K|UNK|chrome 61.0 for android|UNK,LG-X230 Build/MRA58K,,chrome 61.0 for android,
rv:57.0|Mac OS X 10.9|firefox 57.0|2880x1800,rv:57.0,Mac OS X 10.9,firefox 57.0,2880x1800
LG-H810/H81022f|Android 6.0|android webview 4.0|2560x1440,LG-H810/H81022f,Android 6.0,android webview 4.0,2560x1440
SM-G935T Build/NRD90M|Android 7.0|chrome 63.0 for android|2562x1442,SM-G935T Build/NRD90M,Android 7.0,chrome 63.0 for android,2562x1442
F5121 Build/34.3.A.0.252|UNK|chrome 63.0 for android|UNK,F5121 Build/34.3.A.0.252,,chrome 63.0 for android,
MacOS|Mac OS X 10_11_4|safari generic|1280x800,MacOS,Mac OS X 10_11_4,safari generic,1280x800
SAMSUNG|Android 7.1.1|samsung browser 6.2|1024x768,SAMSUNG,Android 7.1.1,samsung browser 6.2,1024x768
Windows|Windows Vista|chrome 49.0|1400x1050,Windows,Windows Vista,chrome 49.0,1400x1050
SGH-M919N|Android|chrome 63.0 for android|1920x1080,SGH-M919N,Android,chrome 63.0 for android,1920x1080
SM-G360V Build/LMY48B|Android 5.1.1|chrome 57.0 for android|801x480,SM-G360V Build/LMY48B,Android 5.1.1,chrome 57.0 for android,801x480
XT1650 Build/NCLS26.118-23-13-3|Android 7.1.1|chrome 58.0 for android|2560x1440,XT1650 Build/NCLS26.118-23-13-3,Android 7.1.1,chrome 58.0 for android,2560x1440
Blade V6 Plus Build/MRA58K|UNK|chrome 61.0 for android|UNK,Blade V6 Plus Build/MRA58K,,chrome 61.0 for android,
Windows|Windows XP|chrome 49.0|UNK,Windows,Windows XP,chrome 49.0,
SM-G955U Build/NRD90M|UNK|chrome 63.0 for android|UNK,SM-G955U Build/NRD90M,,chrome 63.0 for android,
MacOS|Mac OS X 10_10_5|chrome 63.0|5120x2880,MacOS,Mac OS X 10_10_5,chrome 63.0,5120x2880
H1611|Android 6.0.1|chrome 63.0 for android|1280x720,H1611,Android 6.0.1,chrome 63.0 for android,1280x720
iOS Device|iOS 10.3.1|mobile safari generic|2048x1536,iOS Device,iOS 10.3.1,mobile safari generic,2048x1536
Windows|Windows 7|chrome 63.0|1280x712,Windows,Windows 7,chrome 63.0,1280x712
rv:53.0|Windows 10|firefox|1280x768,rv:53.0,Windows 10,firefox,1280x768
moto x4 Build/NPW26.83-18-2-0-4|UNK|chrome 58.0 for android|UNK,moto x4 Build/NPW26.83-18-2-0-4,,chrome 58.0 for android,
rv:49.0|Linux|firefox|1920x1080,rv:49.0,Linux,firefox,1920x1080
E5606 Build/30.2.A.1.21|UNK|chrome 63.0 for android|UNK,E5606 Build/30.2.A.1.21,,chrome 63.0 for android,
Windows|Windows 7|chrome 63.0|1512x945,Windows,Windows 7,chrome 63.0,1512x945
Windows|Windows 7|chrome 58.0|1680x1050,Windows,Windows 7,chrome 58.0,1680x1050
Windows|Windows 10|edge 15.0|1024x600,Windows,Windows 10,edge 15.0,1024x600
WOW64|Windows 8.1|ie 11.0 for desktop|1440x900,WOW64,Windows 8.1,ie 11.0 for desktop,1440x900
Moto C Plus Build/NRD90M.05.022|UNK|chrome 62.0 for android|UNK,Moto C Plus Build/NRD90M.05.022,,chrome 62.0 for android,
Moto G Play Build/MPIS24.241-15.3-7|UNK|chrome 50.0 for android|UNK,Moto G Play Build/MPIS24.241-15.3-7,,chrome 50.0 for android,
SM-G935V Build/NRD90M|Android 7.0|chrome 62.0 for android|UNK,SM-G935V Build/NRD90M,Android 7.0,chrome 62.0 for android,
SM-T580 Build/NRD90M|Android 7.0|chrome 63.0 for android|1920x1200,SM-T580 Build/NRD90M,Android 7.0,chrome 63.0 for android,1920x1200
Windows|Windows 7|UNK|1024x768,Windows,Windows 7,,1024x768
MacOS|Mac OS X 10_12_3|chrome 63.0|1440x900,MacOS,Mac OS X 10_12_3,chrome 63.0,1440x900
XT1063 Build/MPB24.65-34-3|UNK|chrome 63.0 for android|UNK,XT1063 Build/MPB24.65-34-3,,chrome 63.0 for android,
MacOS|Mac OS X 10_12_2|chrome 63.0|4096x2304,MacOS,Mac OS X 10_12_2,chrome 63.0,4096x2304
QTAIR7 Build/LMY47D|Android|chrome 63.0 for android|1920x1200,QTAIR7 Build/LMY47D,Android,chrome 63.0 for android,1920x1200
Windows|Windows 10|edge 15.0|1400x1050,Windows,Windows 10,edge 15.0,1400x1050
Trident/7.0|Windows 7|ie 11.0 for desktop|1296x774,Trident/7.0,Windows 7,ie 11.0 for desktop,1296x774
LGL52VL Build/LMY47V|Android 5.1.1|other|855x480,LGL52VL Build/LMY47V,Android 5.1.1,other,855x480
Trident/7.0|Windows 8.1|ie 11.0 for desktop|1360x768,Trident/7.0,Windows 8.1,ie 11.0 for desktop,1360x768
MacOS|Mac OS X 10_9_5|chrome 60.0|1280x800,MacOS,Mac OS X 10_9_5,chrome 60.0,1280x800
Windows|Windows 7|chrome 63.0|2400x1350,Windows,Windows 7,chrome 63.0,2400x1350
MacOS|Mac OS X 10_12_3|safari generic|5120x2880,MacOS,Mac OS X 10_12_3,safari generic,5120x2880
MacOS|Mac OS X 10_11_6|chrome 59.0|1280x800,MacOS,Mac OS X 10_11_6,chrome 59.0,1280x800
Windows|Windows 10|waterfox|2560x1600,Windows,Windows 10,waterfox,2560x1600
MacOS|Mac OS X 10_12_5|chrome 62.0|3360x2100,MacOS,Mac OS X 10_12_5,chrome 62.0,3360x2100
MacOS|Mac OS X 10_11_5|chrome 61.0|2560x1600,MacOS,Mac OS X 10_11_5,chrome 61.0,2560x1600
Windows|Windows 7|chrome 56.0|1280x1024,Windows,Windows 7,chrome 56.0,1280x1024
SAMSUNG-SM-G890A Build/NRD90M|Android 7.0|chrome 63.0 for android|2560x1440,SAMSUNG-SM-G890A Build/NRD90M,Android 7.0,chrome 63.0 for android,2560x1440
XT1254 Build/MCG24.251-5-5|UNK|chrome 63.0 for android|UNK,XT1254 Build/MCG24.251-5-5,,chrome 63.0 for android,
SM-N920A Build/MMB29K|UNK|chrome 61.0 for android|UNK,SM-N920A Build/MMB29K,,chrome 61.0 for android,
G3223 Build/42.0.A.4.101|UNK|chrome 63.0 for android|UNK,G3223 Build/42.0.A.4.101,,chrome 63.0 for android,
iOS Device|iOS 11.2.1|mobile safari uiwebview|1334x750,iOS Device,iOS 11.2.1,mobile safari uiwebview,1334x750
Windows|Windows 7|firefox generic|1280x720,Windows,Windows 7,firefox generic,1280x720
rv:11.0|Windows 7|ie 11.0 for desktop|1360x768,rv:11.0,Windows 7,ie 11.0 for desktop,1360x768
MacOS|Mac OS X 10_8_5|chrome 49.0|1920x1200,MacOS,Mac OS X 10_8_5,chrome 49.0,1920x1200
rv:52.0|Windows 10|firefox|1680x1050,rv:52.0,Windows 10,firefox,1680x1050
WAS-LX3 Build/HUAWEIWAS-LX3|UNK|other|UNK,WAS-LX3 Build/HUAWEIWAS-LX3,,other,
SAMSUNG SM-J327T Build/NRD90M|Android 7.0|samsung browser 5.2|1280x720,SAMSUNG SM-J327T Build/NRD90M,Android 7.0,samsung browser 5.2,1280x720
MacOS|Mac OS X 10_11_6|chrome 63.0|1600x1000,MacOS,Mac OS X 10_11_6,chrome 63.0,1600x1000
SM-J111M Build/LMY47V|UNK|other|UNK,SM-J111M Build/LMY47V,,other,
SAMSUNG-SM-G930A Build/NRD90M|Android 7.0|chrome 60.0 for android|1920x1080,SAMSUNG-SM-G930A Build/NRD90M,Android 7.0,chrome 60.0 for android,1920x1080
Windows|Windows 10|edge 15.0|3200x1800,Windows,Windows 10,edge 15.0,3200x1800
Windows|Windows 10|chrome 63.0|1536x864,Windows,Windows 10,chrome 63.0,1536x864
rv:11.0|Windows 7|ie 11.0 for desktop|3440x1440,rv:11.0,Windows 7,ie 11.0 for desktop,3440x1440
rv:57.0|Mac OS X 10.11|firefox 57.0|5120x2880,rv:57.0,Mac OS X 10.11,firefox 57.0,5120x2880
UNK|UNK|mobile safari 10.0|2208x1242,,,mobile safari 10.0,2208x1242
LG-LK460|Android 7.1.1|chrome 62.0 for android|UNK,LG-LK460,Android 7.1.1,chrome 62.0 for android,
rv:47.0|Windows 7|firefox 47.0|1280x1024,rv:47.0,Windows 7,firefox 47.0,1280x1024
SM-N950U Build/NMF26X|UNK|chrome 63.0 for android|UNK,SM-N950U Build/NMF26X,,chrome 63.0 for android,
Hisense F23 Build/NRD90M|UNK|chrome 62.0 for android|UNK,Hisense F23 Build/NRD90M,,chrome 62.0 for android,
XT1094|Android|chrome 63.0 for android|1920x1080,XT1094,Android,chrome 63.0 for android,1920x1080
Windows|Windows 8|chrome 63.0|1280x800,Windows,Windows 8,chrome 63.0,1280x800
rv:35.0|Mac OS X 10.10|firefox|1440x900,rv:35.0,Mac OS X 10.10,firefox,1440x900
Moto E (4) Build/NMA26.42-69|UNK|android webview 4.0|UNK,Moto E (4) Build/NMA26.42-69,,android webview 4.0,
P5026A|UNK|chrome 63.0 for android|UNK,P5026A,,chrome 63.0 for android,
SM-G930T Build/NRD90M|Android 7.0|chrome 63.0 for android|2560x1440,SM-G930T Build/NRD90M,Android 7.0,chrome 63.0 for android,2560x1440
Windows|Windows 7|chrome 51.0|1366x768,Windows,Windows 7,chrome 51.0,1366x768
MacOS|Mac OS X 10_11_3|chrome 63.0|1920x1080,MacOS,Mac OS X 10_11_3,chrome 63.0,1920x1080
SM-T560NU Build/NMF26X|Android 7.1.1|chrome 63.0 for android|1280x800,SM-T560NU Build/NMF26X,Android 7.1.1,chrome 63.0 for android,1280x800
rv:49.0|Windows 7|firefox|1366x768,rv:49.0,Windows 7,firefox,1366x768
SAMSUNG-SM-G530AZ Build/LMY48B|Android 5.1.1|chrome 61.0 for android|960x540,SAMSUNG-SM-G530AZ Build/LMY48B,Android 5.1.1,chrome 61.0 for android,960x540
LGLS665 Build/LMY47V|Android 5.1.1|chrome 61.0 for android|855x480,LGLS665 Build/LMY47V,Android 5.1.1,chrome 61.0 for android,855x480
LG-D331 Build/LRX22G|UNK|chrome 62.0 for android|UNK,LG-D331 Build/LRX22G,,chrome 62.0 for android,
SM-J700M Build/LMY48B|UNK|chrome 56.0 for android|UNK,SM-J700M Build/LMY48B,,chrome 56.0 for android,
SAMSUNG SM-N900T Build/LRX21V|Android 5.0|other|1920x1080,SAMSUNG SM-N900T Build/LRX21V,Android 5.0,other,1920x1080
LG-V410|Android 5.0.2|chrome|UNK,LG-V410,Android 5.0.2,chrome,
Ilium LT500 Build/LMY47O|UNK|chrome 49.0 for android|UNK,Ilium LT500 Build/LMY47O,,chrome 49.0 for android,
Studio|UNK|chrome 63.0 for android|UNK,Studio,,chrome 63.0 for android,
Windows|Windows 8.1|chrome 58.0|1366x768,Windows,Windows 8.1,chrome 58.0,1366x768
SM-G610M Build/NRD90M|UNK|chrome 63.0 for android|UNK,SM-G610M Build/NRD90M,,chrome 63.0 for android,
rv:52.0|Mac OS X 10.11|firefox 52.0|5120x2880,rv:52.0,Mac OS X 10.11,firefox 52.0,5120x2880
SM-G930T Build/NRD90M|UNK|chrome 63.0 for android|UNK,SM-G930T Build/NRD90M,,chrome 63.0 for android,
SM-G360V Build/LMY48B|Android 5.1.1|chrome 51.0 for android|801x480,SM-G360V Build/LMY48B,Android 5.1.1,chrome 51.0 for android,801x480
MacOS|Mac OS X 10_12_6|chrome 62.0|2304x1440,MacOS,Mac OS X 10_12_6,chrome 62.0,2304x1440
Z833|Android 6.0.1|chrome 63.0 for android|855x480,Z833,Android 6.0.1,chrome 63.0 for android,855x480
iOS Device|iOS 11.2.5|mobile safari generic|2436x1125,iOS Device,iOS 11.2.5,mobile safari generic,2436x1125
MacOS|Mac OS X 10_6_8|chrome 49.0|1366x768,MacOS,Mac OS X 10_6_8,chrome 49.0,1366x768
LG-D850|Android 6.0|chrome 63.0 for android|2560x1440,LG-D850,Android 6.0,chrome 63.0 for android,2560x1440
Windows|Windows 10|chrome 59.0|1280x1024,Windows,Windows 10,chrome 59.0,1280x1024
MacOS|Mac OS X 10_12_2|chrome 63.0|1440x900,MacOS,Mac OS X 10_12_2,chrome 63.0,1440x900
MacOS|Mac OS X 10_12|safari generic|5120x2880,MacOS,Mac OS X 10_12,safari generic,5120x2880
LG-M320 Build/NRD90U|UNK|chrome 63.0 for android|UNK,LG-M320 Build/NRD90U,,chrome 63.0 for android,
rv:56.0|Mac OS X 10.10|firefox 56.0|2560x1440,rv:56.0,Mac OS X 10.10,firefox 56.0,2560x1440
SM-J500M Build/MMB29M|UNK|chrome 55.0 for android|UNK,SM-J500M Build/MMB29M,,chrome 55.0 for android,
D6708|Android 5.1.1|chrome 63.0 for android|1920x1080,D6708,Android 5.1.1,chrome 63.0 for android,1920x1080
D6503|UNK|chrome 62.0 for android|UNK,D6503,,chrome 62.0 for android,
SM-A720F Build/NRD90M|UNK|chrome 63.0 for android|UNK,SM-A720F Build/NRD90M,,chrome 63.0 for android,
SAMSUNG SM-J530GM Build/NRD90M|UNK|samsung browser 6.2|UNK,SAMSUNG SM-J530GM Build/NRD90M,,samsung browser 6.2,
SM-S920L|Android 5.0.2|chrome 61.0 for android|960x540,SM-S920L,Android 5.0.2,chrome 61.0 for android,960x540
MacOS|Mac OS X 10_12_2|chrome 63.0|1280x800,MacOS,Mac OS X 10_12_2,chrome 63.0,1280x800
Ilium LT500 Build/LMY47O|UNK|chrome 62.0 for android|UNK,Ilium LT500 Build/LMY47O,,chrome 62.0 for android,
Moto C Build/NRD90M.046|UNK|chrome 56.0 for android|UNK,Moto C Build/NRD90M.046,,chrome 56.0 for android,
Windows|Windows 7|chrome 57.0|1680x1050,Windows,Windows 7,chrome 57.0,1680x1050
E6853|UNK|chrome|UNK,E6853,,chrome,
HUAWEI VNS-L53 Build/HUAWEIVNS-L53|UNK|chrome 60.0 for android|UNK,HUAWEI VNS-L53 Build/HUAWEIVNS-L53,,chrome 60.0 for android,
SAMSUNG-SM-G925A Build/NRD90M|Android 7.0|chrome 63.0 for android|2560x1440,SAMSUNG-SM-G925A Build/NRD90M,Android 7.0,chrome 63.0 for android,2560x1440
MacOS|Mac OS X 10_13_1|chrome 63.0|3440x1440,MacOS,Mac OS X 10_13_1,chrome 63.0,3440x1440
Windows|Windows 7|chrome 63.0|1776x1000,Windows,Windows 7,chrome 63.0,1776x1000
ZTE A2017U Build/NRD90M|Android 7.0|chrome 63.0 for android|2560x1440,ZTE A2017U Build/NRD90M,Android 7.0,chrome 63.0 for android,2560x1440
5049W Build/NRD90M|Android 7.0|chrome 63.0 for android|UNK,5049W Build/NRD90M,Android 7.0,chrome 63.0 for android,
GT-N7100|UNK|chrome 63.0 for android|UNK,GT-N7100,,chrome 63.0 for android,
rv:58.0|Android 7.0|Generic/Android 7.0|1920x1080,rv:58.0,Android 7.0,Generic/Android 7.0,1920x1080
SM-G950U Build/NRD90M|Android 7.0|chrome 56.0 for android|2220x1080,SM-G950U Build/NRD90M,Android 7.0,chrome 56.0 for android,2220x1080
SM-G900F Build/LRX21T|UNK|chrome 63.0 for android|UNK,SM-G900F Build/LRX21T,,chrome 63.0 for android,
SAMSUNG SM-J710MN Build/MMB29K|UNK|samsung browser 6.2|UNK,SAMSUNG SM-J710MN Build/MMB29K,,samsung browser 6.2,
LG-H542 Build/MRA58K|UNK|chrome 63.0 for android|UNK,LG-H542 Build/MRA58K,,chrome 63.0 for android,
D5803 Build/23.5.A.1.291|UNK|chrome 63.0 for android|UNK,D5803 Build/23.5.A.1.291,,chrome 63.0 for android,
LGL62VL|UNK|chrome 59.0 for android|UNK,LGL62VL,,chrome 59.0 for android,
iOS Device|iOS 9.3.5|mobile safari uiwebview|1024x768,iOS Device,iOS 9.3.5,mobile safari uiwebview,1024x768
SAMSUNG SM-N950U1 Build/NMF26X|Android 7.1.1|samsung browser 6.2|UNK,SAMSUNG SM-N950U1 Build/NMF26X,Android 7.1.1,samsung browser 6.2,
iOS Device|iOS 9.3.5|chrome|2048x1536,iOS Device,iOS 9.3.5,chrome,2048x1536
Moto Z2 Play Build/NPSS26.118-19-6|UNK|chrome 57.0 for android|UNK,Moto Z2 Play Build/NPSS26.118-19-6,,chrome 57.0 for android,
XT1063 Build/MPB24.65-34|UNK|chrome 63.0 for android|UNK,XT1063 Build/MPB24.65-34,,chrome 63.0 for android,
Moto G Play Build/MPIS24.241-15.3-26|UNK|chrome 60.0 for android|UNK,Moto G Play Build/MPIS24.241-15.3-26,,chrome 60.0 for android,
SM-T280 Build/LMY47V|Android 5.1.1|chrome 63.0 for android|UNK,SM-T280 Build/LMY47V,Android 5.1.1,chrome 63.0 for android,
SM-P605V|UNK|chrome 62.0 for android|UNK,SM-P605V,,chrome 62.0 for android,
SM-J700T1 Build/NMF26X|Android 7.1.1|chrome 63.0 for android|UNK,SM-J700T1 Build/NMF26X,Android 7.1.1,chrome 63.0 for android,
MacOS|Mac OS X 10_13_1|safari generic|1920x1200,MacOS,Mac OS X 10_13_1,safari generic,1920x1200
Hisense F20 Build/MMB29M|UNK|chrome 63.0 for android|UNK,Hisense F20 Build/MMB29M,,chrome 63.0 for android,
Windows|Windows 7|chrome 57.0|UNK,Windows,Windows 7,chrome 57.0,
Windows|Windows 10|chrome 61.0|1600x900,Windows,Windows 10,chrome 61.0,1600x900
XT1032 Build/KXB21.14-L1.40|UNK|chrome 63.0 for android|UNK,XT1032 Build/KXB21.14-L1.40,,chrome 63.0 for android,
iOS Device|iOS 11.2.1|mobile safari uiwebview|2436x1125,iOS Device,iOS 11.2.1,mobile safari uiwebview,2436x1125
SM-G355M Build/KOT49H|UNK|chrome 60.0 for android|UNK,SM-G355M Build/KOT49H,,chrome 60.0 for android,
MacOS|Mac OS X 10_9_5|chrome 62.0|2560x1440,MacOS,Mac OS X 10_9_5,chrome 62.0,2560x1440
SAMSUNG SM-N900T Build/LRX21V|Android 5.0|chrome generic|1920x1080,SAMSUNG SM-N900T Build/LRX21V,Android 5.0,chrome generic,1920x1080
UNK|other|mobile safari 11.0|2208x1242,,other,mobile safari 11.0,2208x1242
Windows|UNK|chrome generic|UNK,Windows,,chrome generic,
SM-G950U Build/NRD90M|Android 7.0|chrome 63.0 for android|2961x1442,SM-G950U Build/NRD90M,Android 7.0,chrome 63.0 for android,2961x1442
rv:37.0|UNK|firefox|UNK,rv:37.0,,firefox,
SAMSUNG SM-G928G Build/NRD90M|UNK|samsung browser 6.2|UNK,SAMSUNG SM-G928G Build/NRD90M,,samsung browser 6.2,
LG-D693n Build/LRX22G|UNK|chrome 55.0 for android|UNK,LG-D693n Build/LRX22G,,chrome 55.0 for android,
Lenovo TAB 2 A7-30GC Build/KOT49H|UNK|chrome 55.0 for android|UNK,Lenovo TAB 2 A7-30GC Build/KOT49H,,chrome 55.0 for android,
LG-K428 Build/NRD90U|Android 7.0|chrome 62.0 for android|1280x720,LG-K428 Build/NRD90U,Android 7.0,chrome 62.0 for android,1280x720
BLU STUDIO C 5+5 Build/LRX21M|UNK|chrome 63.0 for android|UNK,BLU STUDIO C 5+5 Build/LRX21M,,chrome 63.0 for android,
SM-G920I Build/NRD90M|UNK|chrome 63.0 for android|UNK,SM-G920I Build/NRD90M,,chrome 63.0 for android,
iOS Device|iOS 11.2.5|mobile safari 11.0|2208x1242,iOS Device,iOS 11.2.5,mobile safari 11.0,2208x1242
F3113|UNK|chrome 63.0 for android|UNK,F3113,,chrome 63.0 for android,
SM-T800 Build/MMB29K|Android 6.0.1|chrome 62.0 for android|2560x1600,SM-T800 Build/MMB29K,Android 6.0.1,chrome 62.0 for android,2560x1600
iOS Device|iOS 11.2.5|mobile safari generic|2208x1242,iOS Device,iOS 11.2.5,mobile safari generic,2208x1242
SM-G550T1 Build/MMB29K|Android 6.0.1|chrome 59.0 for android|1280x720,SM-G550T1 Build/MMB29K,Android 6.0.1,chrome 59.0 for android,1280x720
MacOS|Mac OS X 10_10_5|chrome|2880x1800,MacOS,Mac OS X 10_10_5,chrome,2880x1800
Windows|Windows 8.1|ie 11.0 for desktop|2160x1440,Windows,Windows 8.1,ie 11.0 for desktop,2160x1440
SM-S975L|Android|chrome 63.0 for android|1920x1080,SM-S975L,Android,chrome 63.0 for android,1920x1080
MacOS|Mac OS X 10_11_5|chrome 63.0|1280x800,MacOS,Mac OS X 10_11_5,chrome 63.0,1280x800
SM-G935V Build/NRD90M|Android 7.0|chrome 60.0 for android|1280x720,SM-G935V Build/NRD90M,Android 7.0,chrome 60.0 for android,1280x720
BLADE A520 Build/NRD90M|UNK|chrome 63.0 for android|UNK,BLADE A520 Build/NRD90M,,chrome 63.0 for android,
SM-J700T1 Build/NMF26X|UNK|chrome 60.0 for android|UNK,SM-J700T1 Build/NMF26X,,chrome 60.0 for android,
Blade A510 Build/MRA58K|UNK|chrome 62.0 for android|UNK,Blade A510 Build/MRA58K,,chrome 62.0 for android,
XT1097|UNK|chrome 63.0 for android|UNK,XT1097,,chrome 63.0 for android,
Build/OPR6.170623.013|Android 8.0.0|UNK|UNK,Build/OPR6.170623.013,Android 8.0.0,,
SM-N920P Build/NRD90M|Android 7.0|chrome 56.0 for android|UNK,SM-N920P Build/NRD90M,Android 7.0,chrome 56.0 for android,
MotoG3-TE Build/MPDS24.65-33-1-3|UNK|chrome 61.0 for android|UNK,MotoG3-TE Build/MPDS24.65-33-1-3,,chrome 61.0 for android,
MacOS|Mac OS X 10_13_2|safari generic|1600x900,MacOS,Mac OS X 10_13_2,safari generic,1600x900
LG-LS777 Build/NRD90U|Android 7.0|chrome 63.0 for android|1280x720,LG-LS777 Build/NRD90U,Android 7.0,chrome 63.0 for android,1280x720
rv:51.0|Windows 10|firefox|UNK,rv:51.0,Windows 10,firefox,
0PM92|Android 6.0.1|chrome 56.0 for android|1280x720,0PM92,Android 6.0.1,chrome 56.0 for android,1280x720
Moto C Plus Build/NRD90M.05.034|UNK|chrome 58.0 for android|UNK,Moto C Plus Build/NRD90M.05.034,,chrome 58.0 for android,
rv:57.0|Mac OS X 10.12|firefox 57.0|UNK,rv:57.0,Mac OS X 10.12,firefox 57.0,
Windows|Windows 10|edge 16.0|3200x1800,Windows,Windows 10,edge 16.0,3200x1800
MacOS|Mac OS X 10_7_5|safari generic|1680x1050,MacOS,Mac OS X 10_7_5,safari generic,1680x1050
Touch|Windows 8.1|ie 11.0 for desktop|1368x768,Touch,Windows 8.1,ie 11.0 for desktop,1368x768
MacOS|Mac OS X 10_12_1|safari generic|2560x1600,MacOS,Mac OS X 10_12_1,safari generic,2560x1600
Ilium LT510 Build/MRA58K|UNK|chrome 61.0 for android|UNK,Ilium LT510 Build/MRA58K,,chrome 61.0 for android,
MacOS|Mac OS X 10_13_3|safari generic|2880x1800,MacOS,Mac OS X 10_13_3,safari generic,2880x1800
Windows|Windows 10|chrome generic|1680x1050,Windows,Windows 10,chrome generic,1680x1050
MacOS|Mac OS X 10_11_6|chrome 60.0|1920x1200,MacOS,Mac OS X 10_11_6,chrome 60.0,1920x1200
5012G Build/MRA58K|UNK|chrome 63.0 for android|UNK,5012G Build/MRA58K,,chrome 63.0 for android,
MacOS|Mac OS X 10_11_4|chrome 62.0|2560x1440,MacOS,Mac OS X 10_11_4,chrome 62.0,2560x1440
P5526A Build/NRD90M|UNK|chrome 63.0 for android|UNK,P5526A Build/NRD90M,,chrome 63.0 for android,
SM-N910V Build/MMB29M|UNK|chrome 63.0 for android|UNK,SM-N910V Build/MMB29M,,chrome 63.0 for android,
Windows|Windows 8.1|firefox 57.0|1920x1200,Windows,Windows 8.1,firefox 57.0,1920x1200
FRD-L04 Build/HUAWEIFRD-L04|UNK|chrome 63.0 for android|UNK,FRD-L04 Build/HUAWEIFRD-L04,,chrome 63.0 for android,
LG-M327 Build/NRD90U|UNK|chrome 56.0 for android|UNK,LG-M327 Build/NRD90U,,chrome 56.0 for android,
SM-J510MN Build/MMB29M|Android 6.0.1|opera|1280x720,SM-J510MN Build/MMB29M,Android 6.0.1,opera,1280x720
D2306|UNK|chrome 63.0 for android|UNK,D2306,,chrome 63.0 for android,
MYA-L13 Build/HUAWEIMYA-L13|UNK|chrome 52.0 for android|UNK,MYA-L13 Build/HUAWEIMYA-L13,,chrome 52.0 for android,
UNK|Android|chrome 59.0|1366x768,,Android,chrome 59.0,1366x768
SM-G935P Build/NRD90M|Android 7.0|android webview 4.0|UNK,SM-G935P Build/NRD90M,Android 7.0,android webview 4.0,
LG-H700 Build/NRD90U|Android 7.0|chrome 63.0 for android|UNK,LG-H700 Build/NRD90U,Android 7.0,chrome 63.0 for android,
rv:56.0|Mac OS X 10.11|firefox 56.0|1280x720,rv:56.0,Mac OS X 10.11,firefox 56.0,1280x720
SM-G925V Build/NRD90M|Android 7.0|chrome 63.0 for android|2560x1440,SM-G925V Build/NRD90M,Android 7.0,chrome 63.0 for android,2560x1440
Windows|Windows 10|chrome 63.0|3520x1980,Windows,Windows 10,chrome 63.0,3520x1980
A50C+|UNK|chrome 63.0 for android|UNK,A50C+,,chrome 63.0 for android,
SAMSUNG SM-G900M Build/LRX21T|UNK|chrome generic|UNK,SAMSUNG SM-G900M Build/LRX21T,,chrome generic,
Windows|Windows XP|firefox 52.0|1920x1080,Windows,Windows XP,firefox 52.0,1920x1080
VS988 Build/NRD90U|Android 7.0|chrome 60.0 for android|2672x1440,VS988 Build/NRD90U,Android 7.0,chrome 60.0 for android,2672x1440
5095I Build/MRA58K|UNK|chrome 63.0 for android|UNK,5095I Build/MRA58K,,chrome 63.0 for android,
UNK|Linux|chrome 61.0|1280x1024,,Linux,chrome 61.0,1280x1024
LG-K428 Build/NRD90U|Android 7.0|chrome 63.0 for android|1280x720,LG-K428 Build/NRD90U,Android 7.0,chrome 63.0 for android,1280x720
MacOS|Mac OS X 10_13_1|chrome 63.0|2520x1575,MacOS,Mac OS X 10_13_1,chrome 63.0,2520x1575
Windows|Windows 8.1|firefox generic|1920x1080,Windows,Windows 8.1,firefox generic,1920x1080
Windows|Windows Vista|chrome|1280x800,Windows,Windows Vista,chrome,1280x800
MotoG3 Build/MPIS24.65-25.1-19|UNK|chrome|UNK,MotoG3 Build/MPIS24.65-25.1-19,,chrome,
ALE-L23 Build/HuaweiALE-L23|UNK|chrome 60.0 for android|UNK,ALE-L23 Build/HuaweiALE-L23,,chrome 60.0 for android,
LG-V495|UNK|chrome 61.0 for android|UNK,LG-V495,,chrome 61.0 for android,
F3213 Build/36.0.A.2.146|UNK|chrome 61.0 for android|UNK,F3213 Build/36.0.A.2.146,,chrome 61.0 for android,
SM-G935V Build/NRD90M|Android 7.0|chrome 63.0 for android|UNK,SM-G935V Build/NRD90M,Android 7.0,chrome 63.0 for android,
A1601 Build/LMY47I|UNK|chrome 63.0 for android|UNK,A1601 Build/LMY47I,,chrome 63.0 for android,
LGUS991|Android 6.0|chrome 63.0 for android|2560x1440,LGUS991,Android 6.0,chrome 63.0 for android,2560x1440
ALE-L23 Build/HuaweiALE-L23|UNK|chrome 43.0 for android|UNK,ALE-L23 Build/HuaweiALE-L23,,chrome 43.0 for android,
SAMSUNG-SM-T807A|Android 5.0.2|chrome 61.0 for android|2560x1600,SAMSUNG-SM-T807A,Android 5.0.2,chrome 61.0 for android,2560x1600
SAMSUNG|Android 6.0.1|samsung browser 6.2|2560x1600,SAMSUNG,Android 6.0.1,samsung browser 6.2,2560x1600
MacOS|Mac OS X 10_11_6|safari generic|2048x1280,MacOS,Mac OS X 10_11_6,safari generic,2048x1280
LG-H918 Build/NRD90M|Android 7.0|chrome 63.0 for android|2560x1440,LG-H918 Build/NRD90M,Android 7.0,chrome 63.0 for android,2560x1440
LG-M400 Build/NRD90U|UNK|chrome 61.0 for android|UNK,LG-M400 Build/NRD90U,,chrome 61.0 for android,
S6000|UNK|chrome 63.0 for android|UNK,S6000,,chrome 63.0 for android,
MacOS|Mac OS X 10_12_6|chrome 59.0|3360x2100,MacOS,Mac OS X 10_12_6,chrome 59.0,3360x2100
MacOS|Mac OS X 10_11_4|safari generic|2560x1440,MacOS,Mac OS X 10_11_4,safari generic,2560x1440
rv:56.0|Mac OS X 10.12|firefox 56.0|1280x800,rv:56.0,Mac OS X 10.12,firefox 56.0,1280x800
Pixel|Android 7.1.2|chrome 63.0 for android|UNK,Pixel,Android 7.1.2,chrome 63.0 for android,
MacOS|Mac OS X 10_13_2|chrome 55.0|2880x1800,MacOS,Mac OS X 10_13_2,chrome 55.0,2880x1800
MacOS|Mac OS X 10_12_6|chrome 63.0|2048x1280,MacOS,Mac OS X 10_12_6,chrome 63.0,2048x1280
Windows|Windows 7|chrome 63.0|1536x864,Windows,Windows 7,chrome 63.0,1536x864
HTC One M9 Build/NRD90M|UNK|chrome 63.0 for android|UNK,HTC One M9 Build/NRD90M,,chrome 63.0 for android,
ALE-L21 Build/HuaweiALE-L21|UNK|chrome 50.0 for android|UNK,ALE-L21 Build/HuaweiALE-L21,,chrome 50.0 for android,
SM-J320VPP|Android 6.0.1|chrome 62.0 for android|1280x720,SM-J320VPP,Android 6.0.1,chrome 62.0 for android,1280x720
rv:57.0|Windows 7|firefox 57.0|1360x768,rv:57.0,Windows 7,firefox 57.0,1360x768
Windows|Windows XP|firefox 52.0|800x600,Windows,Windows XP,firefox 52.0,800x600
rv:52.9|Windows 7|palemoon|1280x1024,rv:52.9,Windows 7,palemoon,1280x1024
SAMSUNG SM-T800 Build/MMB29K|Android 6.0.1|samsung browser 6.2|2560x1600,SAMSUNG SM-T800 Build/MMB29K,Android 6.0.1,samsung browser 6.2,2560x1600
Intel|Mac OS X 10_6_8|safari|1920x1080,Intel,Mac OS X 10_6_8,safari,1920x1080
Nexus|Android 7.0|chrome 63.0 for android|2562x1442,Nexus,Android 7.0,chrome 63.0 for android,2562x1442
Blade A475 Build/LMY47D|UNK|chrome 61.0 for android|UNK,Blade A475 Build/LMY47D,,chrome 61.0 for android,
SM-G930U Build/NRD90M|UNK|chrome 63.0 for android|UNK,SM-G930U Build/NRD90M,,chrome 63.0 for android,
SM-N920P Build/NRD90M|Android 7.0|chrome 63.0 for android|UNK,SM-N920P Build/NRD90M,Android 7.0,chrome 63.0 for android,
Windows|Windows 10|chrome 63.0|1700x960,Windows,Windows 10,chrome 63.0,1700x960
iOS Device|iOS 11.2.0|mobile safari generic|2732x2048,iOS Device,iOS 11.2.0,mobile safari generic,2732x2048
5080A Build/MRA58K|UNK|chrome 52.0 for android|UNK,5080A Build/MRA58K,,chrome 52.0 for android,
SM-G930T Build/NRD90M|Android 7.0|chrome 63.0 for android|UNK,SM-G930T Build/NRD90M,Android 7.0,chrome 63.0 for android,
Intel|Mac|safari|2880x1800,Intel,Mac,safari,2880x1800
SM-G570M Build/MMB29K|UNK|chrome 56.0 for android|UNK,SM-G570M Build/MMB29K,,chrome 56.0 for android,
Lenovo|Android 5.1.1|chrome 63.0 for android|UNK,Lenovo,Android 5.1.1,chrome 63.0 for android,
MacOS|Mac OS X 10_13_1|chrome 59.0|1440x900,MacOS,Mac OS X 10_13_1,chrome 59.0,1440x900
rv:57.0|Mac OS X 10.9|firefox 57.0|UNK,rv:57.0,Mac OS X 10.9,firefox 57.0,
SM-J700T1 Build/NMF26X|Android 7.1.1|chrome 60.0 for android|1280x720,SM-J700T1 Build/NMF26X,Android 7.1.1,chrome 60.0 for android,1280x720
LG-K550|Android 6.0.1|chrome 62.0 for android|1280x720,LG-K550,Android 6.0.1,chrome 62.0 for android,1280x720
MacOS|Mac OS X 10_10_5|chrome 61.0|5120x2880,MacOS,Mac OS X 10_10_5,chrome 61.0,5120x2880
MacOS|Mac OS X 10_11_6|opera 49.0|1280x800,MacOS,Mac OS X 10_11_6,opera 49.0,1280x800
MacOS|Mac OS X 10_9_5|chrome 55.0|1280x800,MacOS,Mac OS X 10_9_5,chrome 55.0,1280x800
SAMSUNG SM-G955U Build/NRD90M|Android 7.0|samsung browser 6.2|2960x1440,SAMSUNG SM-G955U Build/NRD90M,Android 7.0,samsung browser 6.2,2960x1440
es-mx|UNK|android webview 4.0|UNK,es-mx,,android webview 4.0,
XT1040|UNK|chrome 61.0 for android|UNK,XT1040,,chrome 61.0 for android,
E5506|UNK|chrome 63.0 for android|UNK,E5506,,chrome 63.0 for android,
SAMSUNG SM-G900I Build/MMB29M|UNK|samsung browser 6.2|UNK,SAMSUNG SM-G900I Build/MMB29M,,samsung browser 6.2,
iOS Device|iOS 10.3.2|mobile safari generic|2048x1536,iOS Device,iOS 10.3.2,mobile safari generic,2048x1536
XT1080 Build/SU6-7.7|Android|chrome 63.0 for android|1280x720,XT1080 Build/SU6-7.7,Android,chrome 63.0 for android,1280x720
Win64|Windows 10|edge 14.0|UNK,Win64,Windows 10,edge 14.0,
MacOS|Mac OS X 10_13_1|chrome 63.0|UNK,MacOS,Mac OS X 10_13_1,chrome 63.0,
Pixel Build/OPM1.171019.011|UNK|chrome 63.0 for android|UNK,Pixel Build/OPM1.171019.011,,chrome 63.0 for android,
Z982 Build/NMF26V|Android 7.1.1|chrome 63.0 for android|1920x1080,Z982 Build/NMF26V,Android 7.1.1,chrome 63.0 for android,1920x1080
SM-G955U Build/NRD90M|Android 7.0|chrome 63.0 for android|2960x1440,SM-G955U Build/NRD90M,Android 7.0,chrome 63.0 for android,2960x1440
MacOS|Mac OS X 10_11_3|chrome 60.0|1280x800,MacOS,Mac OS X 10_11_3,chrome 60.0,1280x800
Windows|Windows 10|chrome 62.0|1152x648,Windows,Windows 10,chrome 62.0,1152x648
Windows|Windows XP|firefox 52.0|1152x720,Windows,Windows XP,firefox 52.0,1152x720
SAMSUNG-SM-G928A Build/NRD90M|UNK|chrome 61.0 for android|UNK,SAMSUNG-SM-G928A Build/NRD90M,,chrome 61.0 for android,
Moto C Plus Build/NRD90M.05.034|UNK|chrome 62.0 for android|UNK,Moto C Plus Build/NRD90M.05.034,,chrome 62.0 for android,
0PJA2|Android 7.0|chrome 61.0 for android|1920x1080,0PJA2,Android 7.0,chrome 61.0 for android,1920x1080
Pixel|Android 8.1.0|chrome 63.0 for android|2560x1800,Pixel,Android 8.1.0,chrome 63.0 for android,2560x1800
SM-N920T Build/NRD90M|Android 7.0|chrome 58.0 for android|UNK,SM-N920T Build/NRD90M,Android 7.0,chrome 58.0 for android,
BLU ENERGY X PLUS Build/LRX21M|UNK|chrome 55.0 for android|UNK,BLU ENERGY X PLUS Build/LRX21M,,chrome 55.0 for android,
SM-G955U Build/NRD90M|Android 7.0|chrome 61.0 for android|2961x1442,SM-G955U Build/NRD90M,Android 7.0,chrome 61.0 for android,2961x1442
UNK|Linux|chrome 63.0|2400x1350,,Linux,chrome 63.0,2400x1350
iOS Device|iOS 10.3.3|mobile safari uiwebview|1334x750,iOS Device,iOS 10.3.3,mobile safari uiwebview,1334x750
Windows|Windows XP|chrome 49.0|1280x768,Windows,Windows XP,chrome 49.0,1280x768
LG-M700 Build/NMF26X|UNK|other|UNK,LG-M700 Build/NMF26X,,other,
Nexus|Android 8.0.0|UNK|2562x1442,Nexus,Android 8.0.0,,2562x1442
rv:52.0|Linux|firefox 52.0|1920x1080,rv:52.0,Linux,firefox 52.0,1920x1080
iOS Device|iOS 11.2.5|mobile safari 11.0|2436x1125,iOS Device,iOS 11.2.5,mobile safari 11.0,2436x1125
SAMSUNG SM-G920P Build/NRD90M|Android 7.0|other|2560x1440,SAMSUNG SM-G920P Build/NRD90M,Android 7.0,other,2560x1440
UNK|Android|chrome 61.0|2400x1350,,Android,chrome 61.0,2400x1350
MacOS|Mac OS X 10_11_6|chrome 63.0|3200x1800,MacOS,Mac OS X 10_11_6,chrome 63.0,3200x1800
LG-D693n Build/LRX22G|UNK|chrome 52.0 for android|UNK,LG-D693n Build/LRX22G,,chrome 52.0 for android,
EVA-L09 Build/HUAWEIEVA-L09|UNK|chrome 63.0 for android|UNK,EVA-L09 Build/HUAWEIEVA-L09,,chrome 63.0 for android,
MacOS|Mac OS X 10_12_4|chrome 63.0|1280x800,MacOS,Mac OS X 10_12_4,chrome 63.0,1280x800
Z981 Build/MMB29M|Android 6.0.1|chrome 58.0 for android|1920x1080,Z981 Build/MMB29M,Android 6.0.1,chrome 58.0 for android,1920x1080
Windows|Windows 7|chrome 58.0|1280x1025,Windows,Windows 7,chrome 58.0,1280x1025
2PS64 Build/NRD90M|UNK|chrome 63.0 for android|UNK,2PS64 Build/NRD90M,,chrome 63.0 for android,
MacOS|Mac OS X 10_13_2|safari generic|6400x3600,MacOS,Mac OS X 10_13_2,safari generic,6400x3600
Windows|Windows 10|chrome 59.0|UNK,Windows,Windows 10,chrome 59.0,
SAMSUNG SM-G930T Build/NRD90M|Android 7.0|samsung browser 5.4|1920x1080,SAMSUNG SM-G930T Build/NRD90M,Android 7.0,samsung browser 5.4,1920x1080
SM-G928V Build/NRD90M|Android 7.0|chrome 63.0 for android|UNK,SM-G928V Build/NRD90M,Android 7.0,chrome 63.0 for android,
LG-LS993 Build/NRD90U|Android 7.0|chrome 63.0 for android|2672x1440,LG-LS993 Build/NRD90U,Android 7.0,chrome 63.0 for android,2672x1440
SM-J700M Build/MMB29K|UNK|chrome 57.0 for android|UNK,SM-J700M Build/MMB29K,,chrome 57.0 for android,
SAMSUNG SM-G891A Build/NRD90M|Android 7.0|samsung browser 6.2|1281x721,SAMSUNG SM-G891A Build/NRD90M,Android 7.0,samsung browser 6.2,1281x721
MacOS|Mac OS X 10_11_3|chrome 62.0|1280x800,MacOS,Mac OS X 10_11_3,chrome 62.0,1280x800
MacOS|Mac OS X 10_9_5|chrome 63.0|1600x900,MacOS,Mac OS X 10_9_5,chrome 63.0,1600x900
rv:52.0|Mac OS X 10.11|firefox 52.0|1280x800,rv:52.0,Mac OS X 10.11,firefox 52.0,1280x800
SM-N950U Build/NMF26X|Android 7.1.1|android webview 4.0|UNK,SM-N950U Build/NMF26X,Android 7.1.1,android webview 4.0,
MYA-L13 Build/HUAWEIMYA-L13|UNK|chrome 63.0 for android|UNK,MYA-L13 Build/HUAWEIMYA-L13,,chrome 63.0 for android,
SM-A710M Build/NRD90M|UNK|chrome 61.0 for android|UNK,SM-A710M Build/NRD90M,,chrome 61.0 for android,
5015A Build/LMY47I|UNK|chrome 63.0 for android|UNK,5015A Build/LMY47I,,chrome 63.0 for android,
Ilium LT500 Build/LMY47O|UNK|chrome 59.0 for android|UNK,Ilium LT500 Build/LMY47O,,chrome 59.0 for android,
SAMSUNG-SM-G530AZ Build/LMY48B|Android 5.1.1|chrome generic|960x540,SAMSUNG-SM-G530AZ Build/LMY48B,Android 5.1.1,chrome generic,960x540
SAMSUNG SM-J530F Build/NRD90M|UNK|samsung browser 6.2|UNK,SAMSUNG SM-J530F Build/NRD90M,,samsung browser 6.2,
rv:57.0|Android 7.0|Generic/Android 7.0|2368x1440,rv:57.0,Android 7.0,Generic/Android 7.0,2368x1440
LGMS210 Build/NRD90U|Android 7.0|chrome 61.0 for android|1280x720,LGMS210 Build/NRD90U,Android 7.0,chrome 61.0 for android,1280x720
LG-H700 Build/NRD90U|UNK|chrome 63.0 for android|UNK,LG-H700 Build/NRD90U,,chrome 63.0 for android,
STV100-2 Build/MMB29M|UNK|chrome 63.0 for android|UNK,STV100-2 Build/MMB29M,,chrome 63.0 for android,
SM-G900L|UNK|chrome 63.0 for android|UNK,SM-G900L,,chrome 63.0 for android,
Redmi Note 4 Build/MMB29M|Android 6.0.1|chrome 54.0 for android|1920x1080,Redmi Note 4 Build/MMB29M,Android 6.0.1,chrome 54.0 for android,1920x1080
Ilium X710 Build/MRA58K|UNK|chrome 63.0 for android|UNK,Ilium X710 Build/MRA58K,,chrome 63.0 for android,
SAMSUNG-SM-G935A Build/NRD90M|Android 7.0|chrome 63.0 for android|2560x1440,SAMSUNG-SM-G935A Build/NRD90M,Android 7.0,chrome 63.0 for android,2560x1440
Moto C Build/NRD90M.046|UNK|chrome 62.0 for android|UNK,Moto C Build/NRD90M.046,,chrome 62.0 for android,
ASUS_P00J|Android 7.0|chrome 63.0 for android|UNK,ASUS_P00J,Android 7.0,chrome 63.0 for android,
TA-1025|UNK|chrome 63.0 for android|UNK,TA-1025,,chrome 63.0 for android,
LG-H650 Build/MRA58K|UNK|chrome 63.0 for android|UNK,LG-H650 Build/MRA58K,,chrome 63.0 for android,
XT1053 Build/LPAS23.12-21.7-1|UNK|chrome|UNK,XT1053 Build/LPAS23.12-21.7-1,,chrome,
SM-T820 Build/NRD90M|Android 7.0|chrome 63.0 for android|2048x1536,SM-T820 Build/NRD90M,Android 7.0,chrome 63.0 for android,2048x1536
en-us|Android 4.4.2|chrome generic|UNK,en-us,Android 4.4.2,chrome generic,
XT1635-02|UNK|chrome 63.0 for android|UNK,XT1635-02,,chrome 63.0 for android,
SM-J105B Build/LMY47V|UNK|chrome 63.0 for android|UNK,SM-J105B Build/LMY47V,,chrome 63.0 for android,
TRT-L53 Build/HUAWEITRT-L53|UNK|chrome 59.0 for android|UNK,TRT-L53 Build/HUAWEITRT-L53,,chrome 59.0 for android,
LG-H811 Build/MRA58K|Android 6.0|chrome 63.0 for android|2560x1440,LG-H811 Build/MRA58K,Android 6.0,chrome 63.0 for android,2560x1440
UNK|Android|chrome 60.0|960x540,,Android,chrome 60.0,960x540
SM-J320VPP|Android 6.0.1|chrome 61.0 for android|1280x720,SM-J320VPP,Android 6.0.1,chrome 61.0 for android,1280x720
Windows|Windows 10|edge 14.0|1024x768,Windows,Windows 10,edge 14.0,1024x768
AX920|UNK|chrome 63.0 for android|UNK,AX920,,chrome 63.0 for android,
SM-S327VL|Android 6.0.1|chrome 63.0 for android|1280x720,SM-S327VL,Android 6.0.1,chrome 63.0 for android,1280x720
iOS Device|iOS 11.0.0|mobile safari 11.0|2224x1668,iOS Device,iOS 11.0.0,mobile safari 11.0,2224x1668
A0001 Build/MHC19Q|Android 6.0.1|chrome 62.0 for android|1920x1080,A0001 Build/MHC19Q,Android 6.0.1,chrome 62.0 for android,1920x1080
GT-I9195L|UNK|chrome 63.0 for android|UNK,GT-I9195L,,chrome 63.0 for android,
6039A Build/LRX22G|UNK|chrome 63.0 for android|UNK,6039A Build/LRX22G,,chrome 63.0 for android,
SM-A800I|UNK|chrome 63.0 for android|UNK,SM-A800I,,chrome 63.0 for android,
SAMSUNG SM-N920T Build/NRD90M|Android 7.0|samsung browser 5.2|UNK,SAMSUNG SM-N920T Build/NRD90M,Android 7.0,samsung browser 5.2,
MacOS|Mac OS X 10_12_4|safari generic|1280x800,MacOS,Mac OS X 10_12_4,safari generic,1280x800
UNK|Linux|chrome|1366x768,,Linux,chrome,1366x768
LG-D959|Android 4.4.2|chrome 62.0 for android|1280x720,LG-D959,Android 4.4.2,chrome 62.0 for android,1280x720
SM-G950U1 Build/NRD90M|Android 7.0|chrome 63.0 for android|UNK,SM-G950U1 Build/NRD90M,Android 7.0,chrome 63.0 for android,
SM-G900V Build/LRX21T|Android 5.0|chrome 61.0 for android|1920x1080,SM-G900V Build/LRX21T,Android 5.0,chrome 61.0 for android,1920x1080
SM-G935V Build/NRD90M|Android 7.0|chrome 58.0 for android|2560x1440,SM-G935V Build/NRD90M,Android 7.0,chrome 58.0 for android,2560x1440
Windows|Windows 8.1|chrome 63.0|2736x1824,Windows,Windows 8.1,chrome 63.0,2736x1824
HTC Desire 626s Build/LMY47O|UNK|chrome 56.0 for android|UNK,HTC Desire 626s Build/LMY47O,,chrome 56.0 for android,
SAMSUNG SM-G930R4 Build/NRD90M|Android 7.0|samsung browser 6.2|1920x1080,SAMSUNG SM-G930R4 Build/NRD90M,Android 7.0,samsung browser 6.2,1920x1080
SM-T713 Build/NRD90M|Android 7.0|chrome 63.0 for android|2048x1536,SM-T713 Build/NRD90M,Android 7.0,chrome 63.0 for android,2048x1536
SM-N920V Build/NRD90M|Android 7.0|chrome 56.0 for android|2562x1442,SM-N920V Build/NRD90M,Android 7.0,chrome 56.0 for android,2562x1442
MacOS|Mac|chrome 61.0|1920x1080,MacOS,Mac,chrome 61.0,1920x1080
rv:57.0|Mac OS X 10.13|firefox 57.0|1680x1050,rv:57.0,Mac OS X 10.13,firefox 57.0,1680x1050
Ilium X510 Build/MRA58K|UNK|chrome 49.0 for android|UNK,Ilium X510 Build/MRA58K,,chrome 49.0 for android,
SAMSUNG-SM-G928A Build/NRD90M|Android 7.0|chrome 63.0 for android|UNK,SAMSUNG-SM-G928A Build/NRD90M,Android 7.0,chrome 63.0 for android,
LGL83BL|Android 7.0|chrome 63.0 for android|1280x720,LGL83BL,Android 7.0,chrome 63.0 for android,1280x720
HUAWEI|UNK|chrome 63.0 for android|UNK,HUAWEI,,chrome 63.0 for android,
LGMS550 Build/MXB48T|UNK|chrome 58.0 for android|UNK,LGMS550 Build/MXB48T,,chrome 58.0 for android,
Windows|Windows 10|chrome 63.0|1824x1026,Windows,Windows 10,chrome 63.0,1824x1026
MacOS|Mac OS X 10_12_6|chrome 61.0|1280x800,MacOS,Mac OS X 10_12_6,chrome 61.0,1280x800
SAMSUNG SM-G920T Build/NRD90M|UNK|samsung browser 6.2|UNK,SAMSUNG SM-G920T Build/NRD90M,,samsung browser 6.2,
SM-G928P|Android 5.1.1|chrome 62.0 for android|2562x1442,SM-G928P,Android 5.1.1,chrome 62.0 for android,2562x1442
SM-A520F Build/MMB29K|UNK|chrome 63.0 for android|UNK,SM-A520F Build/MMB29K,,chrome 63.0 for android,
MacOS|Mac OS X 10_12_6|chrome 60.0|1366x768,MacOS,Mac OS X 10_12_6,chrome 60.0,1366x768
SM-T800 Build/MMB29K|Android 6.0.1|chrome 63.0 for android|2560x1600,SM-T800 Build/MMB29K,Android 6.0.1,chrome 63.0 for android,2560x1600
MacOS|Mac OS X 10_13_2|chrome 56.0|2560x1600,MacOS,Mac OS X 10_13_2,chrome 56.0,2560x1600
C6906 Build/14.6.A.1.236|UNK|chrome 63.0 for android|UNK,C6906 Build/14.6.A.1.236,,chrome 63.0 for android,
Linux x86_64|Linux|chrome 61.0|1920x1080,Linux x86_64,Linux,chrome 61.0,1920x1080
SM-G930P Build/NRD90M|Android 7.0|chrome 63.0 for android|2560x1440,SM-G930P Build/NRD90M,Android 7.0,chrome 63.0 for android,2560x1440
SM-A710M Build/LMY47X|UNK|chrome 62.0 for android|UNK,SM-A710M Build/LMY47X,,chrome 62.0 for android,
K92|Android 7.1.1|chrome 62.0 for android|1920x1200,K92,Android 7.1.1,chrome 62.0 for android,1920x1200
SM-G928T Build/NRD90M|Android 7.0|chrome 63.0 for android|UNK,SM-G928T Build/NRD90M,Android 7.0,chrome 63.0 for android,
K90U|Android 6.0.1|chrome 63.0 for android|1920x1200,K90U,Android 6.0.1,chrome 63.0 for android,1920x1200
SAMSUNG SM-N950U Build/NMF26X|Android 7.1.1|samsung browser 6.2|2220x1080,SAMSUNG SM-N950U Build/NMF26X,Android 7.1.1,samsung browser 6.2,2220x1080
rv:52.0|Windows 10|firefox|1600x900,rv:52.0,Windows 10,firefox,1600x900
5010G Build/MRA58K|UNK|chrome 60.0 for android|UNK,5010G Build/MRA58K,,chrome 60.0 for android,
VS425PP Build/LMY47V|Android 5.1.1|android browser 4.0|855x480,VS425PP Build/LMY47V,Android 5.1.1,android browser 4.0,855x480
SAMSUNG-SM-G935A|Android 6.0.1|chrome 63.0 for android|2560x1440,SAMSUNG-SM-G935A,Android 6.0.1,chrome 63.0 for android,2560x1440
iOS Device|iOS 11.0.2|chrome 62.0 for ios|2048x1536,iOS Device,iOS 11.0.2,chrome 62.0 for ios,2048x1536
0PM92|Android 6.0.1|chrome 46.0 for android|1280x720,0PM92,Android 6.0.1,chrome 46.0 for android,1280x720
XT1580 Build/NPKS25.200-12-9|UNK|chrome 62.0 for android|UNK,XT1580 Build/NPKS25.200-12-9,,chrome 62.0 for android,
iOS Device|iOS 11.1.1|mobile safari generic|2732x2048,iOS Device,iOS 11.1.1,mobile safari generic,2732x2048
rv:48.0|Mac OS X 10.6|firefox 48.0|2560x1440,rv:48.0,Mac OS X 10.6,firefox 48.0,2560x1440
SM-G955U Build/NRD90M|Android 7.0|chrome 63.0 for android|2961x1440,SM-G955U Build/NRD90M,Android 7.0,chrome 63.0 for android,2961x1440
Windows|Windows 7|opera 49.0|1440x900,Windows,Windows 7,opera 49.0,1440x900
MacOS|Mac OS X 10_12_6|chrome 63.0|UNK,MacOS,Mac OS X 10_12_6,chrome 63.0,
VS990 Build/MRA58K|Android 6.0|chrome 63.0 for android|2560x1440,VS990 Build/MRA58K,Android 6.0,chrome 63.0 for android,2560x1440
MacOS|Mac OS X 10_11_6|chrome 63.0|3840x2160,MacOS,Mac OS X 10_11_6,chrome 63.0,3840x2160
UNK|Linux|chrome 62.0|3360x1890,,Linux,chrome 62.0,3360x1890
E5506 Build/29.2.A.0.166|UNK|chrome 63.0 for android|UNK,E5506 Build/29.2.A.0.166,,chrome 63.0 for android,
SM-J500M Build/LMY48B|UNK|chrome 61.0 for android|UNK,SM-J500M Build/LMY48B,,chrome 61.0 for android,
Windows|Windows 8.1|firefox 57.0|3200x1800,Windows,Windows 8.1,firefox 57.0,3200x1800
UNK|UNK|maxthon|UNK,,,maxthon,
Windows|Windows 7|chrome|UNK,Windows,Windows 7,chrome,
SM-N950U Build/NMF26X|Android 7.1.1|chrome 63.0 for android|2960x1440,SM-N950U Build/NMF26X,Android 7.1.1,chrome 63.0 for android,2960x1440
MacOS|Mac OS X 10_10_5|chrome 59.0|2560x1440,MacOS,Mac OS X 10_10_5,chrome 59.0,2560x1440
MacOS|Mac OS X 10_12_6|chrome 56.0|1920x1080,MacOS,Mac OS X 10_12_6,chrome 56.0,1920x1080
MacOS|Mac OS X 10_13_1|chrome generic|1920x1080,MacOS,Mac OS X 10_13_1,chrome generic,1920x1080
Lenovo A2016b30 Build/MRA58K|UNK|chrome 50.0 for android|UNK,Lenovo A2016b30 Build/MRA58K,,chrome 50.0 for android,
Windows|Windows 7|chrome 63.0|800x600,Windows,Windows 7,chrome 63.0,800x600
SM-J111M Build/LMY47V|UNK|chrome 55.0 for android|UNK,SM-J111M Build/LMY47V,,chrome 55.0 for android,
Windows|Windows 10|firefox 57.0|1600x1200,Windows,Windows 10,firefox 57.0,1600x1200
SM-A310F Build/NRD90M|UNK|chrome 63.0 for android|UNK,SM-A310F Build/NRD90M,,chrome 63.0 for android,
BOIE9|Windows 7|ie 11.0 for desktop|1680x1050,BOIE9,Windows 7,ie 11.0 for desktop,1680x1050
Windows|func|chrome 63.0|1600x900,Windows,func,chrome 63.0,1600x900
iOS Device|iOS 11.0.3|mobile safari 9.0|2208x1242,iOS Device,iOS 11.0.3,mobile safari 9.0,2208x1242
MacOS|Mac OS X 10_13_1|chrome 63.0|3200x1800,MacOS,Mac OS X 10_13_1,chrome 63.0,3200x1800
SAMSUNG-SM-G530AZ Build/LMY48B|Android 5.1.1|chrome 63.0 for android|960x540,SAMSUNG-SM-G530AZ Build/LMY48B,Android 5.1.1,chrome 63.0 for android,960x540
SM-T377P|UNK|chrome 63.0 for android|UNK,SM-T377P,,chrome 63.0 for android,
rv:48.0|Mac OS X 10.6|firefox 48.0|2560x1600,rv:48.0,Mac OS X 10.6,firefox 48.0,2560x1600
iOS Device|iOS 11.1.0|chrome 63.0 for ios|2048x1536,iOS Device,iOS 11.1.0,chrome 63.0 for ios,2048x1536
SM-T827V Build/NRD90M|Android 7.0|chrome 63.0 for android|2048x1536,SM-T827V Build/NRD90M,Android 7.0,chrome 63.0 for android,2048x1536
SM-J710MN Build/MMB29K|Android 6.0.1|chrome 61.0 for android|1280x720,SM-J710MN Build/MMB29K,Android 6.0.1,chrome 61.0 for android,1280x720
Blade A475 Build/LMY47D|UNK|chrome 52.0 for android|UNK,Blade A475 Build/LMY47D,,chrome 52.0 for android,
MacOS|Mac OS X 10_12_5|safari generic|1280x720,MacOS,Mac OS X 10_12_5,safari generic,1280x720
rv:46.0|Windows 7|firefox|1366x768,rv:46.0,Windows 7,firefox,1366x768
LG-LS995|Android 4.4.2|chrome 63.0 for android|1280x720,LG-LS995,Android 4.4.2,chrome 63.0 for android,1280x720
LG-H990 Build/NRD90M|Android 7.0|chrome 63.0 for android|2560x1440,LG-H990 Build/NRD90M,Android 7.0,chrome 63.0 for android,2560x1440
MacOS|Mac OS X 10_9_5|chrome 63.0|2560x1440,MacOS,Mac OS X 10_9_5,chrome 63.0,2560x1440
MacOS|Mac OS X 10_12_4|chrome 63.0|3360x2100,MacOS,Mac OS X 10_12_4,chrome 63.0,3360x2100
R1|Android 6.0|chrome 63.0 for android|1280x720,R1,Android 6.0,chrome 63.0 for android,1280x720
Windows|Windows 10|edge 16.0|1280x768,Windows,Windows 10,edge 16.0,1280x768
SM-T530NU Build/LRX22G|Android 5.0.2|chrome 63.0 for android|1280x800,SM-T530NU Build/LRX22G,Android 5.0.2,chrome 63.0 for android,1280x800
rv:57.0|Mac OS X 10.10|firefox 57.0|2560x1440,rv:57.0,Mac OS X 10.10,firefox 57.0,2560x1440
Pixel|Android 8.0.0|chrome 62.0 for android|UNK,Pixel,Android 8.0.0,chrome 62.0 for android,
LGUS990|Android 4.4.2|chrome 63.0 for android|2560x1440,LGUS990,Android 4.4.2,chrome 63.0 for android,2560x1440
SM-G930V Build/MMB29M|Android 6.0.1|chrome 60.0 for android|2560x1440,SM-G930V Build/MMB29M,Android 6.0.1,chrome 60.0 for android,2560x1440
XT1032 Build/LPBS23.13-56-2|UNK|chrome 63.0 for android|UNK,XT1032 Build/LPBS23.13-56-2,,chrome 63.0 for android,
SM-G928V Build/NRD90M|Android 7.0|chrome 63.0 for android|1920x1080,SM-G928V Build/NRD90M,Android 7.0,chrome 63.0 for android,1920x1080
LG-H871|Android 7.0|chrome 63.0 for android|2672x1440,LG-H871,Android 7.0,chrome 63.0 for android,2672x1440
SM-J320P Build/LMY47X|Android 5.1.1|chrome 63.0 for android|1280x720,SM-J320P Build/LMY47X,Android 5.1.1,chrome 63.0 for android,1280x720
Lenovo TB-X103F Build/LenovoTB-X103F|Android 6.0.1|chrome 63.0 for android|1280x800,Lenovo TB-X103F Build/LenovoTB-X103F,Android 6.0.1,chrome 63.0 for android,1280x800
5049W Build/NRD90M|Android 7.0|chrome 56.0 for android|1280x720,5049W Build/NRD90M,Android 7.0,chrome 56.0 for android,1280x720
Windows|Windows 8.1|chrome 55.0|1366x768,Windows,Windows 8.1,chrome 55.0,1366x768
LG-TP260 Build/NRD90U|func|chrome 63.0 for android|1280x720,LG-TP260 Build/NRD90U,func,chrome 63.0 for android,1280x720
SM-G935U|Android 7.0|chrome 63.0 for android|1920x1080,SM-G935U,Android 7.0,chrome 63.0 for android,1920x1080
Vivo|UNK|chrome 61.0 for android|UNK,Vivo,,chrome 61.0 for android,
iOS Device|iOS 9.3.5|mobile safari 9.0|2001x1125,iOS Device,iOS 9.3.5,mobile safari 9.0,2001x1125
LG-M250 Build/NRD90U|UNK|other|UNK,LG-M250 Build/NRD90U,,other,
XT1021 Build/KXC21.5-40|UNK|chrome 57.0 for android|UNK,XT1021 Build/KXC21.5-40,,chrome 57.0 for android,
KIW-L24|Android 6.0.1|chrome 63.0 for android|1920x1080,KIW-L24,Android 6.0.1,chrome 63.0 for android,1920x1080
SM-T377T|Android 7.1.1|chrome 61.0 for android|UNK,SM-T377T,Android 7.1.1,chrome 61.0 for android,
SM-G360V Build/LMY48B|Android 5.1.1|chrome 63.0 for android|801x480,SM-G360V Build/LMY48B,Android 5.1.1,chrome 63.0 for android,801x480
iOS Device|iOS 10.2.1|mobile safari generic|1334x750,iOS Device,iOS 10.2.1,mobile safari generic,1334x750
Windows|Windows 10|firefox 52.0|1366x768,Windows,Windows 10,firefox 52.0,1366x768
BLU|UNK|chrome 60.0 for android|UNK,BLU,,chrome 60.0 for android,
MacOS|Mac OS X 10_9_5|safari generic|1280x720,MacOS,Mac OS X 10_9_5,safari generic,1280x720
rv:43.0|UNK|firefox|UNK,rv:43.0,,firefox,
iOS Device|iOS 11.2.5|mobile safari 11.0|2732x2048,iOS Device,iOS 11.2.5,mobile safari 11.0,2732x2048
LG-D320 Build/KOT49I.V10a|UNK|chrome 63.0 for android|UNK,LG-D320 Build/KOT49I.V10a,,chrome 63.0 for android,
rv:57.0|Mac OS X 10.13|firefox 57.0|3440x1440,rv:57.0,Mac OS X 10.13,firefox 57.0,3440x1440
rv:57.0|Android 8.1.0|firefox|UNK,rv:57.0,Android 8.1.0,firefox,
SM-G950U1 Build/NRD90M|Android 7.0|chrome 63.0 for android|2220x1080,SM-G950U1 Build/NRD90M,Android 7.0,chrome 63.0 for android,2220x1080
MacOS|Mac OS X 10_13_3|safari generic|4096x2304,MacOS,Mac OS X 10_13_3,safari generic,4096x2304
SM-G935V Build/NRD90M|Android 7.0|chrome 61.0 for android|1920x1080,SM-G935V Build/NRD90M,Android 7.0,chrome 61.0 for android,1920x1080
Alcatel_5044R Build/NRD90M|Android 7.0|chrome 63.0 for android|UNK,Alcatel_5044R Build/NRD90M,Android 7.0,chrome 63.0 for android,
Trident/7.0|Windows 7|ie 11.0 for desktop|1912x1025,Trident/7.0,Windows 7,ie 11.0 for desktop,1912x1025
Windows|Windows 8|chrome 63.0|1440x900,Windows,Windows 8,chrome 63.0,1440x900
Blade|UNK|chrome 63.0 for android|UNK,Blade,,chrome 63.0 for android,
LG-D693n Build/LRX22G|UNK|chrome 50.0 for android|UNK,LG-D693n Build/LRX22G,,chrome 50.0 for android,
Windows|Windows 8.1|ie 11.0 for desktop|1280x1024,Windows,Windows 8.1,ie 11.0 for desktop,1280x1024
Windows|Windows 10|chrome 63.0|600x450,Windows,Windows 10,chrome 63.0,600x450
iOS Device|iOS 11.1.1|chrome 63.0 for ios|2048x1536,iOS Device,iOS 11.1.1,chrome 63.0 for ios,2048x1536
MacOS|Mac OS X 10_12_5|chrome 59.0|1440x900,MacOS,Mac OS X 10_12_5,chrome 59.0,1440x900
iOS Device|iOS 11.0.1|mobile safari generic|1136x640,iOS Device,iOS 11.0.1,mobile safari generic,1136x640
MacOS|Mac OS X 10_7_5|safari generic|1600x900,MacOS,Mac OS X 10_7_5,safari generic,1600x900
SAMSUNG-SM-N910A|Android|chrome 63.0 for android|2560x1440,SAMSUNG-SM-N910A,Android,chrome 63.0 for android,2560x1440
HUAWEI G7-L03 Build/HuaweiG7-L03|UNK|chrome 61.0 for android|UNK,HUAWEI G7-L03 Build/HuaweiG7-L03,,chrome 61.0 for android,
Windows|Windows 10|edge 16.0|3840x1600,Windows,Windows 10,edge 16.0,3840x1600
SAMSUNG|Android 7.0|samsung browser 6.2|2220x1080,SAMSUNG,Android 7.0,samsung browser 6.2,2220x1080
SM-J700M Build/MMB29K|UNK|chrome 54.0 for android|UNK,SM-J700M Build/MMB29K,,chrome 54.0 for android,
MacOS|Mac OS X 10_12_6|chrome generic|1440x900,MacOS,Mac OS X 10_12_6,chrome generic,1440x900
HTC6500LVW|Android 5.0.2|chrome generic|1920x1080,HTC6500LVW,Android 5.0.2,chrome generic,1920x1080
Linux i686|Linux|firefox 57.0|1920x1080,Linux i686,Linux,firefox 57.0,1920x1080
XT1080 Build/SU6-7.7|Android|chrome 59.0 for android|1280x720,XT1080 Build/SU6-7.7,Android,chrome 59.0 for android,1280x720
SM-N920V Build/NRD90M|Android 7.0|chrome 63.0 for android|2562x1442,SM-N920V Build/NRD90M,Android 7.0,chrome 63.0 for android,2562x1442
MacOS|Mac OS X 10_13_2|safari generic|3200x1800,MacOS,Mac OS X 10_13_2,safari generic,3200x1800
SAMSUNG-SM-G935A Build/NRD90M|Android 7.0|chrome 60.0 for android|1920x1080,SAMSUNG-SM-G935A Build/NRD90M,Android 7.0,chrome 60.0 for android,1920x1080
2PYB2|Android 7.0|chrome 63.0 for android|2560x1440,2PYB2,Android 7.0,chrome 63.0 for android,2560x1440
MacOS|Mac OS X 10_13_2|chrome generic|1440x900,MacOS,Mac OS X 10_13_2,chrome generic,1440x900
SM-T560NU Build/MMB29M|Android 6.0.1|chrome 63.0 for android|1280x800,SM-T560NU Build/MMB29M,Android 6.0.1,chrome 63.0 for android,1280x800
XT1575 Build/NPHS25.200-23-1|Android 7.0|chrome 63.0 for android|2562x1442,XT1575 Build/NPHS25.200-23-1,Android 7.0,chrome 63.0 for android,2562x1442
UNK|Linux|chrome 62.0|2049x1152,,Linux,chrome 62.0,2049x1152
Windows|Windows 8|ie 11.0 for desktop|1920x1080,Windows,Windows 8,ie 11.0 for desktop,1920x1080
Windows|Windows 10|firefox 57.0|1280x768,Windows,Windows 10,firefox 57.0,1280x768
Windows|Windows 10|chrome 63.0|1760x990,Windows,Windows 10,chrome 63.0,1760x990
rv:57.0|Mac OS X 10.13|firefox 57.0|2048x1152,rv:57.0,Mac OS X 10.13,firefox 57.0,2048x1152
SAMSUNG SM-G920A Build/NRD90M|UNK|samsung browser 6.2|UNK,SAMSUNG SM-G920A Build/NRD90M,,samsung browser 6.2,
LG-TP260 Build/NRD90U|Android 7.0|chrome 61.0 for android|1280x720,LG-TP260 Build/NRD90U,Android 7.0,chrome 61.0 for android,1280x720
MacOS|Mac OS X 10_12_5|chrome 60.0|2560x1600,MacOS,Mac OS X 10_12_5,chrome 60.0,2560x1600
RS988|Android 7.0|chrome 63.0 for android|2560x1440,RS988,Android 7.0,chrome 63.0 for android,2560x1440
Z983 Build/NMF26F|Android 7.1.1|chrome 63.0 for android|1920x1080,Z983 Build/NMF26F,Android 7.1.1,chrome 63.0 for android,1920x1080
LG-V495|Android 6.0|chrome 63.0 for android|UNK,LG-V495,Android 6.0,chrome 63.0 for android,
KFDOWI Build/LVY48F|Android 5.1.1|chrome 63.0 for android|UNK,KFDOWI Build/LVY48F,Android 5.1.1,chrome 63.0 for android,
SM-G930V Build/MMB29M|Android 6.0.1|chrome 63.0 for android|2560x1440,SM-G930V Build/MMB29M,Android 6.0.1,chrome 63.0 for android,2560x1440
UNK|Linux|chrome 62.0|1280x1024,,Linux,chrome 62.0,1280x1024
SM-N920V Build/NRD90M|Android 7.0|chrome 61.0 for android|UNK,SM-N920V Build/NRD90M,Android 7.0,chrome 61.0 for android,
LG-H931|Android 7.1.2|firefox|UNK,LG-H931,Android 7.1.2,firefox,
Windows|Windows 10|chrome 63.0|2700x1800,Windows,Windows 10,chrome 63.0,2700x1800
Android 5.1|UNK|chrome 43.0 for android|UNK,Android 5.1,,chrome 43.0 for android,
Windows|Windows 10|chrome 63.0|3201x1800,Windows,Windows 10,chrome 63.0,3201x1800
MacOS|Mac OS X 10_11_6|safari generic|3360x2100,MacOS,Mac OS X 10_11_6,safari generic,3360x2100
XT1030 Build/SU6-7.7|Android|chrome 63.0 for android|1280x720,XT1030 Build/SU6-7.7,Android,chrome 63.0 for android,1280x720
TA-1039 Build/NMF26F|UNK|other|UNK,TA-1039 Build/NMF26F,,other,
LG-K428 Build/MMB29M|Android 6.0.1|chrome 54.0 for android|1280x720,LG-K428 Build/MMB29M,Android 6.0.1,chrome 54.0 for android,1280x720
RCT6S03W12|Android 7.0|chrome 62.0 for android|1280x800,RCT6S03W12,Android 7.0,chrome 62.0 for android,1280x800
Windows NT 6.1|Windows 7|ie 11.0 for desktop|1371x857,Windows NT 6.1,Windows 7,ie 11.0 for desktop,1371x857
SAMSUNG-SM-G920A Build/MMB29K|Android 6.0.1|chrome 63.0 for android|2560x1440,SAMSUNG-SM-G920A Build/MMB29K,Android 6.0.1,chrome 63.0 for android,2560x1440
SM-T807T|Android 4.4.2|chrome 63.0 for android|2560x1600,SM-T807T,Android 4.4.2,chrome 63.0 for android,2560x1600
SAMSUNG-SM-N920A Build/NRD90M|Android 7.0|chrome 63.0 for android|UNK,SAMSUNG-SM-N920A Build/NRD90M,Android 7.0,chrome 63.0 for android,
CAM-L23|UNK|chrome 63.0 for android|UNK,CAM-L23,,chrome 63.0 for android,
SM-T817T|Android 7.0|chrome 63.0 for android|2048x1536,SM-T817T,Android 7.0,chrome 63.0 for android,2048x1536
SAMSUNG SM-G935T Build/NRD90M|Android 7.0|samsung browser 5.4|1920x1080,SAMSUNG SM-G935T Build/NRD90M,Android 7.0,samsung browser 5.4,1920x1080
SM-J727P|UNK|chrome 63.0 for android|UNK,SM-J727P,,chrome 63.0 for android,
SM-S920L|Android 5.0.2|chrome 63.0 for android|960x540,SM-S920L,Android 5.0.2,chrome 63.0 for android,960x540
VS996|UNK|chrome 63.0 for android|UNK,VS996,,chrome 63.0 for android,
SM-J327T Build/NRD90M|Android 7.0|chrome 63.0 for android|1280x720,SM-J327T Build/NRD90M,Android 7.0,chrome 63.0 for android,1280x720
SM-G550T2|Android 6.0.1|chrome 56.0 for android|1280x720,SM-G550T2,Android 6.0.1,chrome 56.0 for android,1280x720
VS985|Android 6.0|chrome 63.0 for android|2560x1440,VS985,Android 6.0,chrome 63.0 for android,2560x1440
ILIUM|UNK|chrome 63.0 for android|UNK,ILIUM,,chrome 63.0 for android,
VS985|Android 6.0|chrome 55.0 for android|2560x1440,VS985,Android 6.0,chrome 55.0 for android,2560x1440
LG-H918 Build/NRD90M|Android 7.0|chrome 61.0 for android|2560x1440,LG-H918 Build/NRD90M,Android 7.0,chrome 61.0 for android,2560x1440
LG-H815 Build/MRA58K|UNK|chrome 63.0 for android|UNK,LG-H815 Build/MRA58K,,chrome 63.0 for android,
SM-G955F Build/NRD90M|Android 7.0|chrome 63.0 for android|UNK,SM-G955F Build/NRD90M,Android 7.0,chrome 63.0 for android,
Windows|Windows 10|chrome 61.0|1728x972,Windows,Windows 10,chrome 61.0,1728x972
MacOS|Mac OS X 10_12_5|chrome 63.0|2560x1440,MacOS,Mac OS X 10_12_5,chrome 63.0,2560x1440
ALE-L23 Build/HuaweiALE-L23|UNK|chrome 61.0 for android|UNK,ALE-L23 Build/HuaweiALE-L23,,chrome 61.0 for android,
rv:52.0|Windows Vista|firefox 52.0|1600x900,rv:52.0,Windows Vista,firefox 52.0,1600x900
SAMSUNG SM-G532M Build/MMB29T|UNK|samsung browser 5.4|UNK,SAMSUNG SM-G532M Build/MMB29T,,samsung browser 5.4,
SM-N950U Build/NMF26X|Android 7.1.1|chrome 59.0 for android|UNK,SM-N950U Build/NMF26X,Android 7.1.1,chrome 59.0 for android,
P4526A Build/NRD90M|UNK|chrome 63.0 for android|UNK,P4526A Build/NRD90M,,chrome 63.0 for android,
Windows|Windows 10|edge 16.0|2560x1440,Windows,Windows 10,edge 16.0,2560x1440
rv:50.0|Windows 7|firefox|1024x768,rv:50.0,Windows 7,firefox,1024x768
SM-G920T Build/NRD90M|Android 7.0|chrome 60.0 for android|2560x1440,SM-G920T Build/NRD90M,Android 7.0,chrome 60.0 for android,2560x1440
SM-J727V Build/NRD90M|Android 7.0|chrome 61.0 for android|1280x720,SM-J727V Build/NRD90M,Android 7.0,chrome 61.0 for android,1280x720
LG-K428 Build/NRD90U|Android 7.0|chrome 63.0 for android|UNK,LG-K428 Build/NRD90U,Android 7.0,chrome 63.0 for android,
Blade V6 Max Build/MRA58K|UNK|chrome 58.0 for android|UNK,Blade V6 Max Build/MRA58K,,chrome 58.0 for android,
SM-T713 Build/NRD90M|Android 7.0|chrome 62.0 for android|2048x1536,SM-T713 Build/NRD90M,Android 7.0,chrome 62.0 for android,2048x1536
F5321|Android 7.1.1|chrome 63.0 for android|1280x720,F5321,Android 7.1.1,chrome 63.0 for android,1280x720
Linux i686|Linux|firefox 47.0|1440x900,Linux i686,Linux,firefox 47.0,1440x900
iOS Device|iOS|mobile safari generic|2001x1125,iOS Device,iOS,mobile safari generic,2001x1125
SAMSUNG|Android 5.1.1|chrome generic|2562x1442,SAMSUNG,Android 5.1.1,chrome generic,2562x1442
iOS Device|iOS 11.0.2|mobile safari generic|2208x1242,iOS Device,iOS 11.0.2,mobile safari generic,2208x1242
Linux x86_64|Linux|puffin|2001x1125,Linux x86_64,Linux,puffin,2001x1125
rv:49.0|Mac OS X 10.11|firefox|1920x1080,rv:49.0,Mac OS X 10.11,firefox,1920x1080
iOS Device|iOS 11.0.1|mobile safari 11.0|2001x1125,iOS Device,iOS 11.0.1,mobile safari 11.0,2001x1125
iOS Device|iOS 11.2.1|mobile safari uiwebview|1136x640,iOS Device,iOS 11.2.1,mobile safari uiwebview,1136x640
UNK|Linux|chrome 56.0|1366x768,,Linux,chrome 56.0,1366x768
UNK|func|mobile safari 11.0|2436x1125,,func,mobile safari 11.0,2436x1125
Moto Z (2|Android 7.1.1|chrome generic|UNK,Moto Z (2,Android 7.1.1,chrome generic,
CAM-L03 Build/HUAWEICAM-L03|UNK|chrome 54.0 for android|UNK,CAM-L03 Build/HUAWEICAM-L03,,chrome 54.0 for android,
iOS Device|iOS 11.2.0|chrome 63.0 for ios|2732x2048,iOS Device,iOS 11.2.0,chrome 63.0 for ios,2732x2048
VS996|Android 7.1.2|chrome 63.0 for android|2880x1440,VS996,Android 7.1.2,chrome 63.0 for android,2880x1440
MacOS|Mac|safari generic|1152x720,MacOS,Mac,safari generic,1152x720
LG-H811 Build/MRA58K|Android 6.0|chrome 60.0 for android|2560x1440,LG-H811 Build/MRA58K,Android 6.0,chrome 60.0 for android,2560x1440
SM-G900P|Android 7.1.2|chrome 63.0 for android|1920x1080,SM-G900P,Android 7.1.2,chrome 63.0 for android,1920x1080
SAMSUNG SM-J320M Build/LMY47V|UNK|chrome generic|UNK,SAMSUNG SM-J320M Build/LMY47V,,chrome generic,
Windows|Windows Vista|UNK|1680x1050,Windows,Windows Vista,,1680x1050
SM-G900R4|Android 6.0.1|chrome 63.0 for android|1920x1080,SM-G900R4,Android 6.0.1,chrome 63.0 for android,1920x1080
MacOS|Mac|safari|1680x1050,MacOS,Mac,safari,1680x1050
Lenovo|Android 6.0|chrome 63.0 for android|1920x1200,Lenovo,Android 6.0,chrome 63.0 for android,1920x1200
SM-G950U1 Build/NRD90M|UNK|chrome 63.0 for android|UNK,SM-G950U1 Build/NRD90M,,chrome 63.0 for android,
UNK|Linux|chrome generic|1920x1080,,Linux,chrome generic,1920x1080
SAMSUNG-SM-G930A|Android 6.0.1|chrome 63.0 for android|2560x1440,SAMSUNG-SM-G930A,Android 6.0.1,chrome 63.0 for android,2560x1440
UNK|Linux|samsung browser 6.2|UNK,,Linux,samsung browser 6.2,
MacOS|Mac|chrome 60.0|2560x1600,MacOS,Mac,chrome 60.0,2560x1600
BBA100-1|Android 6.0.1|chrome 63.0 for android|2562x1442,BBA100-1,Android 6.0.1,chrome 63.0 for android,2562x1442
UNK|Linux|chrome 62.0|1920x1200,,Linux,chrome 62.0,1920x1200
SM-T827V Build/NRD90M|Android 7.0|chrome 61.0 for android|2048x1536,SM-T827V Build/NRD90M,Android 7.0,chrome 61.0 for android,2048x1536
LG-H872 Build/NRD90U|Android 7.0|chrome 60.0 for android|2672x1440,LG-H872 Build/NRD90U,Android 7.0,chrome 60.0 for android,2672x1440
SM-N920G Build/NRD90M|UNK|chrome 63.0 for android|UNK,SM-N920G Build/NRD90M,,chrome 63.0 for android,
Windows|Windows 7|chrome 63.0|1800x1125,Windows,Windows 7,chrome 63.0,1800x1125
SM-T813 Build/NRD90M|Android 7.0|opera|2048x1536,SM-T813 Build/NRD90M,Android 7.0,opera,2048x1536
MacOS|Mac OS X 10_13_2|chrome generic|2880x1800,MacOS,Mac OS X 10_13_2,chrome generic,2880x1800
SM-G925V Build/NRD90M|Android 7.0|chrome 61.0 for android|2560x1440,SM-G925V Build/NRD90M,Android 7.0,chrome 61.0 for android,2560x1440
SM-J200M Build/LMY47X|UNK|chrome 43.0 for android|UNK,SM-J200M Build/LMY47X,,chrome 43.0 for android,
Moto G (5S|Android 7.1.1|chrome generic|1920x1080,Moto G (5S,Android 7.1.1,chrome generic,1920x1080
rv:39.0|Windows 10|firefox|1366x768,rv:39.0,Windows 10,firefox,1366x768
Vivo|Android 7.0|chrome 63.0 for android|1920x1080,Vivo,Android 7.0,chrome 63.0 for android,1920x1080
831C|Android 6.0|chrome 63.0 for android|1920x1080,831C,Android 6.0,chrome 63.0 for android,1920x1080
LG-H830|Android 6.0.1|chrome 63.0 for android|2560x1440,LG-H830,Android 6.0.1,chrome 63.0 for android,2560x1440
ALCATEL ONE TOUCH 7047A Build/JDQ39|UNK|chrome 58.0 for android|UNK,ALCATEL ONE TOUCH 7047A Build/JDQ39,,chrome 58.0 for android,
iOS Device|iOS 10.3.1|chrome|2048x1536,iOS Device,iOS 10.3.1,chrome,2048x1536
SGH-I337M Build/LRX22C|UNK|chrome 50.0 for android|UNK,SGH-I337M Build/LRX22C,,chrome 50.0 for android,
SM-G800F Build/MMB29K|UNK|chrome 62.0 for android|UNK,SM-G800F Build/MMB29K,,chrome 62.0 for android,
Pixel Build/OPM1.171019.011|Android 8.1.0|chrome 61.0 for android|UNK,Pixel Build/OPM1.171019.011,Android 8.1.0,chrome 61.0 for android,
MacOS|Mac OS X 10_11_6|chrome 62.0|3360x2100,MacOS,Mac OS X 10_11_6,chrome 62.0,3360x2100
SM-E700M|UNK|chrome 62.0 for android|UNK,SM-E700M,,chrome 62.0 for android,
Windows|Windows 10|chrome 58.0|1600x900,Windows,Windows 10,chrome 58.0,1600x900
SAMSUNG SM-J710MN Build/NRD90M|Android 7.0|samsung browser 6.2|UNK,SAMSUNG SM-J710MN Build/NRD90M,Android 7.0,samsung browser 6.2,
SM-G935P Build/NRD90M|Android 7.0|chrome 63.0 for android|1281x721,SM-G935P Build/NRD90M,Android 7.0,chrome 63.0 for android,1281x721
XT1710-02 Build/NDSS26.118-23-15|Android 7.1.1|chrome 63.0 for android|1920x1080,XT1710-02 Build/NDSS26.118-23-15,Android 7.1.1,chrome 63.0 for android,1920x1080
HUAWEI G7-L03 Build/HuaweiG7-L03|UNK|chrome 57.0 for android|UNK,HUAWEI G7-L03 Build/HuaweiG7-L03,,chrome 57.0 for android,
SCH-I545 Build/LRX22C|Android|chrome 61.0 for android|1920x1080,SCH-I545 Build/LRX22C,Android,chrome 61.0 for android,1920x1080
Windows|func|edge 15.0|1366x768,Windows,func,edge 15.0,1366x768
MDDRJS|Windows 7|ie 11.0 for desktop|1366x768,MDDRJS,Windows 7,ie 11.0 for desktop,1366x768
Z831|Android 6.0.1|chrome 59.0 for android|855x480,Z831,Android 6.0.1,chrome 59.0 for android,855x480
GT-P3100|UNK|chrome generic for android|UNK,GT-P3100,,chrome generic for android,
F3313 Build/37.0.A.2.108|UNK|chrome 55.0 for android|UNK,F3313 Build/37.0.A.2.108,,chrome 55.0 for android,
LG-X165g Build/LRX21M|UNK|chrome 43.0 for android|UNK,LG-X165g Build/LRX21M,,chrome 43.0 for android,
iOS Device|iOS 11.2.1|chrome 62.0 for ios|2048x1536,iOS Device,iOS 11.2.1,chrome 62.0 for ios,2048x1536
E5606|UNK|other|UNK,E5606,,other,
LG-V410|UNK|chrome 62.0 for android|UNK,LG-V410,,chrome 62.0 for android,
SAMSUNG-SM-G900A|Android|chrome|1920x1080,SAMSUNG-SM-G900A,Android,chrome,1920x1080
Windows|Windows 7|chrome 62.0|2049x1152,Windows,Windows 7,chrome 62.0,2049x1152
Windows|Windows Vista|chrome 49.0|1920x1200,Windows,Windows Vista,chrome 49.0,1920x1200
iOS Device|iOS 10.3.1|chrome 63.0 for ios|2048x1536,iOS Device,iOS 10.3.1,chrome 63.0 for ios,2048x1536
ASUS_Z00UD|UNK|android webview 4.0|UNK,ASUS_Z00UD,,android webview 4.0,
SM-T560 Build/KTU84P|UNK|chrome 55.0 for android|UNK,SM-T560 Build/KTU84P,,chrome 55.0 for android,
SM-G930V Build/NRD90M|UNK|chrome 63.0 for android|UNK,SM-G930V Build/NRD90M,,chrome 63.0 for android,
SM-A720F Build/MMB29K|UNK|chrome 61.0 for android|UNK,SM-A720F Build/MMB29K,,chrome 61.0 for android,
Windows|Windows 8.1|chrome 63.0|1920x1281,Windows,Windows 8.1,chrome 63.0,1920x1281
rv:57.0|Android 6.0|Generic/Android|1776x1080,rv:57.0,Android 6.0,Generic/Android,1776x1080
LG-K580 Build/MRA58K|UNK|chrome 50.0 for android|UNK,LG-K580 Build/MRA58K,,chrome 50.0 for android,
SM-N900P Build/LRX21V|Android 5.0|chrome 43.0 for android|1920x1080,SM-N900P Build/LRX21V,Android 5.0,chrome 43.0 for android,1920x1080
LG-V700|UNK|chrome 52.0 for android|UNK,LG-V700,,chrome 52.0 for android,
SM-G930F Build/NRD90M|UNK|chrome 58.0 for android|UNK,SM-G930F Build/NRD90M,,chrome 58.0 for android,
Windows|Windows 10|opera 49.0|2560x1600,Windows,Windows 10,opera 49.0,2560x1600
5015A Build/LMY47I|UNK|chrome 59.0 for android|UNK,5015A Build/LMY47I,,chrome 59.0 for android,
SAMSUNG SM-J700T1 Build/NMF26X|Android 7.1.1|samsung browser 6.2|1280x720,SAMSUNG SM-J700T1 Build/NMF26X,Android 7.1.1,samsung browser 6.2,1280x720
P008 Build/NRD90M|Android 7.0|chrome 63.0 for android|UNK,P008 Build/NRD90M,Android 7.0,chrome 63.0 for android,
ONEPLUS|Android 7.1.1|chrome 59.0 for android|1920x1080,ONEPLUS,Android 7.1.1,chrome 59.0 for android,1920x1080
5054N|Android 5.1.1|chrome 53.0 for android|1280x720,5054N,Android 5.1.1,chrome 53.0 for android,1280x720
SAMSUNG-SM-J320A Build/NMF26X|Android 7.1.1|chrome 63.0 for android|1280x720,SAMSUNG-SM-J320A Build/NMF26X,Android 7.1.1,chrome 63.0 for android,1280x720
VS987 Build/NRD90U|UNK|chrome 63.0 for android|UNK,VS987 Build/NRD90U,,chrome 63.0 for android,
VS995 Build/NRD90M|Android 7.0|chrome 63.0 for android|UNK,VS995 Build/NRD90M,Android 7.0,chrome 63.0 for android,
LG-K550 Build/NRD90U|Android 7.0|chrome 59.0 for android|1280x720,LG-K550 Build/NRD90U,Android 7.0,chrome 59.0 for android,1280x720
SM-G800M Build/KOT49H|UNK|chrome 63.0 for android|UNK,SM-G800M Build/KOT49H,,chrome 63.0 for android,
SM-G935W8|Android 7.0|chrome 63.0 for android|1920x1080,SM-G935W8,Android 7.0,chrome 63.0 for android,1920x1080
MacOS|Mac OS X 10_13_2|chrome 62.0|UNK,MacOS,Mac OS X 10_13_2,chrome 62.0,
BBB100-2|Android 7.1.1|chrome 63.0 for android|UNK,BBB100-2,Android 7.1.1,chrome 63.0 for android,
Moto C Plus Build/NRD90M.05.034|UNK|chrome 63.0 for android|UNK,Moto C Plus Build/NRD90M.05.034,,chrome 63.0 for android,
LG-D680|UNK|chrome 62.0 for android|UNK,LG-D680,,chrome 62.0 for android,
Windows|Windows 10|chrome 55.0|1920x1080,Windows,Windows 10,chrome 55.0,1920x1080
SM-G935W8|Android 7.0|chrome 63.0 for android|2562x1442,SM-G935W8,Android 7.0,chrome 63.0 for android,2562x1442
LGMP260 Build/NRD90U|UNK|chrome 62.0 for android|UNK,LGMP260 Build/NRD90U,,chrome 62.0 for android,
rv:57.0|Mac OS X 10.9|firefox 57.0|1680x1050,rv:57.0,Mac OS X 10.9,firefox 57.0,1680x1050
SM-J700T Build/NMF26X|Android 7.1.1|chrome 63.0 for android|UNK,SM-J700T Build/NMF26X,Android 7.1.1,chrome 63.0 for android,
Windows|Windows XP|chrome 49.0|1920x1200,Windows,Windows XP,chrome 49.0,1920x1200
SM-S727VL Build/MMB29M|Android 6.0.1|chrome 63.0 for android|1280x720,SM-S727VL Build/MMB29M,Android 6.0.1,chrome 63.0 for android,1280x720
MacOS|Mac OS X 10_11_6|opera 49.0|5120x2880,MacOS,Mac OS X 10_11_6,opera 49.0,5120x2880
MotoG3 Build/MPIS24.65-33.1-2-16|UNK|chrome 61.0 for android|UNK,MotoG3 Build/MPIS24.65-33.1-2-16,,chrome 61.0 for android,
2PS64 Build/NRD90M|Android 7.0|chrome 63.0 for android|UNK,2PS64 Build/NRD90M,Android 7.0,chrome 63.0 for android,
F3313|UNK|chrome 63.0 for android|UNK,F3313,,chrome 63.0 for android,
MacOS|Mac OS X 10_11_6|safari generic|1152x720,MacOS,Mac OS X 10_11_6,safari generic,1152x720
HUAWEI TAG-L13 Build/HUAWEITAG-L13|UNK|chrome 60.0 for android|UNK,HUAWEI TAG-L13 Build/HUAWEITAG-L13,,chrome 60.0 for android,
Windows|Windows 10|firefox generic|1600x900,Windows,Windows 10,firefox generic,1600x900
ONE|UNK|chrome 63.0 for android|UNK,ONE,,chrome 63.0 for android,
SM-G920V Build/MMB29K|Android 6.0.1|chrome 60.0 for android|2560x1440,SM-G920V Build/MMB29K,Android 6.0.1,chrome 60.0 for android,2560x1440
Moto|UNK|chrome generic|UNK,Moto,,chrome generic,
5054S Build/LMY47V|UNK|chrome 61.0 for android|UNK,5054S Build/LMY47V,,chrome 61.0 for android,
D5106|UNK|chrome 62.0 for android|UNK,D5106,,chrome 62.0 for android,
SAMSUNG-SGH-I337|UNK|chrome 63.0 for android|UNK,SAMSUNG-SGH-I337,,chrome 63.0 for android,
MacOS|Mac OS X 10_10_5|chrome 58.0|1440x900,MacOS,Mac OS X 10_10_5,chrome 58.0,1440x900
LG-D693n Build/LRX22G|UNK|chrome 63.0 for android|UNK,LG-D693n Build/LRX22G,,chrome 63.0 for android,
LGL84VL Build/NRD90U|Android 7.0|chrome 63.0 for android|1280x720,LGL84VL Build/NRD90U,Android 7.0,chrome 63.0 for android,1280x720
UNK|Linux|chrome 63.0|2672x1440,,Linux,chrome 63.0,2672x1440
M4|UNK|chrome 63.0 for android|UNK,M4,,chrome 63.0 for android,
TA-1028 Build/NMF26O|UNK|chrome 63.0 for android|UNK,TA-1028 Build/NMF26O,,chrome 63.0 for android,
BOIE9|UNK|ie 11.0 for desktop|UNK,BOIE9,,ie 11.0 for desktop,
Y635-L03 Build/HuaweiY635-L03|UNK|chrome 63.0 for android|UNK,Y635-L03 Build/HuaweiY635-L03,,chrome 63.0 for android,
HTC Desire 10 lifestyle Build/MMB29M|UNK|chrome 51.0 for android|UNK,HTC Desire 10 lifestyle Build/MMB29M,,chrome 51.0 for android,
Linux x86_64|UNK|chrome 63.0|UNK,Linux x86_64,,chrome 63.0,
UNK|other|mobile safari 10.0|1136x640,,other,mobile safari 10.0,1136x640
SM-J320M Build/LMY47V|UNK|chrome 59.0 for android|UNK,SM-J320M Build/LMY47V,,chrome 59.0 for android,
YOGA|Android|chrome 49.0 for android|1920x1200,YOGA,Android,chrome 49.0 for android,1920x1200
LGMS210 Build/NRD90U|Android 7.0|chrome 62.0 for android|UNK,LGMS210 Build/NRD90U,Android 7.0,chrome 62.0 for android,
MacOS|Mac OS X 10_7_5|chrome 49.0|2560x1440,MacOS,Mac OS X 10_7_5,chrome 49.0,2560x1440
Z410|UNK|chrome 61.0 for android|UNK,Z410,,chrome 61.0 for android,
D5316|UNK|chrome 62.0 for android|UNK,D5316,,chrome 62.0 for android,
rv:50.0|UNK|firefox|UNK,rv:50.0,,firefox,
rv:55.0|UNK|firefox 55.0|UNK,rv:55.0,,firefox 55.0,
SPH-L720|Android|chrome 62.0 for android|1920x1080,SPH-L720,Android,chrome 62.0 for android,1920x1080
SAMSUNG SM-G930A Build/NRD90M|Android 7.0|samsung browser 5.4|1920x1080,SAMSUNG SM-G930A Build/NRD90M,Android 7.0,samsung browser 5.4,1920x1080
Lenovo K33b36 Build/NRD90N|UNK|chrome 63.0 for android|UNK,Lenovo K33b36 Build/NRD90N,,chrome 63.0 for android,
E6853|UNK|chrome 63.0 for android|UNK,E6853,,chrome 63.0 for android,
SM-G920V Build/NRD90M|Android 7.0|chrome 61.0 for android|2560x1440,SM-G920V Build/NRD90M,Android 7.0,chrome 61.0 for android,2560x1440
Windows|Windows 7|chrome 59.0|2560x1600,Windows,Windows 7,chrome 59.0,2560x1600
S57 Build/KTU84P|UNK|chrome 63.0 for android|UNK,S57 Build/KTU84P,,chrome 63.0 for android,
SM-N915V|UNK|chrome 57.0 for android|UNK,SM-N915V,,chrome 57.0 for android,
0PAJ5|Android 6.0.1|chrome 63.0 for android|1920x1080,0PAJ5,Android 6.0.1,chrome 63.0 for android,1920x1080
ZTE|UNK|chrome 63.0 for android|UNK,ZTE,,chrome 63.0 for android,
RCT6513W87 Build/MRA58K|Android 6.0|chrome 63.0 for android|1024x600,RCT6513W87 Build/MRA58K,Android 6.0,chrome 63.0 for android,1024x600
E6853 Build/32.4.A.1.54|UNK|chrome 62.0 for android|UNK,E6853 Build/32.4.A.1.54,,chrome 62.0 for android,
LG-H542 Build/MRA58K|UNK|chrome 61.0 for android|UNK,LG-H542 Build/MRA58K,,chrome 61.0 for android,
rv:52.0|Windows 8.1|firefox 52.0|1280x1024,rv:52.0,Windows 8.1,firefox 52.0,1280x1024
XT1710-02 Build/NDSS26.118-23-15|Android 7.1.1|chrome 58.0 for android|1920x1080,XT1710-02 Build/NDSS26.118-23-15,Android 7.1.1,chrome 58.0 for android,1920x1080
LG-H840 Build/MMB29M|UNK|chrome 63.0 for android|UNK,LG-H840 Build/MMB29M,,chrome 63.0 for android,
UNK|Linux|samsung browser 6.2|2560x1440,,Linux,samsung browser 6.2,2560x1440
LG-H870 Build/NRD90U|UNK|other|UNK,LG-H870 Build/NRD90U,,other,
LG-H542 Build/MRA58K|UNK|chrome 50.0 for android|UNK,LG-H542 Build/MRA58K,,chrome 50.0 for android,
SM-G955U Build/NRD90M|Android 7.0|chrome 60.0 for android|UNK,SM-G955U Build/NRD90M,Android 7.0,chrome 60.0 for android,
SM-G720AX|UNK|chrome 63.0 for android|UNK,SM-G720AX,,chrome 63.0 for android,
MacOS|Mac OS X 10_12_5|chrome 63.0|5120x2880,MacOS,Mac OS X 10_12_5,chrome 63.0,5120x2880
SM-G900M Build/MMB29M|UNK|chrome 49.0 for android|UNK,SM-G900M Build/MMB29M,,chrome 49.0 for android,
HTC Desire 10 lifestyle Build/MMB29M|UNK|chrome 61.0 for android|UNK,HTC Desire 10 lifestyle Build/MMB29M,,chrome 61.0 for android,
Pixel|UNK|chrome 63.0 for android|UNK,Pixel,,chrome 63.0 for android,
LG-X240 Build/MRA58K|UNK|chrome 55.0 for android|UNK,LG-X240 Build/MRA58K,,chrome 55.0 for android,
6045I Build/LRX22G|UNK|chrome 58.0 for android|UNK,6045I Build/LRX22G,,chrome 58.0 for android,
Windows|Windows 8.1|chrome|1600x900,Windows,Windows 8.1,chrome,1600x900
Windows|Windows 10|chrome 57.0|UNK,Windows,Windows 10,chrome 57.0,
SM-J510MN Build/MMB29M|UNK|chrome 50.0 for android|UNK,SM-J510MN Build/MMB29M,,chrome 50.0 for android,
Windows|Windows 10|firefox 57.0|3200x1800,Windows,Windows 10,firefox 57.0,3200x1800
LG-LS998|Android 7.1.2|chrome 63.0 for android|2880x1440,LG-LS998,Android 7.1.2,chrome 63.0 for android,2880x1440
Android 6.0|UNK|android webview 4.0|UNK,Android 6.0,,android webview 4.0,
E2006|UNK|chrome 62.0 for android|UNK,E2006,,chrome 62.0 for android,
BBB100-1|Android 7.1.1|chrome 63.0 for android|UNK,BBB100-1,Android 7.1.1,chrome 63.0 for android,
HUAWEI TAG-L13 Build/HUAWEITAG-L13|UNK|chrome 59.0 for android|UNK,HUAWEI TAG-L13 Build/HUAWEITAG-L13,,chrome 59.0 for android,
Trident/7.0|Windows 10|ie 11.0 for tablet|1280x800,Trident/7.0,Windows 10,ie 11.0 for tablet,1280x800
Redmi 4X Build/N2G47H|UNK|chrome 63.0 for android|UNK,Redmi 4X Build/N2G47H,,chrome 63.0 for android,
LG-D320 Build/KOT49I.V10a|UNK|chrome 57.0 for android|UNK,LG-D320 Build/KOT49I.V10a,,chrome 57.0 for android,
GT-I9060L Build/JDQ39|UNK|chrome 62.0 for android|UNK,GT-I9060L Build/JDQ39,,chrome 62.0 for android,
SM-G925I Build/MMB29K|UNK|chrome 63.0 for android|UNK,SM-G925I Build/MMB29K,,chrome 63.0 for android,
SM-T530|UNK|chrome 63.0 for android|UNK,SM-T530,,chrome 63.0 for android,
HUAWEI VNS-L23 Build/HUAWEIVNS-L23|UNK|chrome 56.0 for android|UNK,HUAWEI VNS-L23 Build/HUAWEIVNS-L23,,chrome 56.0 for android,
Infinit|UNK|chrome 63.0 for android|UNK,Infinit,,chrome 63.0 for android,
Lenovo|UNK|chrome 54.0 for android|UNK,Lenovo,,chrome 54.0 for android,
SM-J110M Build/LMY48B|UNK|chrome 62.0 for android|UNK,SM-J110M Build/LMY48B,,chrome 62.0 for android,
GT-I9060L Build/JDQ39|UNK|chrome 63.0 for android|UNK,GT-I9060L Build/JDQ39,,chrome 63.0 for android,
HTC One M9 Build/NRD90M|UNK|chrome 61.0 for android|UNK,HTC One M9 Build/NRD90M,,chrome 61.0 for android,
LG-D213|UNK|chrome 61.0 for android|UNK,LG-D213,,chrome 61.0 for android,
LAVA_A3|UNK|chrome 63.0 for android|UNK,LAVA_A3,,chrome 63.0 for android,
GT-S7390|UNK|chrome 59.0 for android|UNK,GT-S7390,,chrome 59.0 for android,
KYOCERA-C6742A Build/LMY47V|Android 5.1.1|chrome 62.0 for android|960x540,KYOCERA-C6742A Build/LMY47V,Android 5.1.1,chrome 62.0 for android,960x540
MacOS|Mac OS X 10_12_5|chrome 58.0|1366x768,MacOS,Mac OS X 10_12_5,chrome 58.0,1366x768
A1601 Build/LMY47I|UNK|chrome 60.0 for android|UNK,A1601 Build/LMY47I,,chrome 60.0 for android,
rv:52.0|Windows 7|firefox 52.0|1920x1200,rv:52.0,Windows 7,firefox 52.0,1920x1200
Alcatel_5054O|Android 5.1.1|chrome 63.0 for android|1280x720,Alcatel_5054O,Android 5.1.1,chrome 63.0 for android,1280x720
Lenovo YT3-X50F Build/MMB29M|UNK|chrome 63.0 for android|UNK,Lenovo YT3-X50F Build/MMB29M,,chrome 63.0 for android,
HUAWEI Y520-U03 Build/HUAWEIY520-U03|UNK|chrome 63.0 for android|UNK,HUAWEI Y520-U03 Build/HUAWEIY520-U03,,chrome 63.0 for android,
rv:57.0|Mac OS X 10.12|firefox 57.0|5120x2880,rv:57.0,Mac OS X 10.12,firefox 57.0,5120x2880
SAMSUNG-SM-G925A|UNK|chrome 63.0 for android|UNK,SAMSUNG-SM-G925A,,chrome 63.0 for android,
MacOS|Mac OS X 10_12_6|chrome 61.0|2560x1440,MacOS,Mac OS X 10_12_6,chrome 61.0,2560x1440
SM-G935V Build/NRD90M|Android 7.0|chrome 63.0 for android|1280x720,SM-G935V Build/NRD90M,Android 7.0,chrome 63.0 for android,1280x720
MacOS|Mac OS X 10_11_5|chrome 60.0|1280x800,MacOS,Mac OS X 10_11_5,chrome 60.0,1280x800
SM-A300H|UNK|chrome 55.0 for android|UNK,SM-A300H,,chrome 55.0 for android,
Windows|Windows 7|chrome 63.0|2552x1337,Windows,Windows 7,chrome 63.0,2552x1337
HUAWEI Build/MMB28B|UNK|chrome 63.0 for android|UNK,HUAWEI Build/MMB28B,,chrome 63.0 for android,
SAMSUNG-SM-J327A Build/NRD90M|Android 7.0|chrome 63.0 for android|1280x720,SAMSUNG-SM-J327A Build/NRD90M,Android 7.0,chrome 63.0 for android,1280x720
E2306 Build/26.3.A.1.33|UNK|chrome 63.0 for android|UNK,E2306 Build/26.3.A.1.33,,chrome 63.0 for android,
Ilium L620 Build/NRD90M|UNK|chrome 63.0 for android|UNK,Ilium L620 Build/NRD90M,,chrome 63.0 for android,
MacOS|Mac OS X 10_11_6|safari generic|1280x768,MacOS,Mac OS X 10_11_6,safari generic,1280x768
Blade A510 Build/MRA58K|UNK|chrome 49.0 for android|UNK,Blade A510 Build/MRA58K,,chrome 49.0 for android,
XT1032 Build/KXB21.14-L1.40|UNK|chrome 60.0 for android|UNK,XT1032 Build/KXB21.14-L1.40,,chrome 60.0 for android,
XT1021 Build/KXC21.5-40|UNK|chrome 62.0 for android|UNK,XT1021 Build/KXC21.5-40,,chrome 62.0 for android,
SM-N910P|Android 6.0.1|chrome 63.0 for android|2560x1440,SM-N910P,Android 6.0.1,chrome 63.0 for android,2560x1440
Lenovo PB2-650Y Build/MRA58K|UNK|chrome 62.0 for android|UNK,Lenovo PB2-650Y Build/MRA58K,,chrome 62.0 for android,
SM-G9250|UNK|chrome 63.0 for android|UNK,SM-G9250,,chrome 63.0 for android,
SM-G955U1 Build/NRD90M|UNK|chrome 63.0 for android|UNK,SM-G955U1 Build/NRD90M,,chrome 63.0 for android,
SM-N920C Build/NRD90M|UNK|chrome 63.0 for android|UNK,SM-N920C Build/NRD90M,,chrome 63.0 for android,
XT1040|UNK|chrome 58.0 for android|UNK,XT1040,,chrome 58.0 for android,
SM-J710GN|Android 7.0|chrome 63.0 for android|1280x720,SM-J710GN,Android 7.0,chrome 63.0 for android,1280x720
SM-N900P Build/LRX21V|Android 5.0|chrome 63.0 for android|1920x1080,SM-N900P Build/LRX21V,Android 5.0,chrome 63.0 for android,1920x1080
F3113 Build/33.2.A.3.81|UNK|chrome 63.0 for android|UNK,F3113 Build/33.2.A.3.81,,chrome 63.0 for android,
SM-A500W|UNK|chrome 63.0 for android|UNK,SM-A500W,,chrome 63.0 for android,
SM-J120H Build/LMY47V|UNK|chrome 55.0 for android|UNK,SM-J120H Build/LMY47V,,chrome 55.0 for android,
MacOS|Mac OS X 10_11_6|chrome 63.0|3600x2250,MacOS,Mac OS X 10_11_6,chrome 63.0,3600x2250
LG-X210 Build/LMY47I|UNK|chrome 46.0 for android|UNK,LG-X210 Build/LMY47I,,chrome 46.0 for android,
Nexus 6 Build/N6F27M|Android 7.1.1|chrome 63.0 for android|2562x1442,Nexus 6 Build/N6F27M,Android 7.1.1,chrome 63.0 for android,2562x1442
XT1563 Build/MPD24.107-52|UNK|chrome 59.0 for android|UNK,XT1563 Build/MPD24.107-52,,chrome 59.0 for android,
Hisense L675 PRO Build/NRD90M|UNK|chrome 56.0 for android|UNK,Hisense L675 PRO Build/NRD90M,,chrome 56.0 for android,
LG-X180g Build/LMY47I|UNK|chrome 58.0 for android|UNK,LG-X180g Build/LMY47I,,chrome 58.0 for android,
Moto Z2 Play Build/NPSS26.118-19-11|UNK|chrome 63.0 for android|UNK,Moto Z2 Play Build/NPSS26.118-19-11,,chrome 63.0 for android,
LG-M400 Build/NRD90U|UNK|chrome 63.0 for android|UNK,LG-M400 Build/NRD90U,,chrome 63.0 for android,
Redmi 4A Build/MMB29M|UNK|android webview 4.0|UNK,Redmi 4A Build/MMB29M,,android webview 4.0,
Nexus|Android 5.1.1|chrome 63.0 for android|2560x1600,Nexus,Android 5.1.1,chrome 63.0 for android,2560x1600
SM-A310F Build/NRD90M|UNK|chrome 62.0 for android|UNK,SM-A310F Build/NRD90M,,chrome 62.0 for android,
QTAQZ3 Build/KOT49H|Android 4.4.2|chrome 56.0 for android|UNK,QTAQZ3 Build/KOT49H,Android 4.4.2,chrome 56.0 for android,
M4 SS4450 Build/MRA58K|UNK|chrome 52.0 for android|UNK,M4 SS4450 Build/MRA58K,,chrome 52.0 for android,
M4 SS4452 Build/LMY47V|UNK|chrome 46.0 for android|UNK,M4 SS4452 Build/LMY47V,,chrome 46.0 for android,
SM-T560NU Build/NMF26X|UNK|other|UNK,SM-T560NU Build/NMF26X,,other,
SM-T110 Build/JDQ39|Android|chrome generic|1024x600,SM-T110 Build/JDQ39,Android,chrome generic,1024x600
GT-S7390|UNK|chrome 58.0 for android|UNK,GT-S7390,,chrome 58.0 for android,
Moto|Android 6.0.1|chrome 63.0 for android|1280x720,Moto,Android 6.0.1,chrome 63.0 for android,1280x720
Neffos C5 Build/LMY47D|UNK|chrome 63.0 for android|UNK,Neffos C5 Build/LMY47D,,chrome 63.0 for android,
SM-J200M Build/LMY47X|UNK|chrome 56.0 for android|UNK,SM-J200M Build/LMY47X,,chrome 56.0 for android,
TA-1028 Build/NRD90M|UNK|chrome 63.0 for android|UNK,TA-1028 Build/NRD90M,,chrome 63.0 for android,
SM-G610M Build/MMB29K|UNK|chrome 61.0 for android|UNK,SM-G610M Build/MMB29K,,chrome 61.0 for android,
MacOS|Mac OS X 10_11_5|chrome 61.0|2880x1800,MacOS,Mac OS X 10_11_5,chrome 61.0,2880x1800
BLADE V8 SE Build/NRD90M|UNK|chrome 55.0 for android|UNK,BLADE V8 SE Build/NRD90M,,chrome 55.0 for android,
MacOS|Mac OS X 10_10_5|safari generic|1344x840,MacOS,Mac OS X 10_10_5,safari generic,1344x840
UNK|Android|chrome 63.0|960x540,,Android,chrome 63.0,960x540
Moto X Play Build/NPD26.48-24-1|UNK|chrome 58.0 for android|UNK,Moto X Play Build/NPD26.48-24-1,,chrome 58.0 for android,
MacOS|Mac OS X 10_12_3|chrome 63.0|3360x2100,MacOS,Mac OS X 10_12_3,chrome 63.0,3360x2100
TA-1044 Build/NMF26F|UNK|chrome 63.0 for android|UNK,TA-1044 Build/NMF26F,,chrome 63.0 for android,
ASTRO|UNK|chrome 63.0 for android|UNK,ASTRO,,chrome 63.0 for android,
SAMSUNG-SM-J320AZ|Android 7.1.1|chrome 63.0 for android|1280x720,SAMSUNG-SM-J320AZ,Android 7.1.1,chrome 63.0 for android,1280x720
LG-X180g Build/LMY47I|UNK|chrome 52.0 for android|UNK,LG-X180g Build/LMY47I,,chrome 52.0 for android,
SAMSUNG SM-J700M Build/MMB29K|UNK|samsung browser 5.4|UNK,SAMSUNG SM-J700M Build/MMB29K,,samsung browser 5.4,
BG2-W09|UNK|chrome 63.0 for android|UNK,BG2-W09,,chrome 63.0 for android,
SM-J700H Build/MMB29K|UNK|chrome 63.0 for android|UNK,SM-J700H Build/MMB29K,,chrome 63.0 for android,
rv:50.0|Mac OS X 10.10|firefox|2560x1600,rv:50.0,Mac OS X 10.10,firefox,2560x1600
FRD-L14 Build/HUAWEIFRD-L14|UNK|chrome 63.0 for android|UNK,FRD-L14 Build/HUAWEIFRD-L14,,chrome 63.0 for android,
GT-P5110|UNK|chrome generic for android|UNK,GT-P5110,,chrome generic for android,
ASUS_Z01KD|Android 7.1.1|chrome 63.0 for android|1920x1080,ASUS_Z01KD,Android 7.1.1,chrome 63.0 for android,1920x1080
SM-G355M Build/KOT49H|UNK|chrome 63.0 for android|UNK,SM-G355M Build/KOT49H,,chrome 63.0 for android,
LG-K330|Android 5.1.1|chrome 52.0 for android|855x480,LG-K330,Android 5.1.1,chrome 52.0 for android,855x480
SM-J530F Build/NRD90M|UNK|chrome 63.0 for android|UNK,SM-J530F Build/NRD90M,,chrome 63.0 for android,
SM-J327T Build/NRD90M|UNK|chrome 61.0 for android|UNK,SM-J327T Build/NRD90M,,chrome 61.0 for android,
LG-D693n|UNK|chrome 62.0 for android|UNK,LG-D693n,,chrome 62.0 for android,
iOS Device|iOS|mobile safari 9.0|2732x2048,iOS Device,iOS,mobile safari 9.0,2732x2048
UNK|Linux|chrome generic|1280x800,,Linux,chrome generic,1280x800
Lenovo A2016b30 Build/MRA58K|UNK|chrome 63.0 for android|UNK,Lenovo A2016b30 Build/MRA58K,,chrome 63.0 for android,
F3113 Build/33.3.A.1.97|UNK|chrome 61.0 for android|UNK,F3113 Build/33.3.A.1.97,,chrome 61.0 for android,
ALE-L21 Build/HuaweiALE-L21|UNK|chrome 63.0 for android|UNK,ALE-L21 Build/HuaweiALE-L21,,chrome 63.0 for android,
LG-K220 Build/MXB48T|UNK|chrome 63.0 for android|UNK,LG-K220 Build/MXB48T,,chrome 63.0 for android,
LG-H525n Build/MRA58K|UNK|chrome 61.0 for android|UNK,LG-H525n Build/MRA58K,,chrome 61.0 for android,
Hisense U963 Build/MRA58K|UNK|chrome 54.0 for android|UNK,Hisense U963 Build/MRA58K,,chrome 54.0 for android,
LG-K530 Build/NRD90U|UNK|chrome 53.0 for android|UNK,LG-K530 Build/NRD90U,,chrome 53.0 for android,
LG-TP450 Build/NRD90U|UNK|chrome 63.0 for android|UNK,LG-TP450 Build/NRD90U,,chrome 63.0 for android,
XT1064 Build/MPB24.65-34-3|UNK|chrome 63.0 for android|UNK,XT1064 Build/MPB24.65-34-3,,chrome 63.0 for android,
GT-I9060M Build/KTU84P|UNK|chrome 63.0 for android|UNK,GT-I9060M Build/KTU84P,,chrome 63.0 for android,
SAMSUNG SM-G531H Build/LMY48B|UNK|chrome generic|UNK,SAMSUNG SM-G531H Build/LMY48B,,chrome generic,
SM-T800 Build/MMB29K|UNK|chrome 63.0 for android|UNK,SM-T800 Build/MMB29K,,chrome 63.0 for android,
Windows|UNK|chrome|UNK,Windows,,chrome,
SM-T350 Build/NMF26X|Android 7.1.1|chrome 60.0 for android|1024x768,SM-T350 Build/NMF26X,Android 7.1.1,chrome 60.0 for android,1024x768
MotoG3 Build/MPIS24.107-55-2-17|UNK|chrome 62.0 for android|UNK,MotoG3 Build/MPIS24.107-55-2-17,,chrome 62.0 for android,
P5006A|UNK|chrome 62.0 for android|UNK,P5006A,,chrome 62.0 for android,
SM-G950U Build/NRD90M|Android 7.0|chrome 63.0 for android|1480x720,SM-G950U Build/NRD90M,Android 7.0,chrome 63.0 for android,1480x720
SM-J727T1 Build/NRD90M|Android 7.0|chrome 63.0 for android|1280x720,SM-J727T1 Build/NRD90M,Android 7.0,chrome 63.0 for android,1280x720
SAMSUNG SM-J510MN Build/MMB29M|UNK|samsung browser 6.2|UNK,SAMSUNG SM-J510MN Build/MMB29M,,samsung browser 6.2,
SM-T110 Build/JDQ39|Android|chrome 63.0 for android|1024x600,SM-T110 Build/JDQ39,Android,chrome 63.0 for android,1024x600
XT1563 Build/MPDS24.107-52-5|UNK|chrome 63.0 for android|UNK,XT1563 Build/MPDS24.107-52-5,,chrome 63.0 for android,
KIW-L24|UNK|chrome 63.0 for android|UNK,KIW-L24,,chrome 63.0 for android,
MacOS|Mac OS X 10_11_6|chrome 63.0|2560x1080,MacOS,Mac OS X 10_11_6,chrome 63.0,2560x1080
KFSUWI Build/LVY48F|Android 5.1.1|chrome 63.0 for android|1920x1200,KFSUWI Build/LVY48F,Android 5.1.1,chrome 63.0 for android,1920x1200
iris 870 Build/MRA58K|UNK|android webview 4.0|UNK,iris 870 Build/MRA58K,,android webview 4.0,
LG-D331 Build/LRX22G|UNK|chrome|UNK,LG-D331 Build/LRX22G,,chrome,
LG-M327 Build/NRD90U|UNK|chrome 63.0 for android|UNK,LG-M327 Build/NRD90U,,chrome 63.0 for android,
XT1032 Build/KXB20.9-1.10-1.24-1.1|UNK|chrome 62.0 for android|UNK,XT1032 Build/KXB20.9-1.10-1.24-1.1,,chrome 62.0 for android,
SM-A310M Build/LMY47X|UNK|chrome 63.0 for android|UNK,SM-A310M Build/LMY47X,,chrome 63.0 for android,
Ilium|UNK|chrome 63.0 for android|UNK,Ilium,,chrome 63.0 for android,
LG-H932|Android 7.1.2|chrome 60.0 for android|1440x720,LG-H932,Android 7.1.2,chrome 60.0 for android,1440x720
LG-V521|UNK|chrome 63.0 for android|UNK,LG-V521,,chrome 63.0 for android,
SM-T705|UNK|chrome 63.0 for android|UNK,SM-T705,,chrome 63.0 for android,
Windows|Windows 8.1|chrome|1280x1024,Windows,Windows 8.1,chrome,1280x1024
SAMSUNG-SM-G935A Build/NRD90M|Android 7.0|chrome 63.0 for android|UNK,SAMSUNG-SM-G935A Build/NRD90M,Android 7.0,chrome 63.0 for android,
MacOS|Mac OS X 10_12_2|safari generic|1920x1080,MacOS,Mac OS X 10_12_2,safari generic,1920x1080
BLADE A520 Build/NRD90M|UNK|chrome 61.0 for android|UNK,BLADE A520 Build/NRD90M,,chrome 61.0 for android,
SM-G920I|UNK|chrome 50.0 for android|UNK,SM-G920I,,chrome 50.0 for android,
SM-N920C Build/NRD90M|UNK|chrome 62.0 for android|UNK,SM-N920C Build/NRD90M,,chrome 62.0 for android,
Hisense U963 Build/MRA58K|UNK|chrome 63.0 for android|UNK,Hisense U963 Build/MRA58K,,chrome 63.0 for android,
Moto G (4) Build/NPJ25.93-14.5|UNK|android webview 4.0|UNK,Moto G (4) Build/NPJ25.93-14.5,,android webview 4.0,
Moto G (4) Build/NPJS25.93-14-13|UNK|chrome generic|UNK,Moto G (4) Build/NPJS25.93-14-13,,chrome generic,
SM-J700M Build/MMB29K|UNK|android webview 4.0|UNK,SM-J700M Build/MMB29K,,android webview 4.0,
SAMSUNG SM-J120H Build/LMY47V|UNK|chrome generic|UNK,SAMSUNG SM-J120H Build/LMY47V,,chrome generic,
SAMSUNG SM-N910A Build/MMB29M|UNK|samsung browser 6.2|UNK,SAMSUNG SM-N910A Build/MMB29M,,samsung browser 6.2,
Moto G (5) Build/NPP25.137-15|UNK|chrome generic|UNK,Moto G (5) Build/NPP25.137-15,,chrome generic,
7048A Build/LRX22G|UNK|chrome 46.0 for android|UNK,7048A Build/LRX22G,,chrome 46.0 for android,
SAMSUNG SM-G935A Build/NRD90M|Android 7.0|samsung browser 6.2|UNK,SAMSUNG SM-G935A Build/NRD90M,Android 7.0,samsung browser 6.2,
LG-D850|UNK|chrome 58.0 for android|UNK,LG-D850,,chrome 58.0 for android,
SM-G531H Build/LMY48B|UNK|chrome|UNK,SM-G531H Build/LMY48B,,chrome,
4013M Build/KOT49H|UNK|chrome|UNK,4013M Build/KOT49H,,chrome,
LG-H500 Build/LRX21Y|UNK|chrome 43.0 for android|UNK,LG-H500 Build/LRX21Y,,chrome 43.0 for android,
LGMP260 Build/NRD90U|Android 7.0|chrome 58.0 for android|1280x720,LGMP260 Build/NRD90U,Android 7.0,chrome 58.0 for android,1280x720
STV100-1|UNK|chrome 63.0 for android|UNK,STV100-1,,chrome 63.0 for android,
rv:43.0|Windows 10|firefox|1920x1080,rv:43.0,Windows 10,firefox,1920x1080
Moto C Build/NRD90M.054|UNK|chrome 62.0 for android|UNK,Moto C Build/NRD90M.054,,chrome 62.0 for android,
Nexus|Android 7.1.1|chrome 63.0 for android|2048x1536,Nexus,Android 7.1.1,chrome 63.0 for android,2048x1536
MacOS|Mac OS X 10_12_5|chrome 62.0|1366x768,MacOS,Mac OS X 10_12_5,chrome 62.0,1366x768
LG-E450f|UNK|chrome 62.0 for android|UNK,LG-E450f,,chrome 62.0 for android,
Blade A510 Build/MRA58K|UNK|chrome 63.0 for android|UNK,Blade A510 Build/MRA58K,,chrome 63.0 for android,
SM-T560NU Build/MMB29M|Android 6.0.1|chrome 59.0 for android|1280x800,SM-T560NU Build/MMB29M,Android 6.0.1,chrome 59.0 for android,1280x800
LG-H960|UNK|chrome 63.0 for android|UNK,LG-H960,,chrome 63.0 for android,
gxq6580_weg_l Build/LMY47I|UNK|chrome 63.0 for android|UNK,gxq6580_weg_l Build/LMY47I,,chrome 63.0 for android,
SM-G530H Build/LRX22G|UNK|chrome 58.0 for android|UNK,SM-G530H Build/LRX22G,,chrome 58.0 for android,
SM-G930T|Android 6.0.1|chrome 63.0 for android|2560x1440,SM-G930T,Android 6.0.1,chrome 63.0 for android,2560x1440
Beat|Android|android browser 4.0|UNK,Beat,Android,android browser 4.0,
SAMSUNG SM-J510MN Build/MMB29M|UNK|samsung browser 5.4|UNK,SAMSUNG SM-J510MN Build/MMB29M,,samsung browser 5.4,
SAMSUNG SM-J701M Build/NRD90M|Android 7.0|samsung browser 6.2|1280x720,SAMSUNG SM-J701M Build/NRD90M,Android 7.0,samsung browser 6.2,1280x720
SM-J200M Build/LMY47X|UNK|chrome 63.0 for android|UNK,SM-J200M Build/LMY47X,,chrome 63.0 for android,
SM-T813 Build/NRD90M|UNK|chrome 63.0 for android|UNK,SM-T813 Build/NRD90M,,chrome 63.0 for android,
SM-P550 Build/MMB29M|UNK|chrome 63.0 for android|UNK,SM-P550 Build/MMB29M,,chrome 63.0 for android,
SM-J727T1 Build/NRD90M|Android 7.0|chrome 62.0 for android|1280x720,SM-J727T1 Build/NRD90M,Android 7.0,chrome 62.0 for android,1280x720
SM-G928G Build/MMB29K|UNK|chrome 63.0 for android|UNK,SM-G928G Build/MMB29K,,chrome 63.0 for android,
VK700 Build/LRX22G|Android 5.0.2|chrome 53.0 for android|1280x800,VK700 Build/LRX22G,Android 5.0.2,chrome 53.0 for android,1280x800
LG-X165g Build/LRX21M|UNK|chrome 63.0 for android|UNK,LG-X165g Build/LRX21M,,chrome 63.0 for android,
rv:48.0|Mac OS X 10.13|firefox 48.0|1440x900,rv:48.0,Mac OS X 10.13,firefox 48.0,1440x900
Blade V6 Max Build/MRA58K|UNK|chrome 60.0 for android|UNK,Blade V6 Max Build/MRA58K,,chrome 60.0 for android,
GT-I9060M Build/KTU84P|UNK|chrome 61.0 for android|UNK,GT-I9060M Build/KTU84P,,chrome 61.0 for android,
LG-H820 Build/NRD90U|UNK|chrome 63.0 for android|UNK,LG-H820 Build/NRD90U,,chrome 63.0 for android,
SM-T330NU Build/LMY47X|UNK|chrome 63.0 for android|UNK,SM-T330NU Build/LMY47X,,chrome 63.0 for android,
F3213 Build/36.0.A.2.146|UNK|chrome 62.0 for android|UNK,F3213 Build/36.0.A.2.146,,chrome 62.0 for android,
MacOS|Mac OS X 10_12_6|chrome 60.0|1280x800,MacOS,Mac OS X 10_12_6,chrome 60.0,1280x800
SM-T377P Build/NMF26X|UNK|chrome 63.0 for android|UNK,SM-T377P Build/NMF26X,,chrome 63.0 for android,
LGMP450 Build/NRD90U|Android 7.0|chrome 63.0 for android|1920x1080,LGMP450 Build/NRD90U,Android 7.0,chrome 63.0 for android,1920x1080
Moto C Build/NRD90M.054|UNK|chrome 56.0 for android|UNK,Moto C Build/NRD90M.054,,chrome 56.0 for android,
SM-J120H Build/LMY47V|UNK|chrome 60.0 for android|UNK,SM-J120H Build/LMY47V,,chrome 60.0 for android,
EVA-L19 Build/HUAWEIEVA-L19|UNK|chrome 63.0 for android|UNK,EVA-L19 Build/HUAWEIEVA-L19,,chrome 63.0 for android,
UNK|func|chrome 58.0|1280x1024,,func,chrome 58.0,1280x1024
Windows|Windows 10|chrome 58.0|1280x1024,Windows,Windows 10,chrome 58.0,1280x1024
7055A Build/KVT49L|UNK|chrome 63.0 for android|UNK,7055A Build/KVT49L,,chrome 63.0 for android,
F3113 Build/33.2.A.4.70|UNK|chrome 63.0 for android|UNK,F3113 Build/33.2.A.4.70,,chrome 63.0 for android,
GT-I9060L Build/JDQ39|UNK|chrome 59.0 for android|UNK,GT-I9060L Build/JDQ39,,chrome 59.0 for android,
Lenovo PB2-650Y Build/MRA58K|UNK|chrome 63.0 for android|UNK,Lenovo PB2-650Y Build/MRA58K,,chrome 63.0 for android,
SM-A520F Build/MMB29K|UNK|chrome 56.0 for android|UNK,SM-A520F Build/MMB29K,,chrome 56.0 for android,
SM-J700T Build/NMF26X|Android 7.1.1|chrome 60.0 for android|1280x720,SM-J700T Build/NMF26X,Android 7.1.1,chrome 60.0 for android,1280x720
es-us|UNK|android browser 4.0|UNK,es-us,,android browser 4.0,
SM-J500M Build/LMY48B|UNK|chrome 56.0 for android|UNK,SM-J500M Build/LMY48B,,chrome 56.0 for android,
SM-G360T1 Build/LMY47X|UNK|chrome 61.0 for android|UNK,SM-G360T1 Build/LMY47X,,chrome 61.0 for android,
SM-G930T Build/NRD90M|UNK|other|UNK,SM-G930T Build/NRD90M,,other,
SAMSUNG-SM-T337A Build/LMY47X|Android 5.1.1|other|UNK,SAMSUNG-SM-T337A Build/LMY47X,Android 5.1.1,other,
LGL57BL|Android 6.0.1|chrome 63.0 for android|855x480,LGL57BL,Android 6.0.1,chrome 63.0 for android,855x480
Lenovo A6020l37 Build/LMY47V|UNK|chrome 63.0 for android|UNK,Lenovo A6020l37 Build/LMY47V,,chrome 63.0 for android,
XT1023|UNK|chrome 51.0 for android|UNK,XT1023,,chrome 51.0 for android,
XT1008|UNK|chrome 63.0 for android|UNK,XT1008,,chrome 63.0 for android,
HTC U11 Build/NMF26X|UNK|chrome 63.0 for android|UNK,HTC U11 Build/NMF26X,,chrome 63.0 for android,
HUAWEI TAG-L13 Build/HUAWEITAG-L13|UNK|chrome generic|UNK,HUAWEI TAG-L13 Build/HUAWEITAG-L13,,chrome generic,
RCT6S03W12|Android 7.0|chrome 63.0 for android|1280x800,RCT6S03W12,Android 7.0,chrome 63.0 for android,1280x800
VS986 Build/MRA58K|Android 6.0|chrome 55.0 for android|2560x1440,VS986 Build/MRA58K,Android 6.0,chrome 55.0 for android,2560x1440
SM-G900T1|UNK|chrome 63.0 for android|UNK,SM-G900T1,,chrome 63.0 for android,
Neffos X1 Max Build/NRD90M|UNK|chrome 63.0 for android|UNK,Neffos X1 Max Build/NRD90M,,chrome 63.0 for android,
SAMSUNG SM-J730GM Build/NRD90M|UNK|samsung browser 5.2|UNK,SAMSUNG SM-J730GM Build/NRD90M,,samsung browser 5.2,
M4 SS4458 Build/MMB29M|UNK|chrome 63.0 for android|UNK,M4 SS4458 Build/MMB29M,,chrome 63.0 for android,
Moto C Build/NRD90M.054|UNK|chrome 63.0 for android|UNK,Moto C Build/NRD90M.054,,chrome 63.0 for android,
SM-A300H Build/LRX22G|UNK|chrome 61.0 for android|UNK,SM-A300H Build/LRX22G,,chrome 61.0 for android,
SAMSUNG SM-G935T Build/NRD90M|UNK|samsung browser 6.2|UNK,SAMSUNG SM-G935T Build/NRD90M,,samsung browser 6.2,
Windows|Windows 7|firefox 56.0|1600x900,Windows,Windows 7,firefox 56.0,1600x900
E6603|UNK|chrome 63.0 for android|UNK,E6603,,chrome 63.0 for android,
A96 Build/LMY47I|UNK|chrome 61.0 for android|UNK,A96 Build/LMY47I,,chrome 61.0 for android,
LG-D331 Build/LRX22G|UNK|chrome 63.0 for android|UNK,LG-D331 Build/LRX22G,,chrome 63.0 for android,
A3_mini|UNK|chrome 63.0 for android|UNK,A3_mini,,chrome 63.0 for android,
Lenovo TB3-710I Build/LMY47I|UNK|chrome 63.0 for android|UNK,Lenovo TB3-710I Build/LMY47I,,chrome 63.0 for android,
MacOS|Mac OS X 10_12_4|safari generic|2560x1440,MacOS,Mac OS X 10_12_4,safari generic,2560x1440
SM-A520W Build/NRD90M|UNK|chrome 63.0 for android|UNK,SM-A520W Build/NRD90M,,chrome 63.0 for android,
SM-N950U1 Build/NMF26X|Android 7.1.1|chrome 63.0 for android|UNK,SM-N950U1 Build/NMF26X,Android 7.1.1,chrome 63.0 for android,
SM-J327T1 Build/NRD90M|Android 7.0|chrome 62.0 for android|1280x720,SM-J327T1 Build/NRD90M,Android 7.0,chrome 62.0 for android,1280x720
LG-X220 Build/LMY47I|UNK|chrome 63.0 for android|UNK,LG-X220 Build/LMY47I,,chrome 63.0 for android,
UNK|UNK|safari generic|1136x640,,,safari generic,1136x640
ALCATEL ONE TOUCH 7047A Build/JDQ39|UNK|chrome 51.0 for android|UNK,ALCATEL ONE TOUCH 7047A Build/JDQ39,,chrome 51.0 for android,
SAMSUNG SM-J500M Build/MMB29M|UNK|samsung browser 4.0|UNK,SAMSUNG SM-J500M Build/MMB29M,,samsung browser 4.0,
CHC-U03 Build/HuaweiCHC-U03|UNK|chrome 61.0 for android|UNK,CHC-U03 Build/HuaweiCHC-U03,,chrome 61.0 for android,
SM-J320V Build/NMF26X|Android 7.1.1|other|1280x720,SM-J320V Build/NMF26X,Android 7.1.1,other,1280x720
5054S Build/LMY47V|UNK|chrome 56.0 for android|UNK,5054S Build/LMY47V,,chrome 56.0 for android,
E5803|UNK|chrome 62.0 for android|UNK,E5803,,chrome 62.0 for android,
E2104|UNK|chrome 63.0 for android|UNK,E2104,,chrome 63.0 for android,
SAMSUNG SM-G800F Build/MMB29K|UNK|samsung browser 6.2|UNK,SAMSUNG SM-G800F Build/MMB29K,,samsung browser 6.2,
HTC|UNK|chrome 61.0 for android|UNK,HTC,,chrome 61.0 for android,
SM-T800|UNK|chrome 63.0 for android|UNK,SM-T800,,chrome 63.0 for android,
SM-T800|UNK|chrome 59.0 for android|UNK,SM-T800,,chrome 59.0 for android,
LG-D320 Build/KOT49I.V10a|UNK|chrome 62.0 for android|UNK,LG-D320 Build/KOT49I.V10a,,chrome 62.0 for android,
SM-G930R4 Build/NRD90M|UNK|chrome 62.0 for android|UNK,SM-G930R4 Build/NRD90M,,chrome 62.0 for android,
MacOS|Mac OS X 10_12_6|chrome 63.0|1800x1125,MacOS,Mac OS X 10_12_6,chrome 63.0,1800x1125
SM-J727VPP Build/NRD90M|Android 7.0|chrome 63.0 for android|1280x720,SM-J727VPP Build/NRD90M,Android 7.0,chrome 63.0 for android,1280x720
F3213 Build/36.0.A.2.146|UNK|chrome 63.0 for android|UNK,F3213 Build/36.0.A.2.146,,chrome 63.0 for android,
Windows|Windows 10|edge|1024x768,Windows,Windows 10,edge,1024x768
Linux i686|UNK|firefox 57.0|UNK,Linux i686,,firefox 57.0,
SM-T310 Build/KOT49H|Android 4.4.2|chrome 63.0 for android|UNK,SM-T310 Build/KOT49H,Android 4.4.2,chrome 63.0 for android,
MacOS|Mac OS X 10_12_4|chrome 62.0|1366x768,MacOS,Mac OS X 10_12_4,chrome 62.0,1366x768
WAS-LX1A Build/HUAWEIWAS-LX1A|UNK|chrome 63.0 for android|UNK,WAS-LX1A Build/HUAWEIWAS-LX1A,,chrome 63.0 for android,
Alcatel_5098O Build/MMB29M|UNK|chrome 63.0 for android|UNK,Alcatel_5098O Build/MMB29M,,chrome 63.0 for android,
Blade A465 Build/LMY47D|UNK|chrome 61.0 for android|UNK,Blade A465 Build/LMY47D,,chrome 61.0 for android,
SM-G550T1 Build/MMB29K|Android 6.0.1|chrome 63.0 for android|1280x720,SM-G550T1 Build/MMB29K,Android 6.0.1,chrome 63.0 for android,1280x720
SAMSUNG SM-N950U Build/NMF26X|UNK|samsung browser 6.2|UNK,SAMSUNG SM-N950U Build/NMF26X,,samsung browser 6.2,
Ilium X520 Build/NRD90M|UNK|chrome 60.0 for android|UNK,Ilium X520 Build/NRD90M,,chrome 60.0 for android,
Lenovo YT3-X50F Build/MMB29M|UNK|chrome 54.0 for android|UNK,Lenovo YT3-X50F Build/MMB29M,,chrome 54.0 for android,
MacOS|Mac OS X 10_11_6|chrome generic|5120x2880,MacOS,Mac OS X 10_11_6,chrome generic,5120x2880
UNK|UNK|line|UNK,,,line,
SLA-L02|UNK|chrome 63.0 for android|UNK,SLA-L02,,chrome 63.0 for android,
Ilium X520 Build/NRD90M|UNK|chrome 62.0 for android|UNK,Ilium X520 Build/NRD90M,,chrome 62.0 for android,
UNK|UNK|android webview 4.0|UNK,,,android webview 4.0,
F5121|UNK|chrome 63.0 for android|UNK,F5121,,chrome 63.0 for android,
SM-T550 Build/NMF26X|Android 7.1.1|chrome 61.0 for android|1024x768,SM-T550 Build/NMF26X,Android 7.1.1,chrome 61.0 for android,1024x768
SAMSUNG SM-G891A Build/NRD90M|UNK|samsung browser 6.2|UNK,SAMSUNG SM-G891A Build/NRD90M,,samsung browser 6.2,
rv:29.0|UNK|firefox|UNK,rv:29.0,,firefox,
LG-H735 Build/LMY47V|UNK|chrome 63.0 for android|UNK,LG-H735 Build/LMY47V,,chrome 63.0 for android,
Windows|Windows 10|firefox 57.0|1824x1026,Windows,Windows 10,firefox 57.0,1824x1026
Windows|UNK|chrome 57.0|UNK,Windows,,chrome 57.0,
LG-V495|Android 5.0.2|chrome 60.0 for android|UNK,LG-V495,Android 5.0.2,chrome 60.0 for android,
Blade V6 Plus Build/MRA58K|UNK|chrome 58.0 for android|UNK,Blade V6 Plus Build/MRA58K,,chrome 58.0 for android,
LG-H870 Build/NRD90U|UNK|chrome 58.0 for android|UNK,LG-H870 Build/NRD90U,,chrome 58.0 for android,
Max|UNK|android webview 4.0|UNK,Max,,android webview 4.0,
G620S-L03|UNK|chrome 63.0 for android|UNK,G620S-L03,,chrome 63.0 for android,
SM-G318ML|UNK|chrome 60.0 for android|UNK,SM-G318ML,,chrome 60.0 for android,
SAMSUNG SM-A320Y Build/NRD90M|UNK|samsung browser 6.2|UNK,SAMSUNG SM-A320Y Build/NRD90M,,samsung browser 6.2,
SM-G950U Build/NRD90M|Android 7.0|chrome 63.0 for android|2961x1440,SM-G950U Build/NRD90M,Android 7.0,chrome 63.0 for android,2961x1440
SM-P580 Build/NRD90M|UNK|chrome 63.0 for android|UNK,SM-P580 Build/NRD90M,,chrome 63.0 for android,
LG-D331 Build/LRX22G|UNK|chrome generic|UNK,LG-D331 Build/LRX22G,,chrome generic,
SGH-I337M Build/LRX22C|UNK|chrome 62.0 for android|UNK,SGH-I337M Build/LRX22C,,chrome 62.0 for android,
SM-T320 Build/KOT49H|UNK|chrome 55.0 for android|UNK,SM-T320 Build/KOT49H,,chrome 55.0 for android,
MotoG3 Build/MPI24.65-25.1|UNK|chrome 63.0 for android|UNK,MotoG3 Build/MPI24.65-25.1,,chrome 63.0 for android,
XT1032 Build/KXB20.9-1.10-1.24-1.1|UNK|chrome 56.0 for android|UNK,XT1032 Build/KXB20.9-1.10-1.24-1.1,,chrome 56.0 for android,
ONE TOUCH 4016A Build/JDQ39|UNK|chrome 63.0 for android|UNK,ONE TOUCH 4016A Build/JDQ39,,chrome 63.0 for android,
F1f Build/LMY47V|UNK|chrome 63.0 for android|UNK,F1f Build/LMY47V,,chrome 63.0 for android,
E2306 Build/26.3.A.1.33|UNK|chrome 51.0 for android|UNK,E2306 Build/26.3.A.1.33,,chrome 51.0 for android,
Moto G Play Build/NJH47F|UNK|chrome 63.0 for android|UNK,Moto G Play Build/NJH47F,,chrome 63.0 for android,
rv:11.0|Windows 7|ie 11.0 for desktop|1280x768,rv:11.0,Windows 7,ie 11.0 for desktop,1280x768
HUAWEI LUA-U23 Build/HUAWEILUA-U23|UNK|chrome 63.0 for android|UNK,HUAWEI LUA-U23 Build/HUAWEILUA-U23,,chrome 63.0 for android,
LG-D693n Build/LRX22G|UNK|chrome 62.0 for android|UNK,LG-D693n Build/LRX22G,,chrome 62.0 for android,
HUAWEI Y625-U13 Build/HUAWEIY625-U13|UNK|chrome 60.0 for android|UNK,HUAWEI Y625-U13 Build/HUAWEIY625-U13,,chrome 60.0 for android,
LG-H343|Android 5.1.1|chrome 58.0 for android|855x480,LG-H343,Android 5.1.1,chrome 58.0 for android,855x480
MacOS|Mac OS X 10_12_5|safari generic|1344x756,MacOS,Mac OS X 10_12_5,safari generic,1344x756
UNK|Android|chrome 63.0|801x480,,Android,chrome 63.0,801x480
MacOS|Mac OS X 10_11_3|chrome 63.0|2560x1600,MacOS,Mac OS X 10_11_3,chrome 63.0,2560x1600
SM-J120H Build/LMY47V|UNK|chrome 63.0 for android|UNK,SM-J120H Build/LMY47V,,chrome 63.0 for android,
HUAWEI VNS-L23 Build/HUAWEIVNS-L23|UNK|chrome 60.0 for android|UNK,HUAWEI VNS-L23 Build/HUAWEIVNS-L23,,chrome 60.0 for android,
8050G Build/LMY47I|UNK|chrome 63.0 for android|UNK,8050G Build/LMY47I,,chrome 63.0 for android,
SM-G355M Build/KOT49H|UNK|chrome|UNK,SM-G355M Build/KOT49H,,chrome,
Alcatel_5098O Build/MMB29M|UNK|chrome 62.0 for android|UNK,Alcatel_5098O Build/MMB29M,,chrome 62.0 for android,
Mi A1 Build/N2G47H|UNK|chrome 63.0 for android|UNK,Mi A1 Build/N2G47H,,chrome 63.0 for android,
SM-G930F Build/NRD90M|Android 7.0|chrome 63.0 for android|1920x1080,SM-G930F Build/NRD90M,Android 7.0,chrome 63.0 for android,1920x1080
SM-G530H Build/KTU84P|UNK|chrome 63.0 for android|UNK,SM-G530H Build/KTU84P,,chrome 63.0 for android,
Mi A1 Build/OPR1.170623.026|UNK|opera|UNK,Mi A1 Build/OPR1.170623.026,,opera,
SM-G900P Build/MMB29M|UNK|chrome 63.0 for android|UNK,SM-G900P Build/MMB29M,,chrome 63.0 for android,
LGMS323|UNK|chrome generic|UNK,LGMS323,,chrome generic,
verykools5004|UNK|chrome|UNK,verykools5004,,chrome,
SAMSUNG-SM-G900A Build/LRX21T|Android 5.0|chrome generic|1920x1080,SAMSUNG-SM-G900A Build/LRX21T,Android 5.0,chrome generic,1920x1080
SM-J710MN Build/NRD90M|UNK|chrome 63.0 for android|UNK,SM-J710MN Build/NRD90M,,chrome 63.0 for android,
SM-G920T Build/NRD90M|UNK|chrome 63.0 for android|UNK,SM-G920T Build/NRD90M,,chrome 63.0 for android,
LG-K240 Build/MXB48T|UNK|chrome 63.0 for android|UNK,LG-K240 Build/MXB48T,,chrome 63.0 for android,
HTC 10 Build/NRD90M|UNK|chrome 63.0 for android|UNK,HTC 10 Build/NRD90M,,chrome 63.0 for android,
SAMSUNG SM-J500M Build/MMB29M|UNK|samsung browser 6.2|UNK,SAMSUNG SM-J500M Build/MMB29M,,samsung browser 6.2,
LG-H650 Build/LMY47V|UNK|chrome 63.0 for android|UNK,LG-H650 Build/LMY47V,,chrome 63.0 for android,
Fractal|UNK|chrome 63.0 for android|UNK,Fractal,,chrome 63.0 for android,
UNK|Linux|UNK|UNK,,Linux,,
Windows|Windows 7|ie 11.0 for desktop|1280x720,Windows,Windows 7,ie 11.0 for desktop,1280x720
LG-H500 Build/LRX21Y|UNK|chrome 55.0 for android|UNK,LG-H500 Build/LRX21Y,,chrome 55.0 for android,
Windows|Windows 10|ie 11.0 for tablet|1440x900,Windows,Windows 10,ie 11.0 for tablet,1440x900
MacOS|Mac OS X 10_9_5|safari generic|1360x768,MacOS,Mac OS X 10_9_5,safari generic,1360x768
SM-G531H Build/LMY48B|UNK|chrome 58.0 for android|UNK,SM-G531H Build/LMY48B,,chrome 58.0 for android,
SAMSUNG SM-N920T Build/NRD90M|Android 7.0|samsung browser 5.4|UNK,SAMSUNG SM-N920T Build/NRD90M,Android 7.0,samsung browser 5.4,
SM-G531H Build/LMY48B|UNK|chrome 46.0 for android|UNK,SM-G531H Build/LMY48B,,chrome 46.0 for android,
rv:51.0|Windows 8.1|firefox|1366x768,rv:51.0,Windows 8.1,firefox,1366x768
D2306 Build/18.6.A.0.182|UNK|chrome 62.0 for android|UNK,D2306 Build/18.6.A.0.182,,chrome 62.0 for android,
iOS Device|iOS 11.0.0|chrome 63.0 for ios|2048x1536,iOS Device,iOS 11.0.0,chrome 63.0 for ios,2048x1536
Windows|Windows 8|chrome 63.0|1280x768,Windows,Windows 8,chrome 63.0,1280x768
HUAWEI G7-L03 Build/HuaweiG7-L03|UNK|chrome generic|UNK,HUAWEI G7-L03 Build/HuaweiG7-L03,,chrome generic,
Lenovo K33b36 Build/MMB29M|UNK|chrome 51.0 for android|UNK,Lenovo K33b36 Build/MMB29M,,chrome 51.0 for android,
SAMSUNG SM-G925P Build/MMB29K|UNK|samsung browser 6.2|UNK,SAMSUNG SM-G925P Build/MMB29K,,samsung browser 6.2,
rv:57.0|Mac OS X 10.9|firefox 57.0|2560x1600,rv:57.0,Mac OS X 10.9,firefox 57.0,2560x1600
F3213|UNK|chrome 60.0 for android|UNK,F3213,,chrome 60.0 for android,
UNK|Linux|chrome 63.0|2562x1442,,Linux,chrome 63.0,2562x1442
SAMSUNG SM-G930A Build/NRD90M|UNK|samsung browser 6.2|UNK,SAMSUNG SM-G930A Build/NRD90M,,samsung browser 6.2,
rv:42.0|UNK|firefox|UNK,rv:42.0,,firefox,
SM-G928P Build/NRD90M|Android 7.0|chrome 63.0 for android|UNK,SM-G928P Build/NRD90M,Android 7.0,chrome 63.0 for android,
LG-H542 Build/LRX22G|UNK|other|UNK,LG-H542 Build/LRX22G,,other,
moto|UNK|chrome 58.0 for android|UNK,moto,,chrome 58.0 for android,
U|UNK|chrome 63.0 for android|UNK,U,,chrome 63.0 for android,
HTC_D10i|UNK|UNK|UNK,HTC_D10i,,,
Trident/7.0|Windows 10|ie 11.0 for tablet|1440x900,Trident/7.0,Windows 10,ie 11.0 for tablet,1440x900
SAMSUNG-SM-G900A Build/LRX21T|UNK|chrome 63.0 for android|UNK,SAMSUNG-SM-G900A Build/LRX21T,,chrome 63.0 for android,
BLU|UNK|chrome 63.0 for android|UNK,BLU,,chrome 63.0 for android,
Windows|Windows 8.1|chrome 63.0|1536x864,Windows,Windows 8.1,chrome 63.0,1536x864
SAMSUNG|Android 7.1.1|samsung browser 6.2|1280x720,SAMSUNG,Android 7.1.1,samsung browser 6.2,1280x720
TA-1027 Build/N2G47H|UNK|chrome 63.0 for android|UNK,TA-1027 Build/N2G47H,,chrome 63.0 for android,
rv:57.0|Windows 10|firefox|2736x1824,rv:57.0,Windows 10,firefox,2736x1824
Hisense L675 Build/MRA58K|UNK|chrome 63.0 for android|UNK,Hisense L675 Build/MRA58K,,chrome 63.0 for android,
SAMSUNG SM-G935F Build/NRD90M|Android 7.0|samsung browser 6.2|1920x1080,SAMSUNG SM-G935F Build/NRD90M,Android 7.0,samsung browser 6.2,1920x1080
HUAWEI|UNK|chrome 59.0 for android|UNK,HUAWEI,,chrome 59.0 for android,
SM-G355M Build/KOT49H|UNK|chrome 61.0 for android|UNK,SM-G355M Build/KOT49H,,chrome 61.0 for android,
LG-H815 Build/MRA58K|UNK|other|UNK,LG-H815 Build/MRA58K,,other,
SM-G930F Build/NRD90M|Android 7.0|chrome 63.0 for android|UNK,SM-G930F Build/NRD90M,Android 7.0,chrome 63.0 for android,
MacOS|Mac OS X 10_7_5|chrome 49.0|1280x768,MacOS,Mac OS X 10_7_5,chrome 49.0,1280x768
es-us|UNK|ZTE/Blade|UNK,es-us,,ZTE/Blade,
VTR-L29|UNK|chrome 63.0 for android|UNK,VTR-L29,,chrome 63.0 for android,
TA-1025 Build/NMF26F|UNK|other|UNK,TA-1025 Build/NMF26F,,other,
SM-G550T1 Build/MMB29K|Android 6.0.1|android webview 4.0|1280x720,SM-G550T1 Build/MMB29K,Android 6.0.1,android webview 4.0,1280x720
iris 820 Build/MRA58K|UNK|android webview 4.0|UNK,iris 820 Build/MRA58K,,android webview 4.0,
Wileyfox|UNK|chrome 63.0 for android|UNK,Wileyfox,,chrome 63.0 for android,
BLADE A520 Build/NRD90M|UNK|chrome 62.0 for android|UNK,BLADE A520 Build/NRD90M,,chrome 62.0 for android,
SAMSUNG SM-T587P Build/NRD90M|Android 7.0|other|1920x1200,SAMSUNG SM-T587P Build/NRD90M,Android 7.0,other,1920x1200
LG-H340AR|UNK|chrome 63.0 for android|UNK,LG-H340AR,,chrome 63.0 for android,
Blade L2 Plus Build/KOT49H|UNK|chrome 63.0 for android|UNK,Blade L2 Plus Build/KOT49H,,chrome 63.0 for android,
5015A Build/LMY47I|UNK|chrome 62.0 for android|UNK,5015A Build/LMY47I,,chrome 62.0 for android,
ILIUM|UNK|chrome 58.0 for android|UNK,ILIUM,,chrome 58.0 for android,
moto x4 Build/NPW26.83-42|UNK|chrome 63.0 for android|UNK,moto x4 Build/NPW26.83-42,,chrome 63.0 for android,
Ilium L610 Build/MRA58K|UNK|chrome 63.0 for android|UNK,Ilium L610 Build/MRA58K,,chrome 63.0 for android,
LG-X165g Build/LRX21M|UNK|chrome 53.0 for android|UNK,LG-X165g Build/LRX21M,,chrome 53.0 for android,
HUAWEI|UNK|chrome generic|UNK,HUAWEI,,chrome generic,
IdeaTab|UNK|chrome 63.0 for android|UNK,IdeaTab,,chrome 63.0 for android,
XT1097|Android|chrome 63.0 for android|1920x1080,XT1097,Android,chrome 63.0 for android,1920x1080
SM-G355M Build/KOT49H|UNK|chrome 58.0 for android|UNK,SM-G355M Build/KOT49H,,chrome 58.0 for android,
A9|UNK|android webview 4.0|UNK,A9,,android webview 4.0,
Alcatel_5044R Build/NRD90M|Android 7.0|android webview 4.0|855x480,Alcatel_5044R Build/NRD90M,Android 7.0,android webview 4.0,855x480
G3123 Build/40.0.A.6.135|UNK|chrome 63.0 for android|UNK,G3123 Build/40.0.A.6.135,,chrome 63.0 for android,
iPhone|UNK|chrome 63.0 for android|UNK,iPhone,,chrome 63.0 for android,
Redmi 4A Build/N2G47H|UNK|chrome 63.0 for android|UNK,Redmi 4A Build/N2G47H,,chrome 63.0 for android,
SGP521|UNK|chrome 63.0 for android|UNK,SGP521,,chrome 63.0 for android,
Moto Z2 Play Build/NPSS26.118-19-14|UNK|chrome 63.0 for android|UNK,Moto Z2 Play Build/NPSS26.118-19-14,,chrome 63.0 for android,
LG-K200 Build/MXB48T|UNK|LG/K-200|UNK,LG-K200 Build/MXB48T,,LG/K-200,
5051A Build/MMB29M|UNK|chrome 62.0 for android|UNK,5051A Build/MMB29M,,chrome 62.0 for android,
Blade L3 Build/KOT49H|UNK|chrome 61.0 for android|UNK,Blade L3 Build/KOT49H,,chrome 61.0 for android,
ZTE BLADE A512 Build/MMB29M|UNK|chrome 63.0 for android|UNK,ZTE BLADE A512 Build/MMB29M,,chrome 63.0 for android,
4047A Build/NRD90M|UNK|chrome 56.0 for android|UNK,4047A Build/NRD90M,,chrome 56.0 for android,
SM-N910C Build/MMB29K|UNK|chrome 55.0 for android|UNK,SM-N910C Build/MMB29K,,chrome 55.0 for android,
SM-G530H Build/LRX22G|UNK|chrome 46.0 for android|UNK,SM-G530H Build/LRX22G,,chrome 46.0 for android,
Windows|Windows 10|firefox 57.0|3201x1800,Windows,Windows 10,firefox 57.0,3201x1800
SM-G530H Build/KTU84P|UNK|chrome 49.0 for android|UNK,SM-G530H Build/KTU84P,,chrome 49.0 for android,
Windows|Windows 8.1|chrome 63.0|2880x1620,Windows,Windows 8.1,chrome 63.0,2880x1620
N9136|Android 6.0.1|chrome 63.0 for android|855x480,N9136,Android 6.0.1,chrome 63.0 for android,855x480
ONEPLUS A5000 Build/NMF26X|UNK|chrome 63.0 for android|UNK,ONEPLUS A5000 Build/NMF26X,,chrome 63.0 for android,
MacOS|Mac OS X 10_12_2|safari generic|3360x2100,MacOS,Mac OS X 10_12_2,safari generic,3360x2100
SM-G610F Build/NRD90M|UNK|chrome 63.0 for android|UNK,SM-G610F Build/NRD90M,,chrome 63.0 for android,
F8331|UNK|chrome 63.0 for android|UNK,F8331,,chrome 63.0 for android,
DT0704K08|UNK|chrome 63.0 for android|UNK,DT0704K08,,chrome 63.0 for android,
SM-A720F Build/MMB29K|UNK|chrome 63.0 for android|UNK,SM-A720F Build/MMB29K,,chrome 63.0 for android,
rv:52.0|Windows 7|firefox 52.0|UNK,rv:52.0,Windows 7,firefox 52.0,
E5606|UNK|chrome 62.0 for android|UNK,E5606,,chrome 62.0 for android,
LG-M210 Build/NRD90U|Android 7.0|chrome 63.0 for android|1280x720,LG-M210 Build/NRD90U,Android 7.0,chrome 63.0 for android,1280x720
Windows|Windows 10|firefox 55.0|1920x1080,Windows,Windows 10,firefox 55.0,1920x1080
LG-H850|UNK|chrome 63.0 for android|UNK,LG-H850,,chrome 63.0 for android,
Hisense|UNK|chrome 63.0 for android|UNK,Hisense,,chrome 63.0 for android,
iOS Device|iOS 10.2.0|mobile safari 10.0|2732x2048,iOS Device,iOS 10.2.0,mobile safari 10.0,2732x2048
SM-G920R4|Android 7.0|chrome 63.0 for android|2562x1442,SM-G920R4,Android 7.0,chrome 63.0 for android,2562x1442
A466BG|Android 6.0|android webview 4.0|801x480,A466BG,Android 6.0,android webview 4.0,801x480
NEM-L51 Build/HONORNEM-L51|UNK|chrome 63.0 for android|UNK,NEM-L51 Build/HONORNEM-L51,,chrome 63.0 for android,
LGLS751|UNK|chrome 43.0 for android|UNK,LGLS751,,chrome 43.0 for android,
VS995 Build/NRD90M|UNK|chrome 63.0 for android|UNK,VS995 Build/NRD90M,,chrome 63.0 for android,
SM-G900M Build/LRX21T|UNK|chrome 61.0 for android|UNK,SM-G900M Build/LRX21T,,chrome 61.0 for android,
rv:53.0|Windows 7|firefox|1920x1080,rv:53.0,Windows 7,firefox,1920x1080
LG-K200 Build/MXB48T|UNK|chrome 58.0 for android|UNK,LG-K200 Build/MXB48T,,chrome 58.0 for android,
4047G Build/NRD90M|UNK|chrome 62.0 for android|UNK,4047G Build/NRD90M,,chrome 62.0 for android,
MotoG3|UNK|chrome 63.0 for android|UNK,MotoG3,,chrome 63.0 for android,
MI|UNK|chrome 63.0 for android|UNK,MI,,chrome 63.0 for android,
ALCATEL ONE TOUCH 5036A Build/JDQ39|UNK|chrome 58.0 for android|UNK,ALCATEL ONE TOUCH 5036A Build/JDQ39,,chrome 58.0 for android,
Ilium X510 Build/MRA58K|UNK|chrome 62.0 for android|UNK,Ilium X510 Build/MRA58K,,chrome 62.0 for android,
CRO-L03 Build/HUAWEICRO-L03|UNK|chrome 52.0 for android|UNK,CRO-L03 Build/HUAWEICRO-L03,,chrome 52.0 for android,
D5316 Build/19.4.A.0.182|UNK|android browser 4.0|UNK,D5316 Build/19.4.A.0.182,,android browser 4.0,
LG-K420|UNK|chrome 59.0 for android|UNK,LG-K420,,chrome 59.0 for android,
SM-A300FU Build/MMB29M|UNK|chrome 63.0 for android|UNK,SM-A300FU Build/MMB29M,,chrome 63.0 for android,
1016S|UNK|chrome generic|UNK,1016S,,chrome generic,
MacOS|Mac OS X 10_6_8|safari|1920x1080,MacOS,Mac OS X 10_6_8,safari,1920x1080
MotoG3 Build/MPI24.65-33.1-2|UNK|chrome 61.0 for android|UNK,MotoG3 Build/MPI24.65-33.1-2,,chrome 61.0 for android,
LG-H320 Build/LRX21Y|UNK|chrome 63.0 for android|UNK,LG-H320 Build/LRX21Y,,chrome 63.0 for android,
5010S Build/MRA58K|UNK|chrome 63.0 for android|UNK,5010S Build/MRA58K,,chrome 63.0 for android,
M4 SS4456 Build/LMY47V|UNK|chrome 46.0 for android|UNK,M4 SS4456 Build/LMY47V,,chrome 46.0 for android,
D5316 Build/19.4.A.0.182|UNK|chrome|UNK,D5316 Build/19.4.A.0.182,,chrome,
BLADE L7 Build/MRA58K|UNK|chrome 53.0 for android|UNK,BLADE L7 Build/MRA58K,,chrome 53.0 for android,
Lenovo TB3-710F Build/LRX21M|UNK|chrome 46.0 for android|UNK,Lenovo TB3-710F Build/LRX21M,,chrome 46.0 for android,
LG-M700 Build/NMF26X|UNK|chrome 56.0 for android|UNK,LG-M700 Build/NMF26X,,chrome 56.0 for android,
LG-X230 Build/MRA58K|UNK|chrome 56.0 for android|UNK,LG-X230 Build/MRA58K,,chrome 56.0 for android,
rv:57.0|Android 6.0.1|firefox|2560x1440,rv:57.0,Android 6.0.1,firefox,2560x1440
UNK|Linux|chrome 63.0|1536x864,,Linux,chrome 63.0,1536x864
rv:45.0|Mac OS X 10.10|firefox|1280x800,rv:45.0,Mac OS X 10.10,firefox,1280x800
M4 SS4453 Build/MMB29M|UNK|chrome 57.0 for android|UNK,M4 SS4453 Build/MMB29M,,chrome 57.0 for android,
TA-1039 Build/N2G47H|UNK|chrome 63.0 for android|UNK,TA-1039 Build/N2G47H,,chrome 63.0 for android,
LG-M210 Build/NRD90U|Android 7.0|chrome 58.0 for android|1280x720,LG-M210 Build/NRD90U,Android 7.0,chrome 58.0 for android,1280x720
SM-P580 Build/NRD90M|UNK|chrome 62.0 for android|UNK,SM-P580 Build/NRD90M,,chrome 62.0 for android,
SGP621 Build/23.5.A.1.291|UNK|chrome 63.0 for android|UNK,SGP621 Build/23.5.A.1.291,,chrome 63.0 for android,
Win64|Windows 10|UNK|UNK,Win64,Windows 10,,
rv:57.0|Windows 7|firefox 57.0|1366x768,rv:57.0,Windows 7,firefox 57.0,1366x768
SAMSUNG|UNK|other|UNK,SAMSUNG,,other,
LG-D693n Build/LRX22G|UNK|chrome 56.0 for android|UNK,LG-D693n Build/LRX22G,,chrome 56.0 for android,
SM-G900M Build/MMB29M|UNK|chrome 59.0 for android|UNK,SM-G900M Build/MMB29M,,chrome 59.0 for android,
SM-J730GM Build/NRD90M|UNK|chrome 58.0 for android|UNK,SM-J730GM Build/NRD90M,,chrome 58.0 for android,
LG-K410 Build/LRX22G|UNK|chrome 56.0 for android|UNK,LG-K410 Build/LRX22G,,chrome 56.0 for android,
SM-J100VPP Build/LMY48B|UNK|chrome 63.0 for android|UNK,SM-J100VPP Build/LMY48B,,chrome 63.0 for android,
SM-G530H Build/LRX22G|UNK|chrome 61.0 for android|UNK,SM-G530H Build/LRX22G,,chrome 61.0 for android,
LG-V520|Android 6.0.1|chrome 63.0 for android|1920x1200,LG-V520,Android 6.0.1,chrome 63.0 for android,1920x1200
RS988 Build/MMB29M|Android 6.0.1|chrome 63.0 for android|2560x1440,RS988 Build/MMB29M,Android 6.0.1,chrome 63.0 for android,2560x1440
Mi A1 Build/OPR1.170623.026|UNK|UNK|UNK,Mi A1 Build/OPR1.170623.026,,,
P5026A|UNK|chrome 58.0 for android|UNK,P5026A,,chrome 58.0 for android,
ASUS_X008DC Build/NRD90M|UNK|chrome 63.0 for android|UNK,ASUS_X008DC Build/NRD90M,,chrome 63.0 for android,
MacOS|Mac OS X 10_11_3|safari generic|1680x1050,MacOS,Mac OS X 10_11_3,safari generic,1680x1050
Moto Z2 Play Build/NPS26.118-19|UNK|chrome 63.0 for android|UNK,Moto Z2 Play Build/NPS26.118-19,,chrome 63.0 for android,
Windows|Windows 7|firefox 57.0|1024x600,Windows,Windows 7,firefox 57.0,1024x600
LGLS751|Android 5.1.1|chrome 61.0 for android|1280x720,LGLS751,Android 5.1.1,chrome 61.0 for android,1280x720
SM-T230 Build/KOT49H|UNK|chrome 56.0 for android|UNK,SM-T230 Build/KOT49H,,chrome 56.0 for android,
UNK|Android|chrome 63.0|2560x1440,,Android,chrome 63.0,2560x1440
HTC Desire 626s Build/LMY47O|UNK|chrome 62.0 for android|UNK,HTC Desire 626s Build/LMY47O,,chrome 62.0 for android,
ASUS_Z01BDA|UNK|chrome 63.0 for android|UNK,ASUS_Z01BDA,,chrome 63.0 for android,
SM-T280 Build/LMY47V|UNK|chrome 63.0 for android|UNK,SM-T280 Build/LMY47V,,chrome 63.0 for android,
SM-A510M Build/MMB29K|UNK|chrome 58.0 for android|UNK,SM-A510M Build/MMB29K,,chrome 58.0 for android,
ALCATEL ONE TOUCH 7042A Build/JDQ39|UNK|chrome|UNK,ALCATEL ONE TOUCH 7042A Build/JDQ39,,chrome,
SM-G530H Build/LRX22G|UNK|chrome|UNK,SM-G530H Build/LRX22G,,chrome,
MotoG3 Build/MPIS24.65-25.1-19|UNK|chrome 63.0 for android|UNK,MotoG3 Build/MPIS24.65-25.1-19,,chrome 63.0 for android,
MacOS|Mac OS X 10_11_6|chrome 63.0|1280x1024,MacOS,Mac OS X 10_11_6,chrome 63.0,1280x1024
Archos|UNK|chrome 63.0 for android|UNK,Archos,,chrome 63.0 for android,
SM-G930F Build/NRD90M|UNK|chrome 60.0 for android|UNK,SM-G930F Build/NRD90M,,chrome 60.0 for android,
LG-H420 Build/LRX21Y|UNK|chrome 63.0 for android|UNK,LG-H420 Build/LRX21Y,,chrome 63.0 for android,
UNK|Linux|chrome 63.0|2560x1700,,Linux,chrome 63.0,2560x1700
SM-G920V|UNK|chrome 63.0 for android|UNK,SM-G920V,,chrome 63.0 for android,
RCT6773W22B|UNK|chrome 63.0 for android|UNK,RCT6773W22B,,chrome 63.0 for android,
E6603 Build/32.4.A.1.54|UNK|chrome 63.0 for android|UNK,E6603 Build/32.4.A.1.54,,chrome 63.0 for android,
LG-D373 Build/KOT49I.V10a|UNK|chrome 62.0 for android|UNK,LG-D373 Build/KOT49I.V10a,,chrome 62.0 for android,
SM-N910C Build/MMB29K|UNK|chrome 63.0 for android|UNK,SM-N910C Build/MMB29K,,chrome 63.0 for android,
HTC Desire 510 Build/KOT49H|UNK|chrome 62.0 for android|UNK,HTC Desire 510 Build/KOT49H,,chrome 62.0 for android,
Windows|Windows 10|chrome generic|2112x1188,Windows,Windows 10,chrome generic,2112x1188
XT1032|UNK|chrome 63.0 for android|UNK,XT1032,,chrome 63.0 for android,
F80 PIABELLA Build/MRA58K|UNK|chrome 63.0 for android|UNK,F80 PIABELLA Build/MRA58K,,chrome 63.0 for android,
MacOS|Mac OS X 10_13_3|safari generic|2560x1600,MacOS,Mac OS X 10_13_3,safari generic,2560x1600
MacOS|Mac OS X 10_12_6|safari generic|1280x720,MacOS,Mac OS X 10_12_6,safari generic,1280x720
F8331 Build/41.2.A.7.76|UNK|chrome 63.0 for android|UNK,F8331 Build/41.2.A.7.76,,chrome 63.0 for android,
Windows|Windows 10|firefox 56.0|1280x768,Windows,Windows 10,firefox 56.0,1280x768
XT1650 Build/NPLS26.118-20-5-11|UNK|chrome 63.0 for android|UNK,XT1650 Build/NPLS26.118-20-5-11,,chrome 63.0 for android,
BLL-L23 Build/HUAWEIBLL-L23|UNK|chrome 54.0 for android|UNK,BLL-L23 Build/HUAWEIBLL-L23,,chrome 54.0 for android,
SAMSUNG SM-A510F Build/NRD90M|UNK|samsung browser 6.2|UNK,SAMSUNG SM-A510F Build/NRD90M,,samsung browser 6.2,
LG-K200 Build/MXB48T|UNK|chrome 59.0 for android|UNK,LG-K200 Build/MXB48T,,chrome 59.0 for android,
LG-X165g Build/LRX21M|UNK|chrome 56.0 for android|UNK,LG-X165g Build/LRX21M,,chrome 56.0 for android,
Vivo|UNK|chrome 63.0 for android|UNK,Vivo,,chrome 63.0 for android,
iOS Device|iOS 11.2.2|mobile safari 11.0|1136x640,iOS Device,iOS 11.2.2,mobile safari 11.0,1136x640
SM-G925P Build/NRD90M|Android 7.0|chrome 63.0 for android|2560x1440,SM-G925P Build/NRD90M,Android 7.0,chrome 63.0 for android,2560x1440
G3313|UNK|chrome 55.0 for android|UNK,G3313,,chrome 55.0 for android,
E6603 Build/32.4.A.1.54|UNK|chrome 58.0 for android|UNK,E6603 Build/32.4.A.1.54,,chrome 58.0 for android,
SM-J320W8|UNK|chrome 63.0 for android|UNK,SM-J320W8,,chrome 63.0 for android,
SM-G955F|UNK|chrome 63.0 for android|UNK,SM-G955F,,chrome 63.0 for android,
SAMSUNG SM-G610M Build/NRD90M|UNK|samsung browser 6.2|UNK,SAMSUNG SM-G610M Build/NRD90M,,samsung browser 6.2,
SM-J320M Build/LMY47V|UNK|chrome 56.0 for android|UNK,SM-J320M Build/LMY47V,,chrome 56.0 for android,
SM-T550 Build/NMF26X|UNK|chrome 63.0 for android|UNK,SM-T550 Build/NMF26X,,chrome 63.0 for android,
iOS Device|iOS 11.2.2|mobile safari 11.0|1334x750,iOS Device,iOS 11.2.2,mobile safari 11.0,1334x750
SM-G955U Build/NRD90M|UNK|chrome 62.0 for android|UNK,SM-G955U Build/NRD90M,,chrome 62.0 for android,
SM-G935F Build/NRD90M|UNK|chrome 61.0 for android|UNK,SM-G935F Build/NRD90M,,chrome 61.0 for android,
SM-A300H Build/LRX22G|UNK|chrome 55.0 for android|UNK,SM-A300H Build/LRX22G,,chrome 55.0 for android,
LG-X230 Build/MRA58K|UNK|chrome 59.0 for android|UNK,LG-X230 Build/MRA58K,,chrome 59.0 for android,
SAMSUNG-SM-G930A Build/NRD90M|Android 7.0|chrome 63.0 for android|1280x720,SAMSUNG-SM-G930A Build/NRD90M,Android 7.0,chrome 63.0 for android,1280x720
SM-A320Y|UNK|chrome 61.0 for android|UNK,SM-A320Y,,chrome 61.0 for android,
Grand2c|UNK|android webview 4.0|UNK,Grand2c,,android webview 4.0,
LG-D625|UNK|chrome 62.0 for android|UNK,LG-D625,,chrome 62.0 for android,
FTJ152D|UNK|chrome 63.0 for android|UNK,FTJ152D,,chrome 63.0 for android,
LG-H542 Build/LRX22G|UNK|chrome 61.0 for android|UNK,LG-H542 Build/LRX22G,,chrome 61.0 for android,
Moto Z2 Play Build/NPSS26.118-19-14|UNK|chrome 57.0 for android|UNK,Moto Z2 Play Build/NPSS26.118-19-14,,chrome 57.0 for android,
SGP621 Build/23.5.A.1.291|UNK|chrome 61.0 for android|UNK,SGP621 Build/23.5.A.1.291,,chrome 61.0 for android,
SM-G928V|UNK|chrome 63.0 for android|UNK,SM-G928V,,chrome 63.0 for android,
iOS Device|iOS 11.1.0|mobile safari generic|2048x1536,iOS Device,iOS 11.1.0,mobile safari generic,2048x1536
Windows|Windows 10|chrome 63.0|2816x1760,Windows,Windows 10,chrome 63.0,2816x1760
5056A Build/MMB29M|UNK|chrome 60.0 for android|UNK,5056A Build/MMB29M,,chrome 60.0 for android,
BLADE A602 Build/MRA58K|UNK|chrome 63.0 for android|UNK,BLADE A602 Build/MRA58K,,chrome 63.0 for android,
SAMSUNG SM-J327T1 Build/NRD90M|Android 7.0|samsung browser 6.2|1280x720,SAMSUNG SM-J327T1 Build/NRD90M,Android 7.0,samsung browser 6.2,1280x720
iOS Device|iOS 11.2.2|mobile safari generic|1334x750,iOS Device,iOS 11.2.2,mobile safari generic,1334x750
iOS Device|iOS 11.2.2|mobile safari 11.0|2208x1242,iOS Device,iOS 11.2.2,mobile safari 11.0,2208x1242
UNK|Linux|samsung browser 6.2|2960x1440,,Linux,samsung browser 6.2,2960x1440
MacOS|Mac OS X 10_12_6|chrome 61.0|1920x1080,MacOS,Mac OS X 10_12_6,chrome 61.0,1920x1080
rv:57.0|Mac OS X 10.13|firefox 57.0|1024x768,rv:57.0,Mac OS X 10.13,firefox 57.0,1024x768
QTASUN1|Android 6.0.1|chrome 51.0 for android|1920x1200,QTASUN1,Android 6.0.1,chrome 51.0 for android,1920x1200
XT1635-01|Android 7.1.1|chrome 63.0 for android|UNK,XT1635-01,Android 7.1.1,chrome 63.0 for android,
Z799VL|Android 6.0.1|chrome|855x480,Z799VL,Android 6.0.1,chrome,855x480
BBA100-2|UNK|chrome 63.0 for android|UNK,BBA100-2,,chrome 63.0 for android,
iOS Device|iOS 11.2.2|mobile safari 11.0|2048x1536,iOS Device,iOS 11.2.2,mobile safari 11.0,2048x1536
SM-J710F Build/NRD90M|UNK|chrome 63.0 for android|UNK,SM-J710F Build/NRD90M,,chrome 63.0 for android,
HT0701A16|UNK|chrome 50.0 for android|UNK,HT0701A16,,chrome 50.0 for android,
SM-J320M Build/LMY47V|UNK|chrome 61.0 for android|UNK,SM-J320M Build/LMY47V,,chrome 61.0 for android,
iOS Device|iOS 11.2.2|mobile safari 11.0|2436x1125,iOS Device,iOS 11.2.2,mobile safari 11.0,2436x1125
EGO|UNK|chrome 63.0 for android|UNK,EGO,,chrome 63.0 for android,
SM-G930U Build/NRD90M|Android 7.0|chrome 63.0 for android|1920x1080,SM-G930U Build/NRD90M,Android 7.0,chrome 63.0 for android,1920x1080
SAMSUNG SM-G920I Build/NRD90M|UNK|samsung browser 6.2|UNK,SAMSUNG SM-G920I Build/NRD90M,,samsung browser 6.2,
Windows|Windows 10|chrome 60.0|3200x1800,Windows,Windows 10,chrome 60.0,3200x1800
SM-G903F Build/MMB29K|UNK|chrome 63.0 for android|UNK,SM-G903F Build/MMB29K,,chrome 63.0 for android,
ASUS_X00DD|UNK|chrome 63.0 for android|UNK,ASUS_X00DD,,chrome 63.0 for android,
rv:56.0|UNK|Generic/Android|UNK,rv:56.0,,Generic/Android,
Windows|UNK|opera generic|UNK,Windows,,opera generic,
Aquaris U Plus Build/NMF26F|UNK|chrome 63.0 for android|UNK,Aquaris U Plus Build/NMF26F,,chrome 63.0 for android,
Windows|Windows 10|ie 11.0 for desktop|1280x1024,Windows,Windows 10,ie 11.0 for desktop,1280x1024
Windows|Windows 7|chrome 63.0|3840x2160,Windows,Windows 7,chrome 63.0,3840x2160
Robin|UNK|chrome 63.0 for android|UNK,Robin,,chrome 63.0 for android,
rv:55.0|Android 6.0|Generic/Android|1280x720,rv:55.0,Android 6.0,Generic/Android,1280x720
LGMS210 Build/NRD90U|Android 7.0|other|1280x720,LGMS210 Build/NRD90U,Android 7.0,other,1280x720
verykools5035|UNK|chrome 63.0 for android|UNK,verykools5035,,chrome 63.0 for android,
LG-H542 Build/MRA58K|UNK|chrome 62.0 for android|UNK,LG-H542 Build/MRA58K,,chrome 62.0 for android,
9003A Build/MRA58K|UNK|chrome 60.0 for android|UNK,9003A Build/MRA58K,,chrome 60.0 for android,
SM-J110M Build/LMY48B|UNK|chrome 63.0 for android|UNK,SM-J110M Build/LMY48B,,chrome 63.0 for android,
SM-J111M Build/LMY47V|UNK|chrome 63.0 for android|UNK,SM-J111M Build/LMY47V,,chrome 63.0 for android,
ICON|UNK|chrome 60.0 for android|UNK,ICON,,chrome 60.0 for android,
XT1680|UNK|chrome 63.0 for android|UNK,XT1680,,chrome 63.0 for android,
M4 SS4452 Build/LMY47V|UNK|other|UNK,M4 SS4452 Build/LMY47V,,other,
ONE A2003 Build/MMB29M|UNK|chrome 63.0 for android|UNK,ONE A2003 Build/MMB29M,,chrome 63.0 for android,
iOS Device|iOS 11.2.2|mobile safari 11.0|2732x2048,iOS Device,iOS 11.2.2,mobile safari 11.0,2732x2048
iOS Device|iOS 11.2.2|mobile safari generic|2048x1536,iOS Device,iOS 11.2.2,mobile safari generic,2048x1536
Windows|Windows 7|chrome 61.0|1280x1025,Windows,Windows 7,chrome 61.0,1280x1025
rv:49.0|Mac OS X 10.10|firefox|1920x1080,rv:49.0,Mac OS X 10.10,firefox,1920x1080
SM-T350 Build/NMF26X|Android 7.1.1|chrome 63.0 for android|UNK,SM-T350 Build/NMF26X,Android 7.1.1,chrome 63.0 for android,
HTC Desire 626s Build/LMY47O|UNK|chrome 60.0 for android|UNK,HTC Desire 626s Build/LMY47O,,chrome 60.0 for android,
SM-G920V Build/NRD90M|Android 7.0|chrome 63.0 for android|UNK,SM-G920V Build/NRD90M,Android 7.0,chrome 63.0 for android,
UNK|Linux|chrome 55.0|UNK,,Linux,chrome 55.0,
SAMSUNG SM-G935T Build/NRD90M|Android 7.0|samsung browser 6.2|UNK,SAMSUNG SM-G935T Build/NRD90M,Android 7.0,samsung browser 6.2,
SM-J500M Build/MMB29M|UNK|chrome 61.0 for android|UNK,SM-J500M Build/MMB29M,,chrome 61.0 for android,
UNK|other|mobile safari 11.0|1334x750,,other,mobile safari 11.0,1334x750
Moto|Android 7.1.1|chrome 63.0 for android|1920x1080,Moto,Android 7.1.1,chrome 63.0 for android,1920x1080
Blade V6 Build/LRX22G|UNK|chrome 55.0 for android|UNK,Blade V6 Build/LRX22G,,chrome 55.0 for android,
iOS Device|iOS 10.1.1|mobile safari generic|2208x1242,iOS Device,iOS 10.1.1,mobile safari generic,2208x1242
SM-A710M Build/NRD90M|UNK|chrome 63.0 for android|UNK,SM-A710M Build/NRD90M,,chrome 63.0 for android,
Moto G Play Build/NPI26.48-36|UNK|chrome 63.0 for android|UNK,Moto G Play Build/NPI26.48-36,,chrome 63.0 for android,
iOS Device|iOS 11.2.2|mobile safari 11.0|2001x1125,iOS Device,iOS 11.2.2,mobile safari 11.0,2001x1125
Lenovo K33b36 Build/MMB29M|UNK|chrome 55.0 for android|UNK,Lenovo K33b36 Build/MMB29M,,chrome 55.0 for android,
ALE-L23 Build/HuaweiALE-L23|UNK|chrome 57.0 for android|UNK,ALE-L23 Build/HuaweiALE-L23,,chrome 57.0 for android,
SM-N950F Build/NMF26X|UNK|chrome 60.0 for android|UNK,SM-N950F Build/NMF26X,,chrome 60.0 for android,
MacOS|Mac OS X 10_12_1|safari generic|2560x1440,MacOS,Mac OS X 10_12_1,safari generic,2560x1440
SM-G800F Build/MMB29K|UNK|chrome 52.0 for android|UNK,SM-G800F Build/MMB29K,,chrome 52.0 for android,
Lenovo TB3-710F Build/LRX21M|UNK|chrome 62.0 for android|UNK,Lenovo TB3-710F Build/LRX21M,,chrome 62.0 for android,
iOS Device|iOS 10.3.2|mobile safari generic|2732x2048,iOS Device,iOS 10.3.2,mobile safari generic,2732x2048
SM-A710M Build/LMY47X|UNK|chrome 57.0 for android|UNK,SM-A710M Build/LMY47X,,chrome 57.0 for android,
XT1032 Build/LPBS23.13-56-2|UNK|chrome 61.0 for android|UNK,XT1032 Build/LPBS23.13-56-2,,chrome 61.0 for android,
SAMSUNG SM-G930F Build/NRD90M|Android 7.0|samsung browser 6.2|1920x1080,SAMSUNG SM-G930F Build/NRD90M,Android 7.0,samsung browser 6.2,1920x1080
ONE|UNK|chrome 57.0 for android|UNK,ONE,,chrome 57.0 for android,
verykools4009|UNK|chrome 62.0 for android|UNK,verykools4009,,chrome 62.0 for android,
UNK|UNK|iron|UNK,,,iron,
Z839|Android 7.1.1|chrome 63.0 for android|855x480,Z839,Android 7.1.1,chrome 63.0 for android,855x480
K90U|Android 6.0.1|chrome 56.0 for android|1920x1200,K90U,Android 6.0.1,chrome 56.0 for android,1920x1200
iOS Device|iOS|mobile|2048x1536,iOS Device,iOS,mobile,2048x1536
SM-J320M Build/LMY47V|UNK|chrome 60.0 for android|UNK,SM-J320M Build/LMY47V,,chrome 60.0 for android,
SM-T377V|Android 6.0.1|chrome 59.0 for android|UNK,SM-T377V,Android 6.0.1,chrome 59.0 for android,
XT1003|UNK|chrome 63.0 for android|UNK,XT1003,,chrome 63.0 for android,
SAMSUNG SM-G610M Build/NRD90M|UNK|samsung browser 5.4|UNK,SAMSUNG SM-G610M Build/NRD90M,,samsung browser 5.4,
5085B Build/MRA58K|UNK|chrome 63.0 for android|UNK,5085B Build/MRA58K,,chrome 63.0 for android,
S60 Build/MMB29M|UNK|chrome 63.0 for android|UNK,S60 Build/MMB29M,,chrome 63.0 for android,
iOS Device|iOS 11.2.2|chrome 63.0 for ios|2048x1536,iOS Device,iOS 11.2.2,chrome 63.0 for ios,2048x1536
SAMSUNG SM-G930T Build/NRD90M|UNK|samsung browser 6.2|UNK,SAMSUNG SM-G930T Build/NRD90M,,samsung browser 6.2,
ASUS_Z00AD Build/LRX21V|UNK|chrome 63.0 for android|UNK,ASUS_Z00AD Build/LRX21V,,chrome 63.0 for android,
UNK|Android|chrome 63.0|855x480,,Android,chrome 63.0,855x480
Ilium X210 Build/LMY47I|UNK|chrome 46.0 for android|UNK,Ilium X210 Build/LMY47I,,chrome 46.0 for android,
HUAWEI GRA-L09 Build/HUAWEIGRA-L09|UNK|chrome 63.0 for android|UNK,HUAWEI GRA-L09 Build/HUAWEIGRA-L09,,chrome 63.0 for android,
SM-G930F Build/MMB29K|UNK|chrome 52.0 for android|UNK,SM-G930F Build/MMB29K,,chrome 52.0 for android,
SM-G360T1 Build/LMY47X|UNK|chrome 63.0 for android|UNK,SM-G360T1 Build/LMY47X,,chrome 63.0 for android,
iOS Device|iOS 11.2.1|mobile safari 9.0|2208x1242,iOS Device,iOS 11.2.1,mobile safari 9.0,2208x1242
MacOS|Mac|chrome 63.0|1920x1200,MacOS,Mac,chrome 63.0,1920x1200
SM-A510M Build/LMY47X|UNK|chrome 62.0 for android|UNK,SM-A510M Build/LMY47X,,chrome 62.0 for android,
LG-LK460|Android 7.1.1|chrome 58.0 for android|UNK,LG-LK460,Android 7.1.1,chrome 58.0 for android,
F3213 Build/36.1.A.1.86|Android 7.0|chrome 63.0 for android|UNK,F3213 Build/36.1.A.1.86,Android 7.0,chrome 63.0 for android,
SM-G550T Build/MMB29K|UNK|chrome 55.0 for android|UNK,SM-G550T Build/MMB29K,,chrome 55.0 for android,
SAMSUNG-SM-J320AZ Build/MMB29K|UNK|chrome 62.0 for android|UNK,SAMSUNG-SM-J320AZ Build/MMB29K,,chrome 62.0 for android,
SM-T560NU Build/NMF26X|UNK|chrome 63.0 for android|UNK,SM-T560NU Build/NMF26X,,chrome 63.0 for android,
XT1092|UNK|chrome 63.0 for android|UNK,XT1092,,chrome 63.0 for android,
SM-G532M Build/MMB29T|UNK|chrome 61.0 for android|UNK,SM-G532M Build/MMB29T,,chrome 61.0 for android,
HUAWEI VNS-L53 Build/HUAWEIVNS-L53|UNK|chrome 59.0 for android|UNK,HUAWEI VNS-L53 Build/HUAWEIVNS-L53,,chrome 59.0 for android,
Moto C Build/NRD90M.050|UNK|chrome 62.0 for android|UNK,Moto C Build/NRD90M.050,,chrome 62.0 for android,
SM-G570M Build/NRD90M|UNK|chrome 63.0 for android|UNK,SM-G570M Build/NRD90M,,chrome 63.0 for android,
HUAWEI LYO-L21 Build/HUAWEILYO-L21|UNK|chrome 63.0 for android|UNK,HUAWEI LYO-L21 Build/HUAWEILYO-L21,,chrome 63.0 for android,
PLAYTAB|UNK|chrome 55.0 for android|UNK,PLAYTAB,,chrome 55.0 for android,
Tab2A7-10F|UNK|chrome 63.0 for android|UNK,Tab2A7-10F,,chrome 63.0 for android,
VKY-L09 Build/HUAWEIVKY-L09|UNK|chrome 63.0 for android|UNK,VKY-L09 Build/HUAWEIVKY-L09,,chrome 63.0 for android,
GT-P5110|UNK|chrome 63.0 for android|UNK,GT-P5110,,chrome 63.0 for android,
P00C|UNK|chrome 63.0 for android|UNK,P00C,,chrome 63.0 for android,
Ilium LT510 Build/MRA58K|UNK|chrome 63.0 for android|UNK,Ilium LT510 Build/MRA58K,,chrome 63.0 for android,
rv:52.9|Windows 10|firefox|1920x1080,rv:52.9,Windows 10,firefox,1920x1080
LG-H815|UNK|chrome 63.0 for android|UNK,LG-H815,,chrome 63.0 for android,
U FEEL LITE Build/MRA58K|UNK|chrome 63.0 for android|UNK,U FEEL LITE Build/MRA58K,,chrome 63.0 for android,
iOS Device|iOS 11.2.2|mobile safari generic|2208x1242,iOS Device,iOS 11.2.2,mobile safari generic,2208x1242
iOS Device|iOS 11.2.2|mobile safari generic|1136x640,iOS Device,iOS 11.2.2,mobile safari generic,1136x640
E5823 Build/32.4.A.1.54|UNK|chrome 63.0 for android|UNK,E5823 Build/32.4.A.1.54,,chrome 63.0 for android,
Pixel 2 XL Build/OPM1.171019.013|Android 8.1.0|chrome 63.0 for android|UNK,Pixel 2 XL Build/OPM1.171019.013,Android 8.1.0,chrome 63.0 for android,
MacOS|Mac OS X 10_10_5|chrome 63.0|1152x720,MacOS,Mac OS X 10_10_5,chrome 63.0,1152x720
MacOS|Mac OS X 10_12_3|chrome 63.0|5120x2880,MacOS,Mac OS X 10_12_3,chrome 63.0,5120x2880
iOS Device|iOS 11.2.2|mobile safari generic|2732x2048,iOS Device,iOS 11.2.2,mobile safari generic,2732x2048
Windows|Windows 7|chrome generic|1280x1024,Windows,Windows 7,chrome generic,1280x1024
Nexus|Android 5.1.1|chrome 63.0 for android|UNK,Nexus,Android 5.1.1,chrome 63.0 for android,
Pixel|Android 8.1.0|chrome 63.0 for android|UNK,Pixel,Android 8.1.0,chrome 63.0 for android,
SM-A510M Build/NRD90M|UNK|chrome 58.0 for android|UNK,SM-A510M Build/NRD90M,,chrome 58.0 for android,
iOS Device|iOS 11.2.2|mobile safari 11.0|2224x1668,iOS Device,iOS 11.2.2,mobile safari 11.0,2224x1668
Windows|Windows 10|edge 13.0|3000x2000,Windows,Windows 10,edge 13.0,3000x2000
rv:53.0|Windows 7|firefox|1366x768,rv:53.0,Windows 7,firefox,1366x768
MacOS|Mac OS X 10_12_4|safari generic|1920x1200,MacOS,Mac OS X 10_12_4,safari generic,1920x1200
HP|UNK|chrome 63.0 for android|UNK,HP,,chrome 63.0 for android,
SAMSUNG SM-A520F Build/NRD90M|UNK|samsung browser 5.2|UNK,SAMSUNG SM-A520F Build/NRD90M,,samsung browser 5.2,
LG-K550|Android 6.0.1|chrome 63.0 for android|1280x720,LG-K550,Android 6.0.1,chrome 63.0 for android,1280x720
SM-P550 Build/NMF26X|UNK|chrome 63.0 for android|UNK,SM-P550 Build/NMF26X,,chrome 63.0 for android,
Windows|Windows 10|opera generic|1920x1080,Windows,Windows 10,opera generic,1920x1080
SM-G928P Build/NRD90M|UNK|chrome 63.0 for android|UNK,SM-G928P Build/NRD90M,,chrome 63.0 for android,
UNK|Linux|chrome 63.0|2960x1440,,Linux,chrome 63.0,2960x1440
SAMSUNG SM-J327T1 Build/NRD90M|Android 7.0|samsung browser 5.2|1280x720,SAMSUNG SM-J327T1 Build/NRD90M,Android 7.0,samsung browser 5.2,1280x720
SM-A320FL Build/NRD90M|UNK|chrome 63.0 for android|UNK,SM-A320FL Build/NRD90M,,chrome 63.0 for android,
N817|Android|chrome 63.0 for android|801x480,N817,Android,chrome 63.0 for android,801x480
Joy|UNK|android webview 4.0|UNK,Joy,,android webview 4.0,
C6906|UNK|chrome 63.0 for android|UNK,C6906,,chrome 63.0 for android,
MacOS|Mac OS X 10_13_1|chrome 56.0|1280x800,MacOS,Mac OS X 10_13_1,chrome 56.0,1280x800
E6810|Android 7.1.2|chrome 63.0 for android|1920x1080,E6810,Android 7.1.2,chrome 63.0 for android,1920x1080
Lenovo|UNK|chrome 51.0 for android|UNK,Lenovo,,chrome 51.0 for android,
SM-G925W8|UNK|chrome 63.0 for android|UNK,SM-G925W8,,chrome 63.0 for android,
rv:52.0|Mac OS X 10.11|firefox 52.0|1920x1080,rv:52.0,Mac OS X 10.11,firefox 52.0,1920x1080
SAMSUNG SM-J710MN Build/MMB29K|UNK|samsung browser 4.0|UNK,SAMSUNG SM-J710MN Build/MMB29K,,samsung browser 4.0,
MacOS|Mac OS X 10_6_8|chrome 49.0|1360x768,MacOS,Mac OS X 10_6_8,chrome 49.0,1360x768
GT-I8190L Build/JZO54K|UNK|chrome 63.0 for android|UNK,GT-I8190L Build/JZO54K,,chrome 63.0 for android,
rv:52.0|Mac OS X 10.12|firefox 52.0|1920x1080,rv:52.0,Mac OS X 10.12,firefox 52.0,1920x1080
SM-J727P|Android 7.0|chrome 63.0 for android|1280x720,SM-J727P,Android 7.0,chrome 63.0 for android,1280x720
SM-J710GN Build/MMB29K|UNK|chrome 63.0 for android|UNK,SM-J710GN Build/MMB29K,,chrome 63.0 for android,
MacOS|Mac OS X 10_12_3|safari generic|1440x800,MacOS,Mac OS X 10_12_3,safari generic,1440x800
MacOS|Mac OS X 10_9_5|safari generic|1024x640,MacOS,Mac OS X 10_9_5,safari generic,1024x640
es-us|UNK|other|UNK,es-us,,other,
SM-T530 Build/LRX22G|UNK|chrome|UNK,SM-T530 Build/LRX22G,,chrome,
Pixel Build/OPM1.171019.012|Android 8.1.0|chrome 63.0 for android|UNK,Pixel Build/OPM1.171019.012,Android 8.1.0,chrome 63.0 for android,
WAS-L03T Build/HUAWEIWAS-L03T|UNK|chrome 63.0 for android|UNK,WAS-L03T Build/HUAWEIWAS-L03T,,chrome 63.0 for android,
BLU|UNK|BLU/Dash|UNK,BLU,,BLU/Dash,
5015A Build/LMY47I|UNK|chrome 55.0 for android|UNK,5015A Build/LMY47I,,chrome 55.0 for android,
Windows|Windows 10|chrome 56.0|1366x768,Windows,Windows 10,chrome 56.0,1366x768
UNK|Linux|chrome 62.0|1200x675,,Linux,chrome 62.0,1200x675
Tornado|UNK|chrome 62.0 for android|UNK,Tornado,,chrome 62.0 for android,
HUAWEI VNS-L23 Build/HUAWEIVNS-L23|UNK|chrome 54.0 for android|UNK,HUAWEI VNS-L23 Build/HUAWEIVNS-L23,,chrome 54.0 for android,
MacOS|Mac OS X 10_13_2|safari generic|2560x1080,MacOS,Mac OS X 10_13_2,safari generic,2560x1080
MacOS|Mac OS X 10_12_5|chrome 60.0|1920x1080,MacOS,Mac OS X 10_12_5,chrome 60.0,1920x1080
SM-G950U Build/R16NW|Android 8.0.0|chrome 63.0 for android|2220x1080,SM-G950U Build/R16NW,Android 8.0.0,chrome 63.0 for android,2220x1080
Windows|Windows 8.1|chrome 63.0|2880x1800,Windows,Windows 8.1,chrome 63.0,2880x1800
SAMSUNG-SM-T377A Build/MMB29K|UNK|chrome 63.0 for android|UNK,SAMSUNG-SM-T377A Build/MMB29K,,chrome 63.0 for android,
rv:57.0|Mac OS X 10.13|firefox 57.0|1280x720,rv:57.0,Mac OS X 10.13,firefox 57.0,1280x720
Trident/7.0|Windows 7|ie 11.0 for desktop|1440x960,Trident/7.0,Windows 7,ie 11.0 for desktop,1440x960
iOS Device|iOS 9.3.5|mobile safari generic|960x640,iOS Device,iOS 9.3.5,mobile safari generic,960x640
SM-J500FN Build/MMB29M|UNK|chrome 63.0 for android|UNK,SM-J500FN Build/MMB29M,,chrome 63.0 for android,
SM-T825 Build/NRD90M|UNK|chrome 63.0 for android|UNK,SM-T825 Build/NRD90M,,chrome 63.0 for android,
LGLS775 Build/MMB29M|Android 6.0.1|chrome 62.0 for android|1280x720,LGLS775 Build/MMB29M,Android 6.0.1,chrome 62.0 for android,1280x720
rv:57.0|Android 7.0|Generic/Android 7.0|2048x1536,rv:57.0,Android 7.0,Generic/Android 7.0,2048x1536
LG-K200 Build/MXB48T|UNK|chrome 61.0 for android|UNK,LG-K200 Build/MXB48T,,chrome 61.0 for android,
LG-H815 Build/MRA58K|UNK|chrome 62.0 for android|UNK,LG-H815 Build/MRA58K,,chrome 62.0 for android,
iOS Device|iOS 11.2.2|mobile safari generic|2001x1125,iOS Device,iOS 11.2.2,mobile safari generic,2001x1125
Z981 Build/MMB29M|UNK|chrome 63.0 for android|UNK,Z981 Build/MMB29M,,chrome 63.0 for android,
Moto G (5) Plus Build/NPN25.137-92|UNK|chrome generic|UNK,Moto G (5) Plus Build/NPN25.137-92,,chrome generic,
ALE-L23 Build/HuaweiALE-L23|UNK|chrome 50.0 for android|UNK,ALE-L23 Build/HuaweiALE-L23,,chrome 50.0 for android,
SM-G955U Build/NRD90M|Android 7.0|chrome 55.0 for android|UNK,SM-G955U Build/NRD90M,Android 7.0,chrome 55.0 for android,
Windows|Windows 10|chrome 61.0|1600x1200,Windows,Windows 10,chrome 61.0,1600x1200
SM-G950W|UNK|chrome 63.0 for android|UNK,SM-G950W,,chrome 63.0 for android,
SM-T550|Android 6.0.1|chrome 63.0 for android|1024x768,SM-T550,Android 6.0.1,chrome 63.0 for android,1024x768
SM-G955U Build/NRD90M|Android 7.0|chrome 62.0 for android|2960x1440,SM-G955U Build/NRD90M,Android 7.0,chrome 62.0 for android,2960x1440
SM-G390W|UNK|chrome 63.0 for android|UNK,SM-G390W,,chrome 63.0 for android,
iOS Device|iOS 11.2.2|mobile safari generic|2436x1125,iOS Device,iOS 11.2.2,mobile safari generic,2436x1125
Windows|Windows 7|chrome 63.0|1364x768,Windows,Windows 7,chrome 63.0,1364x768
SAMSUNG SM-J500FN Build/MMB29M|UNK|samsung browser 6.2|UNK,SAMSUNG SM-J500FN Build/MMB29M,,samsung browser 6.2,
GT-P5210 Build/JDQ39|UNK|chrome 63.0 for android|UNK,GT-P5210 Build/JDQ39,,chrome 63.0 for android,
rv:48.0|Mac|firefox 48.0|1600x900,rv:48.0,Mac,firefox 48.0,1600x900
HTC Desire 530 Build/MMB29M|Android 6.0.1|chrome 63.0 for android|1280x720,HTC Desire 530 Build/MMB29M,Android 6.0.1,chrome 63.0 for android,1280x720
SM-G550T1 Build/MMB29K|UNK|chrome 55.0 for android|UNK,SM-G550T1 Build/MMB29K,,chrome 55.0 for android,
SM-J730GM Build/NRD90M|UNK|android webview 4.0|UNK,SM-J730GM Build/NRD90M,,android webview 4.0,
SM-A510F Build/MMB29K|UNK|chrome 63.0 for android|UNK,SM-A510F Build/MMB29K,,chrome 63.0 for android,
Windows|Windows 10|edge 16.0|2560x1080,Windows,Windows 10,edge 16.0,2560x1080
GT-I9195I|UNK|chrome 63.0 for android|UNK,GT-I9195I,,chrome 63.0 for android,
ASUS_X015D Build/NRD90M|UNK|chrome 63.0 for android|UNK,ASUS_X015D Build/NRD90M,,chrome 63.0 for android,
MacOS|Mac OS X 10_12_2|chrome 58.0|1680x1050,MacOS,Mac OS X 10_12_2,chrome 58.0,1680x1050
SM-N920T Build/NRD90M|UNK|chrome 63.0 for android|UNK,SM-N920T Build/NRD90M,,chrome 63.0 for android,
IdeaTabA1000-F|UNK|chrome 61.0 for android|UNK,IdeaTabA1000-F,,chrome 61.0 for android,
LM-X210(G|Android 7.1.2|chrome generic|1280x720,LM-X210(G,Android 7.1.2,chrome generic,1280x720
ALTER|UNK|chrome 63.0 for android|UNK,ALTER,,chrome 63.0 for android,
SM-G390F|UNK|chrome 63.0 for android|UNK,SM-G390F,,chrome 63.0 for android,
E5823|UNK|chrome 63.0 for android|UNK,E5823,,chrome 63.0 for android,
UNK|Linux|chrome 63.0|1920x1280,,Linux,chrome 63.0,1920x1280
A37f|UNK|chrome 63.0 for android|UNK,A37f,,chrome 63.0 for android,
F5321 Build/34.3.A.0.238|UNK|chrome 63.0 for android|UNK,F5321 Build/34.3.A.0.238,,chrome 63.0 for android,
HTC One A9 Build/NRD90M|UNK|other|UNK,HTC One A9 Build/NRD90M,,other,
LG-H320 Build/LRX21Y|UNK|chrome 46.0 for android|UNK,LG-H320 Build/LRX21Y,,chrome 46.0 for android,
TAB7|UNK|chrome generic|UNK,TAB7,,chrome generic,
SM-J111M Build/LMY47V|UNK|chrome 56.0 for android|UNK,SM-J111M Build/LMY47V,,chrome 56.0 for android,
iris 870 Build/MRA58K|UNK|chrome 63.0 for android|UNK,iris 870 Build/MRA58K,,chrome 63.0 for android,
LGLS675 Build/LMY47V|Android 5.1.1|chrome 59.0 for android|855x480,LGLS675 Build/LMY47V,Android 5.1.1,chrome 59.0 for android,855x480
SM-G955U1 Build/NRD90M|Android 7.0|chrome 60.0 for android|UNK,SM-G955U1 Build/NRD90M,Android 7.0,chrome 60.0 for android,
LG-H542 Build/LRX22G|UNK|chrome 63.0 for android|UNK,LG-H542 Build/LRX22G,,chrome 63.0 for android,
MotoG3 Build/MPIS24.107-55-2-17|UNK|chrome 63.0 for android|UNK,MotoG3 Build/MPIS24.107-55-2-17,,chrome 63.0 for android,
MYA-L13 Build/HUAWEIMYA-L13|UNK|chrome 62.0 for android|UNK,MYA-L13 Build/HUAWEIMYA-L13,,chrome 62.0 for android,
E5803 Build/32.4.A.1.54|UNK|chrome 63.0 for android|UNK,E5803 Build/32.4.A.1.54,,chrome 63.0 for android,
SAMSUNG-SM-T337A Build/LMY47X|Android 5.1.1|chrome 63.0 for android|UNK,SAMSUNG-SM-T337A Build/LMY47X,Android 5.1.1,chrome 63.0 for android,
Windows|Windows 10|chrome 57.0|1440x900,Windows,Windows 10,chrome 57.0,1440x900
Ilium L950 Build/KTU84P|UNK|chrome 63.0 for android|UNK,Ilium L950 Build/KTU84P,,chrome 63.0 for android,
Windows|Windows 8.1|chrome 63.0|1280x800,Windows,Windows 8.1,chrome 63.0,1280x800
iOS Device|iOS 11.2.2|mobile safari uiwebview|2048x1536,iOS Device,iOS 11.2.2,mobile safari uiwebview,2048x1536
Linux x86_64|Linux|firefox 47.0|1024x768,Linux x86_64,Linux,firefox 47.0,1024x768
Windows|Windows 7|firefox 52.0|1920x1200,Windows,Windows 7,firefox 52.0,1920x1200
VS425PP Build/LMY47V|UNK|chrome 63.0 for android|UNK,VS425PP Build/LMY47V,,chrome 63.0 for android,
Windows|Windows 10|firefox 52.0|1280x1024,Windows,Windows 10,firefox 52.0,1280x1024
MacOS|Mac OS X 10_12_3|chrome 63.0|4096x2304,MacOS,Mac OS X 10_12_3,chrome 63.0,4096x2304
SAMSUNG SM-J320M Build/LMY47V|UNK|other|UNK,SAMSUNG SM-J320M Build/LMY47V,,other,
rv:59.0|UNK|firefox generic|UNK,rv:59.0,,firefox generic,
Moto Z2 Play Build/NPS26.74-16-1|UNK|chrome 63.0 for android|UNK,Moto Z2 Play Build/NPS26.74-16-1,,chrome 63.0 for android,
rv:57.0|Mac OS X 10.10|firefox 57.0|5120x2880,rv:57.0,Mac OS X 10.10,firefox 57.0,5120x2880
iOS Device|iOS 11.2.2|mobile safari uiwebview|1334x750,iOS Device,iOS 11.2.2,mobile safari uiwebview,1334x750
rv:54.0|Windows 10|firefox|1280x800,rv:54.0,Windows 10,firefox,1280x800
E6633|UNK|chrome 63.0 for android|UNK,E6633,,chrome 63.0 for android,
Pixel Build/OPM1.171019.012|UNK|chrome 63.0 for android|UNK,Pixel Build/OPM1.171019.012,,chrome 63.0 for android,
SAMSUNG SM-J327T1 Build/NRD90M|UNK|samsung browser 6.2|UNK,SAMSUNG SM-J327T1 Build/NRD90M,,samsung browser 6.2,
LG-H831 Build/NRD90U|UNK|chrome 63.0 for android|UNK,LG-H831 Build/NRD90U,,chrome 63.0 for android,
SM-T555|UNK|chrome 63.0 for android|UNK,SM-T555,,chrome 63.0 for android,
Blade A475 Build/LMY47D|UNK|chrome 56.0 for android|UNK,Blade A475 Build/LMY47D,,chrome 56.0 for android,
SM-G950F Build/NRD90M|UNK|chrome 58.0 for android|UNK,SM-G950F Build/NRD90M,,chrome 58.0 for android,
TRT-LX3|UNK|chrome 63.0 for android|UNK,TRT-LX3,,chrome 63.0 for android,
SM-G550T1 Build/MMB29K|UNK|chrome 63.0 for android|UNK,SM-G550T1 Build/MMB29K,,chrome 63.0 for android,
SM-G925I Build/NRD90M|UNK|chrome 61.0 for android|UNK,SM-G925I Build/NRD90M,,chrome 61.0 for android,
iOS Device|iOS 11.1.1|mobile safari generic|2436x1125,iOS Device,iOS 11.1.1,mobile safari generic,2436x1125
SM-N920P Build/NRD90M|UNK|chrome 63.0 for android|UNK,SM-N920P Build/NRD90M,,chrome 63.0 for android,
HIGHWAY|UNK|chrome 63.0 for android|UNK,HIGHWAY,,chrome 63.0 for android,
SM-T800 Build/MMB29K|UNK|chrome 55.0 for android|UNK,SM-T800 Build/MMB29K,,chrome 55.0 for android,
LG-K450 Build/MXB48T|Android 6.0.1|chrome 62.0 for android|1280x720,LG-K450 Build/MXB48T,Android 6.0.1,chrome 62.0 for android,1280x720
rv:11.0|Windows 7|ie 11.0 for desktop|1152x864,rv:11.0,Windows 7,ie 11.0 for desktop,1152x864
rv:52.0|Windows XP|firefox 52.0|UNK,rv:52.0,Windows XP,firefox 52.0,
Windows|Windows 7|firefox generic|1280x1024,Windows,Windows 7,firefox generic,1280x1024
LG-TP450 Build/NRD90U|Android 7.0|chrome 58.0 for android|1920x1080,LG-TP450 Build/NRD90U,Android 7.0,chrome 58.0 for android,1920x1080
Blade V6 Plus Build/MRA58K|UNK|chrome 56.0 for android|UNK,Blade V6 Plus Build/MRA58K,,chrome 56.0 for android,
verykools5034|UNK|chrome 63.0 for android|UNK,verykools5034,,chrome 63.0 for android,
GT-I8190L Build/JZO54K|UNK|chrome 52.0 for android|UNK,GT-I8190L Build/JZO54K,,chrome 52.0 for android,
RCT6203W46 Build/KOT49H|Android 4.4.2|chrome 52.0 for android|1024x600,RCT6203W46 Build/KOT49H,Android 4.4.2,chrome 52.0 for android,1024x600
TRT-LX3|UNK|chrome 59.0 for android|UNK,TRT-LX3,,chrome 59.0 for android,
HTC Desire 626s Build/LMY47O|UNK|chrome 43.0 for android|UNK,HTC Desire 626s Build/LMY47O,,chrome 43.0 for android,
SAMSUNG SM-J320FN Build/LMY47V|UNK|other|UNK,SAMSUNG SM-J320FN Build/LMY47V,,other,
Moto Z2 Play Build/NPSS26.118-19-4|UNK|chrome 57.0 for android|UNK,Moto Z2 Play Build/NPSS26.118-19-4,,chrome 57.0 for android,
iOS Device|iOS 11.2.2|chrome|2732x2048,iOS Device,iOS 11.2.2,chrome,2732x2048
GT-N8000|UNK|chrome 63.0 for android|UNK,GT-N8000,,chrome 63.0 for android,
rv:58.0|Mac OS X 10.12|firefox generic|1920x1080,rv:58.0,Mac OS X 10.12,firefox generic,1920x1080
SAMSUNG SM-N900W8 Build/LRX21V|UNK|chrome generic|UNK,SAMSUNG SM-N900W8 Build/LRX21V,,chrome generic,
SM-G928T Build/NRD90M|UNK|chrome 63.0 for android|UNK,SM-G928T Build/NRD90M,,chrome 63.0 for android,
UNK|Android|samsung browser 6.2|801x480,,Android,samsung browser 6.2,801x480
SAMSUNG SM-G891A Build/NRD90M|Android 7.0|samsung browser 5.4|1920x1080,SAMSUNG SM-G891A Build/NRD90M,Android 7.0,samsung browser 5.4,1920x1080
Mobiistar_LAI_Yuna_X|UNK|android webview 4.0|UNK,Mobiistar_LAI_Yuna_X,,android webview 4.0,
SM-A510M Build/NRD90M|UNK|chrome 61.0 for android|UNK,SM-A510M Build/NRD90M,,chrome 61.0 for android,
MotoE2 Build/LPCS23.13-56-5|UNK|chrome 54.0 for android|UNK,MotoE2 Build/LPCS23.13-56-5,,chrome 54.0 for android,
Windows|Windows 8.1|firefox generic|1280x800,Windows,Windows 8.1,firefox generic,1280x800
Windows|Windows 10|chrome generic|3840x2160,Windows,Windows 10,chrome generic,3840x2160
4013M Build/KOT49H|UNK|chrome 62.0 for android|UNK,4013M Build/KOT49H,,chrome 62.0 for android,
SAMSUNG|Android 7.1.1|samsung browser 6.2|UNK,SAMSUNG,Android 7.1.1,samsung browser 6.2,
Redmi 4A Build/MMB29M|UNK|chrome 63.0 for android|UNK,Redmi 4A Build/MMB29M,,chrome 63.0 for android,
MacOS|Mac OS X 10_11_6|chrome|2880x1800,MacOS,Mac OS X 10_11_6,chrome,2880x1800
MacOS|Mac OS X 10_11_3|safari generic|1440x900,MacOS,Mac OS X 10_11_3,safari generic,1440x900
MacOS|Mac OS X 10_12_2|safari generic|2880x1800,MacOS,Mac OS X 10_12_2,safari generic,2880x1800
Lenovo K33b36 Build/MMB29M|UNK|chrome 58.0 for android|UNK,Lenovo K33b36 Build/MMB29M,,chrome 58.0 for android,
Windows|Windows 7|chrome generic|UNK,Windows,Windows 7,chrome generic,
iris80|UNK|chrome 62.0 for android|UNK,iris80,,chrome 62.0 for android,
GT-I9505 Build/LRX22C|UNK|chrome 53.0 for android|UNK,GT-I9505 Build/LRX22C,,chrome 53.0 for android,
rv:11.0|Windows 7|ie 11.0 for desktop|1440x803,rv:11.0,Windows 7,ie 11.0 for desktop,1440x803
Alcatel_5098O Build/MMB29M|Android 6.0.1|chrome 63.0 for android|1280x720,Alcatel_5098O Build/MMB29M,Android 6.0.1,chrome 63.0 for android,1280x720
BLU|UNK|chrome 43.0 for android|UNK,BLU,,chrome 43.0 for android,
Ilium L910 Build/MRA58K|UNK|chrome 46.0 for android|UNK,Ilium L910 Build/MRA58K,,chrome 46.0 for android,
SM-G920P Build/NRD90M|UNK|chrome 63.0 for android|UNK,SM-G920P Build/NRD90M,,chrome 63.0 for android,
VTR-L09 Build/HUAWEIVTR-L09|UNK|chrome generic for android|UNK,VTR-L09 Build/HUAWEIVTR-L09,,chrome generic for android,
SM-G570M Build/MMB29K|UNK|chrome generic for android|UNK,SM-G570M Build/MMB29K,,chrome generic for android,
BND-L21 Build/HONORBND-L21|UNK|chrome 63.0 for android|UNK,BND-L21 Build/HONORBND-L21,,chrome 63.0 for android,
Nexus 5X Build/OPM3.171019.013|Android 8.1.0|chrome 63.0 for android|UNK,Nexus 5X Build/OPM3.171019.013,Android 8.1.0,chrome 63.0 for android,
SM-G920F Build/NRD90M|UNK|chrome 55.0 for android|UNK,SM-G920F Build/NRD90M,,chrome 55.0 for android,
SAMSUNG SM-A320FL Build/NRD90M|UNK|samsung browser 6.2|UNK,SAMSUNG SM-A320FL Build/NRD90M,,samsung browser 6.2,
LG-D802|UNK|chrome 63.0 for android|UNK,LG-D802,,chrome 63.0 for android,
HTC U11 Build/OPR6.170623.013|Android 8.0.0|UNK|2560x1440,HTC U11 Build/OPR6.170623.013,Android 8.0.0,,2560x1440
LG-D722|UNK|chrome 61.0 for android|UNK,LG-D722,,chrome 61.0 for android,
SM-A320FL Build/NRD90M|UNK|chrome generic for android|UNK,SM-A320FL Build/NRD90M,,chrome generic for android,
MacOS|Mac OS X 10_13_3|safari generic|1280x720,MacOS,Mac OS X 10_13_3,safari generic,1280x720
SLA-L22|UNK|chrome 63.0 for android|UNK,SLA-L22,,chrome 63.0 for android,
SM-T550|UNK|chrome 63.0 for android|UNK,SM-T550,,chrome 63.0 for android,
Hisense|UNK|chrome 61.0 for android|UNK,Hisense,,chrome 61.0 for android,
TA-1039 Build/N2G47H|UNK|chrome generic for android|UNK,TA-1039 Build/N2G47H,,chrome generic for android,
XT1030 Build/SU6-7.7|Android|chrome generic|1280x720,XT1030 Build/SU6-7.7,Android,chrome generic,1280x720
Moto G (5) Build/NPP25.137-93|UNK|chrome generic|UNK,Moto G (5) Build/NPP25.137-93,,chrome generic,
Moto Z2 Play Build/NPSS26.118-19-14|UNK|chrome generic for android|UNK,Moto Z2 Play Build/NPSS26.118-19-14,,chrome generic for android,
SM-G610M Build/MMB29K|UNK|chrome generic for android|UNK,SM-G610M Build/MMB29K,,chrome generic for android,
SM-G935F Build/NRD90M|UNK|chrome generic for android|UNK,SM-G935F Build/NRD90M,,chrome generic for android,
Pixel 2 Build/OPM2.171019.016|Android 8.1.0|chrome 63.0 for android|UNK,Pixel 2 Build/OPM2.171019.016,Android 8.1.0,chrome 63.0 for android,
LGMS330 Build/LMY47V|UNK|chrome 63.0 for android|UNK,LGMS330 Build/LMY47V,,chrome 63.0 for android,
Moto G Play Build/MPIS24.241-15.3-7|UNK|chrome generic for android|UNK,Moto G Play Build/MPIS24.241-15.3-7,,chrome generic for android,
iOS Device|iOS 11.3.0|mobile safari 11.0|2208x1242,iOS Device,iOS 11.3.0,mobile safari 11.0,2208x1242
Windows|Windows 10|chrome 59.0|1600x900,Windows,Windows 10,chrome 59.0,1600x900
MacOS|Mac OS X 10_12_4|chrome 63.0|2880x1800,MacOS,Mac OS X 10_12_4,chrome 63.0,2880x1800
UNK|Android|chrome generic|1280x720,,Android,chrome generic,1280x720
iOS Device|iOS|mobile safari 8.0|2208x1242,iOS Device,iOS,mobile safari 8.0,2208x1242
ALE-L23 Build/HuaweiALE-L23|UNK|chrome generic|UNK,ALE-L23 Build/HuaweiALE-L23,,chrome generic,
SM-G950U Build/NRD90M|Android 7.0|chrome generic for android|2220x1080,SM-G950U Build/NRD90M,Android 7.0,chrome generic for android,2220x1080
SAMSUNG SM-G930T Build/NRD90M|Android 7.0|samsung browser 6.2|2560x1440,SAMSUNG SM-G930T Build/NRD90M,Android 7.0,samsung browser 6.2,2560x1440
XT1650|Android 6.0.1|chrome generic for android|2560x1440,XT1650,Android 6.0.1,chrome generic for android,2560x1440
rv:52.0|Mac OS X 10.12|firefox 52.0|3360x2100,rv:52.0,Mac OS X 10.12,firefox 52.0,3360x2100
SM-G920V Build/MMB29K|Android 6.0.1|chrome 51.0 for android|2560x1440,SM-G920V Build/MMB29K,Android 6.0.1,chrome 51.0 for android,2560x1440
Z837VL|Android 6.0.1|other|855x480,Z837VL,Android 6.0.1,other,855x480
Nexus 5X Build/OPM3.171019.013|UNK|chrome 63.0 for android|UNK,Nexus 5X Build/OPM3.171019.013,,chrome 63.0 for android,
ZTE|UNK|chrome generic|UNK,ZTE,,chrome generic,
Trident/7.0|Windows 10|ie 11.0 for desktop|2880x1800,Trident/7.0,Windows 10,ie 11.0 for desktop,2880x1800
LG-X180g Build/LMY47I|UNK|chrome generic|UNK,LG-X180g Build/LMY47I,,chrome generic,
iOS Device|iOS 11.2.5|mobile safari generic|1334x750,iOS Device,iOS 11.2.5,mobile safari generic,1334x750
iOS Device|iOS 11.2.5|mobile safari 11.0|2048x1536,iOS Device,iOS 11.2.5,mobile safari 11.0,2048x1536
LG-K330|UNK|chrome 54.0 for android|UNK,LG-K330,,chrome 54.0 for android,
UNK|Android|samsung browser 6.2|1920x1080,,Android,samsung browser 6.2,1920x1080
XT1021 Build/LPCS23.13-34.8-3|UNK|chrome|UNK,XT1021 Build/LPCS23.13-34.8-3,,chrome,
HTC One A9s Build/MRA58K|UNK|chrome generic for android|UNK,HTC One A9s Build/MRA58K,,chrome generic for android,
MacOS|Mac OS X 10_13_3|safari generic|3360x2100,MacOS,Mac OS X 10_13_3,safari generic,3360x2100
LGLK430|Android|chrome generic|UNK,LGLK430,Android,chrome generic,
Trident/7.0|Windows 8|ie 11.0 for desktop|1600x900,Trident/7.0,Windows 8,ie 11.0 for desktop,1600x900
UNK|Linux|chrome generic|2560x1440,,Linux,chrome generic,2560x1440
T1|UNK|chrome 63.0 for android|UNK,T1,,chrome 63.0 for android,
ALE-L21 Build/HuaweiALE-L21|UNK|chrome generic for android|UNK,ALE-L21 Build/HuaweiALE-L21,,chrome generic for android,
SM-G930W8 Build/NRD90M|UNK|chrome generic for android|UNK,SM-G930W8 Build/NRD90M,,chrome generic for android,
rv:49.0|Mac OS X 10.12|firefox|1280x800,rv:49.0,Mac OS X 10.12,firefox,1280x800
Windows|Windows 7|firefox generic|1440x900,Windows,Windows 7,firefox generic,1440x900
SAMSUNG|UNK|samsung browser 4.0|UNK,SAMSUNG,,samsung browser 4.0,
Windows|Windows XP|firefox|1024x768,Windows,Windows XP,firefox,1024x768
TR10CS1 Build/JDQ39|UNK|chrome 63.0 for android|UNK,TR10CS1 Build/JDQ39,,chrome 63.0 for android,
F3213 Build/36.1.A.1.86|UNK|chrome generic for android|UNK,F3213 Build/36.1.A.1.86,,chrome generic for android,
SM-J730GM Build/NRD90M|UNK|chrome generic for android|UNK,SM-J730GM Build/NRD90M,,chrome generic for android,
Nexus 5X Build/OPM3.171019.013|UNK|chrome generic for android|UNK,Nexus 5X Build/OPM3.171019.013,,chrome generic for android,
LG-D213|UNK|chrome|UNK,LG-D213,,chrome,
SM-G900V Build/MMB29M|Android 6.0.1|chrome generic for android|1920x1080,SM-G900V Build/MMB29M,Android 6.0.1,chrome generic for android,1920x1080
Redmi 3S Build/MMB29M|UNK|chrome generic for android|UNK,Redmi 3S Build/MMB29M,,chrome generic for android,
LG-K530 Build/MMB29M|UNK|chrome generic for android|UNK,LG-K530 Build/MMB29M,,chrome generic for android,
Linux x86_64|Linux|chrome|1920x1080,Linux x86_64,Linux,chrome,1920x1080
iOS Device|iOS 11.2.5|mobile safari uiwebview|1334x750,iOS Device,iOS 11.2.5,mobile safari uiwebview,1334x750
BLADE V8 SE Build/NRD90M|UNK|chrome generic for android|UNK,BLADE V8 SE Build/NRD90M,,chrome generic for android,
rv:58.0|Mac OS X 10.9|firefox generic|1366x768,rv:58.0,Mac OS X 10.9,firefox generic,1366x768
PRA-LX3 Build/HUAWEIPRA-LX3|UNK|chrome generic for android|UNK,PRA-LX3 Build/HUAWEIPRA-LX3,,chrome generic for android,
SM-T580 Build/NRD90M|Android 7.0|chrome 63.0 for android|UNK,SM-T580 Build/NRD90M,Android 7.0,chrome 63.0 for android,
UNK|Linux|samsung browser 6.2|2961x1442,,Linux,samsung browser 6.2,2961x1442
MacOS|Mac OS X 10_10_5|chrome 61.0|1680x1050,MacOS,Mac OS X 10_10_5,chrome 61.0,1680x1050
SM-J710MN Build/MMB29K|UNK|chrome generic for android|UNK,SM-J710MN Build/MMB29K,,chrome generic for android,
MacOS|Mac OS X 10_11_6|chrome generic|2880x1800,MacOS,Mac OS X 10_11_6,chrome generic,2880x1800
5010G Build/MRA58K|UNK|chrome generic for android|UNK,5010G Build/MRA58K,,chrome generic for android,
LG-H542 Build/LRX22G|UNK|chrome 52.0 for android|UNK,LG-H542 Build/LRX22G,,chrome 52.0 for android,
5011A Build/NRD90M|UNK|chrome generic for android|UNK,5011A Build/NRD90M,,chrome generic for android,
MotoG3 Build/MPI24.65-33.1-2|UNK|chrome 59.0 for android|UNK,MotoG3 Build/MPI24.65-33.1-2,,chrome 59.0 for android,
E2303|UNK|chrome 63.0 for android|UNK,E2303,,chrome 63.0 for android,
UNK|Android|chrome generic|1920x1080,,Android,chrome generic,1920x1080
Pixel|Android 8.1.0|chrome 62.0 for android|2562x1442,Pixel,Android 8.1.0,chrome 62.0 for android,2562x1442
Ilium X520 Build/NRD90M|UNK|chrome 63.0 for android|UNK,Ilium X520 Build/NRD90M,,chrome 63.0 for android,
SM-J320M Build/LMY47V|UNK|chrome 57.0 for android|UNK,SM-J320M Build/LMY47V,,chrome 57.0 for android,
LG-H870 Build/NRD90U|UNK|chrome generic for android|UNK,LG-H870 Build/NRD90U,,chrome generic for android,
XT1032 Build/LPBS23.13-57-2|UNK|chrome 63.0 for android|UNK,XT1032 Build/LPBS23.13-57-2,,chrome 63.0 for android,
LG-X230 Build/MRA58K|UNK|chrome generic for android|UNK,LG-X230 Build/MRA58K,,chrome generic for android,
Windows|Windows 7|chrome generic|1600x900,Windows,Windows 7,chrome generic,1600x900
LG-M320 Build/NRD90U|UNK|chrome generic for android|UNK,LG-M320 Build/NRD90U,,chrome generic for android,
LG-X210 Build/LMY47I|UNK|chrome 50.0 for android|UNK,LG-X210 Build/LMY47I,,chrome 50.0 for android,
Blade V6 Plus Build/MRA58K|UNK|chrome generic for android|UNK,Blade V6 Plus Build/MRA58K,,chrome generic for android,
Moto Z2 Play Build/NPSS26.118-19-14|UNK|samsung browser 6.2|UNK,Moto Z2 Play Build/NPSS26.118-19-14,,samsung browser 6.2,
Windows|Windows 10|firefox generic|3840x2160,Windows,Windows 10,firefox generic,3840x2160
Windows|Windows 7|chrome generic|1440x900,Windows,Windows 7,chrome generic,1440x900
MacOS|Mac OS X 10_13_2|chrome 63.0|2560x1080,MacOS,Mac OS X 10_13_2,chrome 63.0,2560x1080
Linux x86_64|Linux|firefox generic|1920x1080,Linux x86_64,Linux,firefox generic,1920x1080
SM-G930F Build/NRD90M|UNK|chrome generic for android|UNK,SM-G930F Build/NRD90M,,chrome generic for android,
Pixel 2 XL Build/OPM1.171019.013|Android 8.1.0|chrome generic for android|UNK,Pixel 2 XL Build/OPM1.171019.013,Android 8.1.0,chrome generic for android,
5054S Build/LMY47V|UNK|chrome 63.0 for android|UNK,5054S Build/LMY47V,,chrome 63.0 for android,
SM-G950F Build/NRD90M|UNK|chrome generic for android|UNK,SM-G950F Build/NRD90M,,chrome generic for android,
MacOS|Mac OS X 10_13_3|safari generic|3200x1800,MacOS,Mac OS X 10_13_3,safari generic,3200x1800
SM-G531F|UNK|chrome 50.0 for android|UNK,SM-G531F,,chrome 50.0 for android,
Trident/7.0|Windows 7|ie 11.0 for desktop|1920x1018,Trident/7.0,Windows 7,ie 11.0 for desktop,1920x1018
HTC Desire 10 lifestyle Build/MMB29M|UNK|chrome generic for android|UNK,HTC Desire 10 lifestyle Build/MMB29M,,chrome generic for android,
E8QP|UNK|chrome generic|UNK,E8QP,,chrome generic,
SM-N920V|UNK|chrome 63.0 for android|UNK,SM-N920V,,chrome 63.0 for android,
UNK|UNK|other|UNK,,,other,
MYA-L13 Build/HUAWEIMYA-L13|UNK|chrome generic for android|UNK,MYA-L13 Build/HUAWEIMYA-L13,,chrome generic for android,
BLL-L23 Build/HUAWEIBLL-L23|UNK|chrome generic for android|UNK,BLL-L23 Build/HUAWEIBLL-L23,,chrome generic for android,
SAMSUNG-SM-N920A|UNK|chrome 63.0 for android|UNK,SAMSUNG-SM-N920A,,chrome 63.0 for android,
SM-N950U Build/NMF26X|Android 7.1.1|chrome generic for android|UNK,SM-N950U Build/NMF26X,Android 7.1.1,chrome generic for android,
SM-G610M Build/NRD90M|UNK|chrome generic for android|UNK,SM-G610M Build/NRD90M,,chrome generic for android,
SM-A310M Build/NRD90M|UNK|chrome 63.0 for android|UNK,SM-A310M Build/NRD90M,,chrome 63.0 for android,
Windows|Windows 10|firefox generic|1440x900,Windows,Windows 10,firefox generic,1440x900
Windows|Windows 7|chrome generic|1920x1200,Windows,Windows 7,chrome generic,1920x1200
SM-T377V Build/NMF26X|Android 7.1.1|chrome 61.0 for android|UNK,SM-T377V Build/NMF26X,Android 7.1.1,chrome 61.0 for android,
SM-G930V Build/NRD90M|Android 7.0|chrome generic for android|1920x1080,SM-G930V Build/NRD90M,Android 7.0,chrome generic for android,1920x1080
LGL41C|Android 4.4.2|chrome 63.0 for android|801x480,LGL41C,Android 4.4.2,chrome 63.0 for android,801x480
WAS-L03T Build/HUAWEIWAS-L03T|UNK|chrome generic for android|UNK,WAS-L03T Build/HUAWEIWAS-L03T,,chrome generic for android,
SM-J700M Build/LMY48B|UNK|chrome generic|UNK,SM-J700M Build/LMY48B,,chrome generic,
rv:58.0|Mac OS X 10.11|firefox generic|1680x1050,rv:58.0,Mac OS X 10.11,firefox generic,1680x1050
Windows|Windows 10|firefox generic|1280x1024,Windows,Windows 10,firefox generic,1280x1024
Moto X Play Build/NPD26.48-24-1|UNK|chrome generic for android|UNK,Moto X Play Build/NPD26.48-24-1,,chrome generic for android,
Grand|UNK|chrome 56.0 for android|UNK,Grand,,chrome 56.0 for android,
SM-G903M|UNK|chrome 60.0 for android|UNK,SM-G903M,,chrome 60.0 for android,
UNK|Linux|chrome 63.0|2400x1600,,Linux,chrome 63.0,2400x1600
LG-K200 Build/MXB48T|UNK|chrome generic for android|UNK,LG-K200 Build/MXB48T,,chrome generic for android,
9022X|UNK|chrome 63.0 for android|UNK,9022X,,chrome 63.0 for android,
HUAWEI|UNK|chrome 56.0 for android|UNK,HUAWEI,,chrome 56.0 for android,
rv:58.0|Mac OS X 10.10|firefox generic|1920x1080,rv:58.0,Mac OS X 10.10,firefox generic,1920x1080
rv:58.0|Mac OS X 10.13|firefox generic|1440x900,rv:58.0,Mac OS X 10.13,firefox generic,1440x900
SM-P350 Build/MMB29M|UNK|chrome generic for android|UNK,SM-P350 Build/MMB29M,,chrome generic for android,
LG-H542 Build/MRA58K|UNK|other|UNK,LG-H542 Build/MRA58K,,other,
MacOS|Mac OS X 10_13_3|chrome 63.0|6016x3384,MacOS,Mac OS X 10_13_3,chrome 63.0,6016x3384
rv:41.0|Mac OS X 10.10|firefox|1280x800,rv:41.0,Mac OS X 10.10,firefox,1280x800
LG-X210 Build/LMY47I|UNK|chrome generic|UNK,LG-X210 Build/LMY47I,,chrome generic,
SAMSUNG SM-G903F Build/MMB29K|UNK|samsung browser 4.0|UNK,SAMSUNG SM-G903F Build/MMB29K,,samsung browser 4.0,
ALP-L09 Build/HUAWEIALP-L09|UNK|chrome generic for android|UNK,ALP-L09 Build/HUAWEIALP-L09,,chrome generic for android,
Blade V580 Build/LMY47D|UNK|chrome 43.0 for android|UNK,Blade V580 Build/LMY47D,,chrome 43.0 for android,
SM-G930W8 Build/NRD90M|Android 7.0|chrome generic for android|1920x1080,SM-G930W8 Build/NRD90M,Android 7.0,chrome generic for android,1920x1080
XT1058 Build/LPAS23.12-21.7-1|UNK|chrome generic|UNK,XT1058 Build/LPAS23.12-21.7-1,,chrome generic,
SLA-L03 Build/HUAWEISLA-L03|UNK|chrome generic for android|UNK,SLA-L03 Build/HUAWEISLA-L03,,chrome generic for android,
SAMSUNG SM-G570M Build/MMB29K|UNK|samsung browser 5.4|UNK,SAMSUNG SM-G570M Build/MMB29K,,samsung browser 5.4,
SM-J700M Build/MMB29K|UNK|chrome generic for android|UNK,SM-J700M Build/MMB29K,,chrome generic for android,
SM-N950U Build/NMF26X|Android 7.1.1|chrome generic for android|2961x1442,SM-N950U Build/NMF26X,Android 7.1.1,chrome generic for android,2961x1442
SM-G850M Build/LRX22G|UNK|chrome 63.0 for android|UNK,SM-G850M Build/LRX22G,,chrome 63.0 for android,
LG-F400K|UNK|chrome generic|UNK,LG-F400K,,chrome generic,
RCT6223W87|UNK|chrome generic for android|UNK,RCT6223W87,,chrome generic for android,
E2104 Build/24.0.A.5.14|UNK|chrome generic|UNK,E2104 Build/24.0.A.5.14,,chrome generic,
SM-J701M Build/NRD90M|UNK|chrome 60.0 for android|UNK,SM-J701M Build/NRD90M,,chrome 60.0 for android,
SM-T110 Build/JDQ39|UNK|chrome 63.0 for android|UNK,SM-T110 Build/JDQ39,,chrome 63.0 for android,
Windows|Windows 7|firefox generic|1680x1050,Windows,Windows 7,firefox generic,1680x1050
rv:58.0|Mac OS X 10.13|firefox generic|4096x2304,rv:58.0,Mac OS X 10.13,firefox generic,4096x2304
SAMSUNG SM-J500M Build/LMY48B|UNK|chrome generic|UNK,SAMSUNG SM-J500M Build/LMY48B,,chrome generic,
Windows|Windows 7|chrome generic|1680x1050,Windows,Windows 7,chrome generic,1680x1050
9002A|UNK|chrome 63.0 for android|UNK,9002A,,chrome 63.0 for android,
Windows|Windows 10|firefox generic|1680x1050,Windows,Windows 10,firefox generic,1680x1050
rv:51.0|Windows 7|seamonkey|1440x900,rv:51.0,Windows 7,seamonkey,1440x900
F5121 Build/34.3.A.0.252|UNK|chrome generic for android|UNK,F5121 Build/34.3.A.0.252,,chrome generic for android,
Windows|Windows 8.1|chrome generic|1600x900,Windows,Windows 8.1,chrome generic,1600x900
Windows|Windows 10|firefox generic|4500x3000,Windows,Windows 10,firefox generic,4500x3000
COVET Build/NRD90M|UNK|android webview 4.0|UNK,COVET Build/NRD90M,,android webview 4.0,
rv:58.0|Android 7.1.1|Generic/Android|2220x1080,rv:58.0,Android 7.1.1,Generic/Android,2220x1080
MacOS|Mac OS X 10_12_6|chrome generic|2880x1800,MacOS,Mac OS X 10_12_6,chrome generic,2880x1800
REX|UNK|chrome 58.0 for android|UNK,REX,,chrome 58.0 for android,
XT1080|Android|chrome 60.0 for android|1280x720,XT1080,Android,chrome 60.0 for android,1280x720
MotoG3 Build/MPIS24.65-33.1-2-16|UNK|chrome generic for android|UNK,MotoG3 Build/MPIS24.65-33.1-2-16,,chrome generic for android,
SM-J120FN Build/LMY47X|UNK|chrome 63.0 for android|UNK,SM-J120FN Build/LMY47X,,chrome 63.0 for android,
SM-G920V|UNK|chrome generic|UNK,SM-G920V,,chrome generic,
RNE-L03 Build/HUAWEIRNE-L03|UNK|chrome 63.0 for android|UNK,RNE-L03 Build/HUAWEIRNE-L03,,chrome 63.0 for android,
Lenovo K33b36 Build/NRD90N|UNK|chrome generic for android|UNK,Lenovo K33b36 Build/NRD90N,,chrome generic for android,
rv:53.0|UNK|firefox|UNK,rv:53.0,,firefox,
SM-J510MN Build/MMB29M|UNK|chrome generic for android|UNK,SM-J510MN Build/MMB29M,,chrome generic for android,
iOS Device|iOS 11.2.2|mobile safari uiwebview|2001x1125,iOS Device,iOS 11.2.2,mobile safari uiwebview,2001x1125
Nexus 5X Build/OPM3.171019.013|Android 8.1.0|chrome generic for android|UNK,Nexus 5X Build/OPM3.171019.013,Android 8.1.0,chrome generic for android,
ME301T|UNK|chrome 63.0 for android|UNK,ME301T,,chrome 63.0 for android,
LG-H960|UNK|chrome generic for android|UNK,LG-H960,,chrome generic for android,
SM-A310M Build/LMY47X|UNK|chrome generic|UNK,SM-A310M Build/LMY47X,,chrome generic,
5025G Build/LMY47I|UNK|chrome 63.0 for android|UNK,5025G Build/LMY47I,,chrome 63.0 for android,
Lenovo TB-7703X Build/S100|UNK|chrome generic for android|UNK,Lenovo TB-7703X Build/S100,,chrome generic for android,
SLA-L03 Build/HUAWEISLA-L03|UNK|chrome 59.0 for android|UNK,SLA-L03 Build/HUAWEISLA-L03,,chrome 59.0 for android,
5015A Build/LMY47I|UNK|chrome 43.0 for android|UNK,5015A Build/LMY47I,,chrome 43.0 for android,
ALE-L23 Build/HuaweiALE-L23|UNK|chrome 56.0 for android|UNK,ALE-L23 Build/HuaweiALE-L23,,chrome 56.0 for android,
GT-I9300|UNK|chrome 63.0 for android|UNK,GT-I9300,,chrome 63.0 for android,
SM-G955U1 Build/NRD90M|UNK|chrome generic for android|UNK,SM-G955U1 Build/NRD90M,,chrome generic for android,
UNK|Android|chrome|855x480,,Android,chrome,855x480
Windows|UNK|firefox 58.0|UNK,Windows,,firefox 58.0,
F5121 Build/34.3.A.0.252|UNK|chrome 64.0 for android|UNK,F5121 Build/34.3.A.0.252,,chrome 64.0 for android,
Windows|Windows 10|firefox 58.0|1366x768,Windows,Windows 10,firefox 58.0,1366x768
Turbo C5 Build/LMY47I|UNK|chrome 63.0 for android|UNK,Turbo C5 Build/LMY47I,,chrome 63.0 for android,
Windows|Windows 10|firefox 58.0|4500x3000,Windows,Windows 10,firefox 58.0,4500x3000
Blade V6 Max Build/MRA58K|UNK|chrome 63.0 for android|UNK,Blade V6 Max Build/MRA58K,,chrome 63.0 for android,
SM-N920T Build/NRD90M|Android 7.0|chrome 64.0 for android|UNK,SM-N920T Build/NRD90M,Android 7.0,chrome 64.0 for android,
Windows|UNK|chrome 64.0|UNK,Windows,,chrome 64.0,
Windows|Windows 7|firefox 58.0|1440x900,Windows,Windows 7,firefox 58.0,1440x900
Windows|Windows 10|ie 11.0 for tablet|UNK,Windows,Windows 10,ie 11.0 for tablet,
Windows|Windows 7|chrome 64.0|1920x1080,Windows,Windows 7,chrome 64.0,1920x1080
rv:58.0|UNK|firefox 58.0|UNK,rv:58.0,,firefox 58.0,
SM-N950U Build/NMF26X|Android 7.1.1|chrome 64.0 for android|2960x1440,SM-N950U Build/NMF26X,Android 7.1.1,chrome 64.0 for android,2960x1440
HUAWEI TAG-L13 Build/HUAWEITAG-L13|UNK|chrome 64.0 for android|UNK,HUAWEI TAG-L13 Build/HUAWEITAG-L13,,chrome 64.0 for android,
XT1650|Android 6.0.1|chrome 64.0 for android|2560x1440,XT1650,Android 6.0.1,chrome 64.0 for android,2560x1440
Windows|Windows 7|firefox 58.0|UNK,Windows,Windows 7,firefox 58.0,
rv:56.0|Windows 8.1|firefox 56.0|1920x1080,rv:56.0,Windows 8.1,firefox 56.0,1920x1080
HUAWEI VNS-L53 Build/HUAWEIVNS-L53|UNK|chrome 64.0 for android|UNK,HUAWEI VNS-L53 Build/HUAWEIVNS-L53,,chrome 64.0 for android,
SM-J320M Build/LMY47V|UNK|chrome 64.0 for android|UNK,SM-J320M Build/LMY47V,,chrome 64.0 for android,
LG-K500 Build/MMB29M|UNK|chrome 64.0 for android|UNK,LG-K500 Build/MMB29M,,chrome 64.0 for android,
rv:50.0|Mac OS X 10.13|firefox|1920x1080,rv:50.0,Mac OS X 10.13,firefox,1920x1080
E2306 Build/26.3.A.1.33|UNK|chrome 64.0 for android|UNK,E2306 Build/26.3.A.1.33,,chrome 64.0 for android,
Windows|Windows 10|firefox 58.0|3000x2000,Windows,Windows 10,firefox 58.0,3000x2000
Windows|Windows 10|chrome 64.0|1920x1080,Windows,Windows 10,chrome 64.0,1920x1080
Windows|UNK|opera|UNK,Windows,,opera,
UNK|UNK|chrome 64.0|UNK,,,chrome 64.0,
LG-H870 Build/NRD90U|UNK|chrome 64.0 for android|UNK,LG-H870 Build/NRD90U,,chrome 64.0 for android,
Windows|Windows 7|firefox 58.0|1366x768,Windows,Windows 7,firefox 58.0,1366x768
Windows|UNK|firefox 59.0|UNK,Windows,,firefox 59.0,
SM-G900P Build/LRX21T|Android 5.0|chrome 64.0 for android|1920x1080,SM-G900P Build/LRX21T,Android 5.0,chrome 64.0 for android,1920x1080
Moto Z2 Play Build/NPSS26.118-19-14|UNK|chrome 64.0 for android|UNK,Moto Z2 Play Build/NPSS26.118-19-14,,chrome 64.0 for android,
UNK|Android|chrome 64.0|1280x720,,Android,chrome 64.0,1280x720
Z981 Build/MMB29M|Android 6.0.1|chrome 64.0 for android|1920x1080,Z981 Build/MMB29M,Android 6.0.1,chrome 64.0 for android,1920x1080
SM-G900F Build/KOT49H|UNK|chrome 64.0 for android|UNK,SM-G900F Build/KOT49H,,chrome 64.0 for android,
EVA-L09 Build/HUAWEIEVA-L09|UNK|chrome 64.0 for android|UNK,EVA-L09 Build/HUAWEIEVA-L09,,chrome 64.0 for android,
UNK|UNK|firefox 58.0|UNK,,,firefox 58.0,
TA-1027|UNK|chrome 63.0 for android|UNK,TA-1027,,chrome 63.0 for android,
UNK|Linux|chrome 63.0|1280x800,,Linux,chrome 63.0,1280x800
Lenovo K33b36 Build/MMB29M|UNK|android webview 4.0|UNK,Lenovo K33b36 Build/MMB29M,,android webview 4.0,
SM-N950U Build/NMF26X|Android 7.1.1|chrome 64.0 for android|UNK,SM-N950U Build/NMF26X,Android 7.1.1,chrome 64.0 for android,
LG-M320 Build/NRD90U|UNK|chrome 64.0 for android|UNK,LG-M320 Build/NRD90U,,chrome 64.0 for android,
LG-H831 Build/NRD90U|UNK|chrome 59.0 for android|UNK,LG-H831 Build/NRD90U,,chrome 59.0 for android,
SAMSUNG SM-G930F Build/NRD90M|UNK|other|UNK,SAMSUNG SM-G930F Build/NRD90M,,other,
BLADE V8 SE Build/NRD90M|UNK|chrome 64.0 for android|UNK,BLADE V8 SE Build/NRD90M,,chrome 64.0 for android,
SGH-M919 Build/KTU84P|Android|chrome 63.0 for android|1920x1080,SGH-M919 Build/KTU84P,Android,chrome 63.0 for android,1920x1080
SM-T580 Build/NRD90M|UNK|chrome 64.0 for android|UNK,SM-T580 Build/NRD90M,,chrome 64.0 for android,
SM-A300H Build/LRX22G|UNK|chrome 64.0 for android|UNK,SM-A300H Build/LRX22G,,chrome 64.0 for android,
rv:58.0|UNK|Generic/Android 7.0|UNK,rv:58.0,,Generic/Android 7.0,
SM-J710MN Build/MMB29K|UNK|chrome 64.0 for android|UNK,SM-J710MN Build/MMB29K,,chrome 64.0 for android,
E5506 Build/29.1.A.0.101|UNK|chrome 49.0 for android|UNK,E5506 Build/29.1.A.0.101,,chrome 49.0 for android,
8050G Build/LMY47I|UNK|chrome 55.0 for android|UNK,8050G Build/LMY47I,,chrome 55.0 for android,
SM-A520F Build/NRD90M|UNK|chrome 64.0 for android|UNK,SM-A520F Build/NRD90M,,chrome 64.0 for android,
SM-J700M Build/MMB29K|UNK|chrome 64.0 for android|UNK,SM-J700M Build/MMB29K,,chrome 64.0 for android,
iOS Device|iOS 10.0.2|mobile safari generic|1334x750,iOS Device,iOS 10.0.2,mobile safari generic,1334x750
SM-J530GM Build/NRD90M|UNK|chrome 64.0 for android|UNK,SM-J530GM Build/NRD90M,,chrome 64.0 for android,
SM-G610M Build/MMB29K|UNK|chrome 64.0 for android|UNK,SM-G610M Build/MMB29K,,chrome 64.0 for android,
GT-I9060L Build/JDQ39|UNK|chrome 64.0 for android|UNK,GT-I9060L Build/JDQ39,,chrome 64.0 for android,
LG-X165g Build/LRX21M|UNK|chrome 64.0 for android|UNK,LG-X165g Build/LRX21M,,chrome 64.0 for android,
rv:58.0|Mac OS X 10.10|firefox 58.0|1280x1024,rv:58.0,Mac OS X 10.10,firefox 58.0,1280x1024
F3313 Build/37.0.A.2.108|UNK|chrome 64.0 for android|UNK,F3313 Build/37.0.A.2.108,,chrome 64.0 for android,
P5006A Build/NRD90M|UNK|chrome 63.0 for android|UNK,P5006A Build/NRD90M,,chrome 63.0 for android,
Hisense L675 Build/MRA58K|UNK|chrome 55.0 for android|UNK,Hisense L675 Build/MRA58K,,chrome 55.0 for android,
SM-N920A Build/MMB29K|UNK|chrome 63.0 for android|UNK,SM-N920A Build/MMB29K,,chrome 63.0 for android,
iOS Device|iOS 11.2.5|chrome 64.0 for ios|2048x1536,iOS Device,iOS 11.2.5,chrome 64.0 for ios,2048x1536
MacOS|Mac OS X 10_11_6|chrome 64.0|1280x800,MacOS,Mac OS X 10_11_6,chrome 64.0,1280x800
SAMSUNG SM-G925I Build/NRD90M|UNK|samsung browser 5.4|UNK,SAMSUNG SM-G925I Build/NRD90M,,samsung browser 5.4,
LG-M700 Build/NMF26X|UNK|chrome 64.0 for android|UNK,LG-M700 Build/NMF26X,,chrome 64.0 for android,
Windows|Windows 10|chrome 64.0|3840x2160,Windows,Windows 10,chrome 64.0,3840x2160
iOS Device|iOS 11.2.5|mobile safari generic|2048x1536,iOS Device,iOS 11.2.5,mobile safari generic,2048x1536
MacOS|Mac OS X 10_13_3|safari generic|1344x756,MacOS,Mac OS X 10_13_3,safari generic,1344x756
MacOS|Mac OS X 10_13_3|safari generic|1600x900,MacOS,Mac OS X 10_13_3,safari generic,1600x900
SM-A720F Build/NRD90M|UNK|chrome 64.0 for android|UNK,SM-A720F Build/NRD90M,,chrome 64.0 for android,
LGLS770|Android 6.0|chrome 63.0 for android|1280x720,LGLS770,Android 6.0,chrome 63.0 for android,1280x720
SM-G955F Build/NRD90M|UNK|chrome 64.0 for android|UNK,SM-G955F Build/NRD90M,,chrome 64.0 for android,
Lenovo TB-7703X Build/S100|UNK|chrome 62.0 for android|UNK,Lenovo TB-7703X Build/S100,,chrome 62.0 for android,
LG-H650 Build/MRA58K|UNK|chrome 64.0 for android|UNK,LG-H650 Build/MRA58K,,chrome 64.0 for android,
UNK|Linux|chrome 64.0|2560x1440,,Linux,chrome 64.0,2560x1440
Windows|Windows 7|chrome 64.0|1366x768,Windows,Windows 7,chrome 64.0,1366x768
SM-G950F Build/NRD90M|UNK|chrome 64.0 for android|UNK,SM-G950F Build/NRD90M,,chrome 64.0 for android,
G8141|UNK|chrome 64.0 for android|UNK,G8141,,chrome 64.0 for android,
SM-J730GM Build/NRD90M|UNK|chrome 64.0 for android|UNK,SM-J730GM Build/NRD90M,,chrome 64.0 for android,
SM-N900W8 Build/LRX21V|UNK|chrome 64.0 for android|UNK,SM-N900W8 Build/LRX21V,,chrome 64.0 for android,
SM-G935F Build/NRD90M|UNK|chrome 64.0 for android|UNK,SM-G935F Build/NRD90M,,chrome 64.0 for android,
rv:58.0|Mac OS X 10.13|firefox 58.0|2560x1600,rv:58.0,Mac OS X 10.13,firefox 58.0,2560x1600
SM-J730G Build/NRD90M|UNK|chrome 64.0 for android|UNK,SM-J730G Build/NRD90M,,chrome 64.0 for android,
MacOS|Mac OS X 10_11_4|chrome 58.0|1440x900,MacOS,Mac OS X 10_11_4,chrome 58.0,1440x900
Windows|Windows 7|chrome 64.0|1680x1050,Windows,Windows 7,chrome 64.0,1680x1050
SM-J700M Build/LMY48B|UNK|chrome 64.0 for android|UNK,SM-J700M Build/LMY48B,,chrome 64.0 for android,
SM-J730GM Build/NRD90M|UNK|chrome 61.0 for android|UNK,SM-J730GM Build/NRD90M,,chrome 61.0 for android,
MacOS|Mac OS X 10_13_3|chrome 64.0|1800x1125,MacOS,Mac OS X 10_13_3,chrome 64.0,1800x1125
SM-G530W|UNK|chrome 63.0 for android|UNK,SM-G530W,,chrome 63.0 for android,
MacOS|Mac OS X 10_13_3|chrome 63.0|1920x1080,MacOS,Mac OS X 10_13_3,chrome 63.0,1920x1080
Windows|Windows 10|firefox 58.0|1600x900,Windows,Windows 10,firefox 58.0,1600x900
iOS Device|iOS 11.2.5|mobile safari generic|1136x640,iOS Device,iOS 11.2.5,mobile safari generic,1136x640
Windows|UNK|firefox 52.0|UNK,Windows,,firefox 52.0,
SM-G930F Build/MMB29K|UNK|chrome 64.0 for android|UNK,SM-G930F Build/MMB29K,,chrome 64.0 for android,
SM-T810 Build/NRD90M|UNK|chrome 64.0 for android|UNK,SM-T810 Build/NRD90M,,chrome 64.0 for android,
AX921 Build/MRA58K|UNK|chrome 63.0 for android|UNK,AX921 Build/MRA58K,,chrome 63.0 for android,
LG-K200 Build/MXB48T|UNK|chrome 64.0 for android|UNK,LG-K200 Build/MXB48T,,chrome 64.0 for android,
SM-A510M Build/NRD90M|UNK|chrome 64.0 for android|UNK,SM-A510M Build/NRD90M,,chrome 64.0 for android,
ALE-L23 Build/HuaweiALE-L23|UNK|chrome 64.0 for android|UNK,ALE-L23 Build/HuaweiALE-L23,,chrome 64.0 for android,
LG-D331 Build/LRX22G|UNK|chrome 64.0 for android|UNK,LG-D331 Build/LRX22G,,chrome 64.0 for android,
SM-A310M Build/LMY47X|UNK|chrome 64.0 for android|UNK,SM-A310M Build/LMY47X,,chrome 64.0 for android,
SM-G955U Build/NRD90M|UNK|chrome 64.0 for android|UNK,SM-G955U Build/NRD90M,,chrome 64.0 for android,
Turbo C5 Build/LMY47I|UNK|chrome 64.0 for android|UNK,Turbo C5 Build/LMY47I,,chrome 64.0 for android,
Lenovo A2016b30 Build/MRA58K|UNK|chrome 60.0 for android|UNK,Lenovo A2016b30 Build/MRA58K,,chrome 60.0 for android,
Blade|UNK|chrome 64.0 for android|UNK,Blade,,chrome 64.0 for android,
SM-T560 Build/KTU84P|UNK|chrome 56.0 for android|UNK,SM-T560 Build/KTU84P,,chrome 56.0 for android,
SM-N910F Build/MMB29M|UNK|chrome 64.0 for android|UNK,SM-N910F Build/MMB29M,,chrome 64.0 for android,
Windows|Windows 7|firefox 58.0|1920x1080,Windows,Windows 7,firefox 58.0,1920x1080
SM-G531H Build/LMY48B|UNK|chrome 64.0 for android|UNK,SM-G531H Build/LMY48B,,chrome 64.0 for android,
Windows|Windows 10|chrome 64.0|2736x1824,Windows,Windows 10,chrome 64.0,2736x1824
MacOS|Mac OS X 10_13_3|chrome 64.0|1366x768,MacOS,Mac OS X 10_13_3,chrome 64.0,1366x768
hi6210sft Build/MRA58K|UNK|chrome 64.0 for android|UNK,hi6210sft Build/MRA58K,,chrome 64.0 for android,
Windows|Windows 10|firefox 58.0|1920x1080,Windows,Windows 10,firefox 58.0,1920x1080
LG-X240 Build/MRA58K|UNK|chrome 64.0 for android|UNK,LG-X240 Build/MRA58K,,chrome 64.0 for android,
D5316 Build/19.4.A.0.182|UNK|chrome 62.0 for android|UNK,D5316 Build/19.4.A.0.182,,chrome 62.0 for android,
ZTE Blade A511 Build/MRA58K|UNK|chrome 63.0 for android|UNK,ZTE Blade A511 Build/MRA58K,,chrome 63.0 for android,
Ilium L1000 Build/LRX22G|UNK|chrome 64.0 for android|UNK,Ilium L1000 Build/LRX22G,,chrome 64.0 for android,
E5803 Build/32.4.A.1.54|UNK|opera|UNK,E5803 Build/32.4.A.1.54,,opera,
F3113 Build/33.2.A.3.81|UNK|chrome 51.0 for android|UNK,F3113 Build/33.2.A.3.81,,chrome 51.0 for android,
UNK|UNK|samsung browser 6.2|UNK,,,samsung browser 6.2,
rv:58.0|Windows 10|firefox|1440x900,rv:58.0,Windows 10,firefox,1440x900
LG-K530 Build/MMB29M|UNK|chrome 64.0 for android|UNK,LG-K530 Build/MMB29M,,chrome 64.0 for android,
Moto C Build/NRD90M.063|UNK|chrome 64.0 for android|UNK,Moto C Build/NRD90M.063,,chrome 64.0 for android,
SM-G900M Build/LRX21T|UNK|chrome 57.0 for android|UNK,SM-G900M Build/LRX21T,,chrome 57.0 for android,
SM-G530T|UNK|chrome 64.0 for android|UNK,SM-G530T,,chrome 64.0 for android,
Windows|Windows 7|chrome 64.0|UNK,Windows,Windows 7,chrome 64.0,
Moto|UNK|chrome 64.0 for android|UNK,Moto,,chrome 64.0 for android,
KYY22|UNK|chrome 63.0 for android|UNK,KYY22,,chrome 63.0 for android,
iOS Device|iOS 11.2.5|chrome 63.0 for ios|2048x1536,iOS Device,iOS 11.2.5,chrome 63.0 for ios,2048x1536
MacOS|Mac OS X 10_12_3|chrome 63.0|2880x1800,MacOS,Mac OS X 10_12_3,chrome 63.0,2880x1800
BLL-L23 Build/HUAWEIBLL-L23|UNK|chrome 64.0 for android|UNK,BLL-L23 Build/HUAWEIBLL-L23,,chrome 64.0 for android,
SM-G935V Build/NRD90M|Android 7.0|chrome 64.0 for android|1920x1080,SM-G935V Build/NRD90M,Android 7.0,chrome 64.0 for android,1920x1080
SM-G935V Build/NRD90M|UNK|chrome 64.0 for android|UNK,SM-G935V Build/NRD90M,,chrome 64.0 for android,
PRA-LX3 Build/HUAWEIPRA-LX3|UNK|chrome 64.0 for android|UNK,PRA-LX3 Build/HUAWEIPRA-LX3,,chrome 64.0 for android,
UNK|Linux|chrome 64.0|2961x1442,,Linux,chrome 64.0,2961x1442
SM-G935V Build/NRD90M|Android 7.0|chrome 64.0 for android|2560x1440,SM-G935V Build/NRD90M,Android 7.0,chrome 64.0 for android,2560x1440
TRT-L53 Build/HUAWEITRT-L53|UNK|chrome 64.0 for android|UNK,TRT-L53 Build/HUAWEITRT-L53,,chrome 64.0 for android,
Windows|Windows 10|opera|1600x900,Windows,Windows 10,opera,1600x900
Windows|Windows 10|chrome 64.0|1680x1050,Windows,Windows 10,chrome 64.0,1680x1050
SAMSUNG-SM-G930A Build/NRD90M|Android 7.0|chrome 64.0 for android|1920x1080,SAMSUNG-SM-G930A Build/NRD90M,Android 7.0,chrome 64.0 for android,1920x1080
CAM-L03 Build/HUAWEICAM-L03|UNK|chrome 64.0 for android|UNK,CAM-L03 Build/HUAWEICAM-L03,,chrome 64.0 for android,
SAMSUNG SM-G935A Build/NRD90M|UNK|samsung browser 6.2|UNK,SAMSUNG SM-G935A Build/NRD90M,,samsung browser 6.2,
TA-1039 Build/NMF26F|UNK|chrome 64.0 for android|UNK,TA-1039 Build/NMF26F,,chrome 64.0 for android,
LG-M400 Build/NRD90U|UNK|chrome 64.0 for android|UNK,LG-M400 Build/NRD90U,,chrome 64.0 for android,
Windows|Windows 10|firefox 58.0|1360x768,Windows,Windows 10,firefox 58.0,1360x768
Moto E (4) Plus Build/NMA26.42-11-3|UNK|chrome generic|UNK,Moto E (4) Plus Build/NMA26.42-11-3,,chrome generic,
iOS Device|iOS 11.2.5|mobile safari generic|2732x2048,iOS Device,iOS 11.2.5,mobile safari generic,2732x2048
LG-X180g Build/LMY47I|UNK|chrome 64.0 for android|UNK,LG-X180g Build/LMY47I,,chrome 64.0 for android,
MacOS|Mac OS X 10_13_3|safari generic|1680x1050,MacOS,Mac OS X 10_13_3,safari generic,1680x1050
SM-G930T Build/NRD90M|Android 7.0|chrome 64.0 for android|1920x1080,SM-G930T Build/NRD90M,Android 7.0,chrome 64.0 for android,1920x1080
SM-P580 Build/NRD90M|UNK|chrome 56.0 for android|UNK,SM-P580 Build/NRD90M,,chrome 56.0 for android,
TA-1039 Build/N2G47H|UNK|chrome 64.0 for android|UNK,TA-1039 Build/N2G47H,,chrome 64.0 for android,
5012G Build/MRA58K|UNK|chrome 64.0 for android|UNK,5012G Build/MRA58K,,chrome 64.0 for android,
C6906 Build/14.6.A.1.236|UNK|chrome 64.0 for android|UNK,C6906 Build/14.6.A.1.236,,chrome 64.0 for android,
SM-G920F Build/NRD90M|UNK|chrome 64.0 for android|UNK,SM-G920F Build/NRD90M,,chrome 64.0 for android,
MacOS|Mac OS X 10_13_3|chrome 63.0|2880x1800,MacOS,Mac OS X 10_13_3,chrome 63.0,2880x1800
HUAWEI VNS-L21 Build/HUAWEIVNS-L21|UNK|chrome 64.0 for android|UNK,HUAWEI VNS-L21 Build/HUAWEIVNS-L21,,chrome 64.0 for android,
Y635-L03 Build/HuaweiY635-L03|UNK|chrome 56.0 for android|UNK,Y635-L03 Build/HuaweiY635-L03,,chrome 56.0 for android,
SM-T530 Build/LRX22G|UNK|chrome 63.0 for android|UNK,SM-T530 Build/LRX22G,,chrome 63.0 for android,
G3223 Build/42.0.A.4.101|UNK|chrome 64.0 for android|UNK,G3223 Build/42.0.A.4.101,,chrome 64.0 for android,
LG-H990 Build/NRD90M|UNK|chrome 64.0 for android|UNK,LG-H990 Build/NRD90M,,chrome 64.0 for android,
XT1635-02 Build/NPN26.118-22-2|UNK|chrome 64.0 for android|UNK,XT1635-02 Build/NPN26.118-22-2,,chrome 64.0 for android,
Ilium L610 Build/MRA58K|UNK|chrome 64.0 for android|UNK,Ilium L610 Build/MRA58K,,chrome 64.0 for android,
XT1575 Build/NPHS25.200-23-1|UNK|chrome 63.0 for android|UNK,XT1575 Build/NPHS25.200-23-1,,chrome 63.0 for android,
Moto X Play Build/NPD26.48-24-1|UNK|chrome 64.0 for android|UNK,Moto X Play Build/NPD26.48-24-1,,chrome 64.0 for android,
5080A Build/MRA58K|UNK|chrome 64.0 for android|UNK,5080A Build/MRA58K,,chrome 64.0 for android,
Redmi Note 4 Build/NRD90M|UNK|chrome 61.0 for android|UNK,Redmi Note 4 Build/NRD90M,,chrome 61.0 for android,
Lenovo K33b36 Build/NRD90N|UNK|chrome 64.0 for android|UNK,Lenovo K33b36 Build/NRD90N,,chrome 64.0 for android,
Pixel 2 XL Build/OPM1.171019.013|Android 8.1.0|chrome 64.0 for android|UNK,Pixel 2 XL Build/OPM1.171019.013,Android 8.1.0,chrome 64.0 for android,
LG-H420 Build/LRX21Y|UNK|chrome 46.0 for android|UNK,LG-H420 Build/LRX21Y,,chrome 46.0 for android,
Moto C Build/NRD90M.050|UNK|chrome 64.0 for android|UNK,Moto C Build/NRD90M.050,,chrome 64.0 for android,
ASUS_Z017D|UNK|chrome 64.0 for android|UNK,ASUS_Z017D,,chrome 64.0 for android,
LG-H870DS Build/NRD90U|UNK|chrome 64.0 for android|UNK,LG-H870DS Build/NRD90U,,chrome 64.0 for android,
LG-K410 Build/LRX22G|UNK|chrome 64.0 for android|UNK,LG-K410 Build/LRX22G,,chrome 64.0 for android,
rv:58.0|Windows 10|firefox|2736x1824,rv:58.0,Windows 10,firefox,2736x1824
Windows|Windows 10|chrome 64.0|1600x900,Windows,Windows 10,chrome 64.0,1600x900
LGLS755|UNK|chrome 63.0 for android|UNK,LGLS755,,chrome 63.0 for android,
UNK|Android|chrome 64.0|855x480,,Android,chrome 64.0,855x480
MacOS|Mac OS X 10_13_3|chrome 63.0|1440x900,MacOS,Mac OS X 10_13_3,chrome 63.0,1440x900
Stellar|UNK|chrome 61.0 for android|UNK,Stellar,,chrome 61.0 for android,
F5121 Build/34.3.A.0.238|UNK|chrome 64.0 for android|UNK,F5121 Build/34.3.A.0.238,,chrome 64.0 for android,
5010S Build/MRA58K|UNK|chrome 64.0 for android|UNK,5010S Build/MRA58K,,chrome 64.0 for android,
SM-A500M Build/KTU84P|UNK|chrome 64.0 for android|UNK,SM-A500M Build/KTU84P,,chrome 64.0 for android,
SM-G570M Build/MMB29K|UNK|chrome 64.0 for android|UNK,SM-G570M Build/MMB29K,,chrome 64.0 for android,
Blade V6 Plus Build/MRA58K|UNK|chrome 64.0 for android|UNK,Blade V6 Plus Build/MRA58K,,chrome 64.0 for android,
Windows|Windows 10|chrome 64.0|1366x768,Windows,Windows 10,chrome 64.0,1366x768
VS988 Build/NRD90U|Android 7.0|chrome 64.0 for android|2672x1440,VS988 Build/NRD90U,Android 7.0,chrome 64.0 for android,2672x1440
MYA-L13 Build/HUAWEIMYA-L13|UNK|other|UNK,MYA-L13 Build/HUAWEIMYA-L13,,other,
HTC Desire 626s Build/LMY47O|UNK|chrome 50.0 for android|UNK,HTC Desire 626s Build/LMY47O,,chrome 50.0 for android,
Windows|Windows 10|firefox 58.0|2160x1440,Windows,Windows 10,firefox 58.0,2160x1440
LG-H840 Build/MMB29M|UNK|chrome 60.0 for android|UNK,LG-H840 Build/MMB29M,,chrome 60.0 for android,
SM-T280 Build/LMY47V|Android 5.1.1|android browser 4.0|UNK,SM-T280 Build/LMY47V,Android 5.1.1,android browser 4.0,
HTC U11 Build/NMF26X|UNK|chrome 64.0 for android|UNK,HTC U11 Build/NMF26X,,chrome 64.0 for android,
E6853 Build/32.4.A.1.54|UNK|chrome 64.0 for android|UNK,E6853 Build/32.4.A.1.54,,chrome 64.0 for android,
GT-I9515|UNK|chrome 63.0 for android|UNK,GT-I9515,,chrome 63.0 for android,
Ilium L1120 Build/NRD90M|UNK|chrome 60.0 for android|UNK,Ilium L1120 Build/NRD90M,,chrome 60.0 for android,
SM-J701M Build/NRD90M|UNK|chrome 64.0 for android|UNK,SM-J701M Build/NRD90M,,chrome 64.0 for android,
Ilium X520 Build/NRD90M|UNK|chrome 64.0 for android|UNK,Ilium X520 Build/NRD90M,,chrome 64.0 for android,
SM-J500M Build/MMB29M|UNK|chrome 64.0 for android|UNK,SM-J500M Build/MMB29M,,chrome 64.0 for android,
SM-T280 Build/LMY47V|UNK|chrome 64.0 for android|UNK,SM-T280 Build/LMY47V,,chrome 64.0 for android,
MacOS|Mac OS X 10_13_3|safari generic|5120x2880,MacOS,Mac OS X 10_13_3,safari generic,5120x2880
FRD-L09 Build/HUAWEIFRD-L09|UNK|chrome 64.0 for android|UNK,FRD-L09 Build/HUAWEIFRD-L09,,chrome 64.0 for android,
UNK|UNK|chrome 64.0 for ios|UNK,,,chrome 64.0 for ios,
SM-G530H Build/KTU84P|UNK|chrome 64.0 for android|UNK,SM-G530H Build/KTU84P,,chrome 64.0 for android,
F80 PIABELLA Build/MRA58K|UNK|chrome 64.0 for android|UNK,F80 PIABELLA Build/MRA58K,,chrome 64.0 for android,
LG-K580 Build/MRA58K|UNK|chrome 64.0 for android|UNK,LG-K580 Build/MRA58K,,chrome 64.0 for android,
rv:58.0|Mac OS X 10.11|firefox 58.0|1280x800,rv:58.0,Mac OS X 10.11,firefox 58.0,1280x800
Lenovo A2016b30 Build/MRA58K|UNK|chrome 64.0 for android|UNK,Lenovo A2016b30 Build/MRA58K,,chrome 64.0 for android,
SM-G900M Build/LRX21T|UNK|chrome 64.0 for android|UNK,SM-G900M Build/LRX21T,,chrome 64.0 for android,
SM-G930V Build/NRD90M|Android 7.0|chrome 64.0 for android|1920x1080,SM-G930V Build/NRD90M,Android 7.0,chrome 64.0 for android,1920x1080
SM-T560 Build/KTU84P|UNK|chrome 64.0 for android|UNK,SM-T560 Build/KTU84P,,chrome 64.0 for android,
E6810|UNK|chrome 63.0 for android|UNK,E6810,,chrome 63.0 for android,
Moto G Play Build/NPI26.48-36|UNK|chrome 64.0 for android|UNK,Moto G Play Build/NPI26.48-36,,chrome 64.0 for android,
Windows|Windows 10|firefox 58.0|2560x1080,Windows,Windows 10,firefox 58.0,2560x1080
ALE-L21 Build/HuaweiALE-L21|UNK|chrome 64.0 for android|UNK,ALE-L21 Build/HuaweiALE-L21,,chrome 64.0 for android,
VTR-L09 Build/HUAWEIVTR-L09|UNK|chrome 64.0 for android|UNK,VTR-L09 Build/HUAWEIVTR-L09,,chrome 64.0 for android,
UNK|Linux|chrome 60.0|2560x1440,,Linux,chrome 60.0,2560x1440
Windows|Windows 8.1|firefox 58.0|1920x1080,Windows,Windows 8.1,firefox 58.0,1920x1080
Windows|Windows 7|chrome 64.0|2560x1600,Windows,Windows 7,chrome 64.0,2560x1600
SM-N950F Build/NMF26X|UNK|chrome 64.0 for android|UNK,SM-N950F Build/NMF26X,,chrome 64.0 for android,
HUAWEI VNS-L23 Build/HUAWEIVNS-L23|UNK|chrome 64.0 for android|UNK,HUAWEI VNS-L23 Build/HUAWEIVNS-L23,,chrome 64.0 for android,
M4 SS4456 Build/LMY47V|UNK|M4Tel/M4|UNK,M4 SS4456 Build/LMY47V,,M4Tel/M4,
WAS-LX3 Build/HUAWEIWAS-LX3|UNK|chrome 64.0 for android|UNK,WAS-LX3 Build/HUAWEIWAS-LX3,,chrome 64.0 for android,
SM-G570M Build/MMB29K|UNK|chrome 61.0 for android|UNK,SM-G570M Build/MMB29K,,chrome 61.0 for android,
Windows|Windows 7|chrome 64.0|1280x1024,Windows,Windows 7,chrome 64.0,1280x1024
LG-X210 Build/LMY47I|UNK|chrome 64.0 for android|UNK,LG-X210 Build/LMY47I,,chrome 64.0 for android,
MacOS|Mac OS X 10_13_3|chrome 63.0|1280x800,MacOS,Mac OS X 10_13_3,chrome 63.0,1280x800
Windows|Windows 7|firefox 58.0|1280x1024,Windows,Windows 7,firefox 58.0,1280x1024
SAMSUNG-SM-G900A Build/MMB29M|Android 6.0.1|samsung browser 4.0|1920x1080,SAMSUNG-SM-G900A Build/MMB29M,Android 6.0.1,samsung browser 4.0,1920x1080
rv:58.0|Mac OS X 10.12|firefox 58.0|1920x1200,rv:58.0,Mac OS X 10.12,firefox 58.0,1920x1200
HTC Desire 650 Build/MMB29M|UNK|chrome 64.0 for android|UNK,HTC Desire 650 Build/MMB29M,,chrome 64.0 for android,
BLADE A602 Build/MRA58K|UNK|chrome 64.0 for android|UNK,BLADE A602 Build/MRA58K,,chrome 64.0 for android,
SM-G930F Build/NRD90M|UNK|chrome 64.0 for android|UNK,SM-G930F Build/NRD90M,,chrome 64.0 for android,
SM-G570M Build/NRD90M|UNK|chrome 64.0 for android|UNK,SM-G570M Build/NRD90M,,chrome 64.0 for android,
MotoG3 Build/MPIS24.65-33.1-2-16|UNK|chrome 64.0 for android|UNK,MotoG3 Build/MPIS24.65-33.1-2-16,,chrome 64.0 for android,
SM-G532M Build/MMB29T|UNK|chrome 64.0 for android|UNK,SM-G532M Build/MMB29T,,chrome 64.0 for android,
Nexus 6 Build/N6F27M|UNK|chrome 64.0 for android|UNK,Nexus 6 Build/N6F27M,,chrome 64.0 for android,
5010G Build/MRA58K|UNK|chrome 61.0 for android|UNK,5010G Build/MRA58K,,chrome 61.0 for android,
SM-J510MN Build/MMB29M|UNK|chrome 64.0 for android|UNK,SM-J510MN Build/MMB29M,,chrome 64.0 for android,
AX1070|UNK|chrome 63.0 for android|UNK,AX1070,,chrome 63.0 for android,
UNK|UNK|comodo|UNK,,,comodo,
MacOS|Mac OS X 10_13_1|chrome 64.0|1920x1080,MacOS,Mac OS X 10_13_1,chrome 64.0,1920x1080
SM-J327P Build/MMB29M|Android 6.0.1|chrome 64.0 for android|1280x720,SM-J327P Build/MMB29M,Android 6.0.1,chrome 64.0 for android,1280x720
Windows|Windows 8.1|chrome generic|1366x768,Windows,Windows 8.1,chrome generic,1366x768
MacOS|Mac OS X 10_13_3|safari generic|1366x768,MacOS,Mac OS X 10_13_3,safari generic,1366x768
SM-G610M Build/NRD90M|UNK|chrome 64.0 for android|UNK,SM-G610M Build/NRD90M,,chrome 64.0 for android,
MacOS|Mac OS X 10_13_1|chrome 64.0|1440x900,MacOS,Mac OS X 10_13_1,chrome 64.0,1440x900
Linux i686|UNK|firefox 58.0|UNK,Linux i686,,firefox 58.0,
Alcatel_5098O Build/MMB29M|UNK|chrome 50.0 for android|UNK,Alcatel_5098O Build/MMB29M,,chrome 50.0 for android,
LG-H320 Build/LRX21Y|UNK|chrome 64.0 for android|UNK,LG-H320 Build/LRX21Y,,chrome 64.0 for android,
Ilium L950 Build/KTU84P|UNK|chrome|UNK,Ilium L950 Build/KTU84P,,chrome,
GT-I9060M Build/KTU84P|UNK|chrome 64.0 for android|UNK,GT-I9060M Build/KTU84P,,chrome 64.0 for android,
MacOS|Mac OS X 10_13_3|chrome 63.0|2560x1600,MacOS,Mac OS X 10_13_3,chrome 63.0,2560x1600
SM-G955U Build/NRD90M|Android 7.0|chrome 64.0 for android|UNK,SM-G955U Build/NRD90M,Android 7.0,chrome 64.0 for android,
SAMSUNG-SM-G930A Build/NRD90M|UNK|chrome 64.0 for android|UNK,SAMSUNG-SM-G930A Build/NRD90M,,chrome 64.0 for android,
LG-K220 Build/MXB48T|UNK|chrome 64.0 for android|UNK,LG-K220 Build/MXB48T,,chrome 64.0 for android,
UNK|Android|chrome 56.0|1280x720,,Android,chrome 56.0,1280x720
Windows|Windows 10|chrome 64.0|1360x768,Windows,Windows 10,chrome 64.0,1360x768
UNK|Linux|chrome 64.0|1920x1080,,Linux,chrome 64.0,1920x1080
SM-A320FL Build/NRD90M|UNK|chrome 61.0 for android|UNK,SM-A320FL Build/NRD90M,,chrome 61.0 for android,
MacOS|Mac OS X 10_7_5|opera|1280x800,MacOS,Mac OS X 10_7_5,opera,1280x800
MacOS|Mac OS X 10_12_6|chrome 64.0|1280x800,MacOS,Mac OS X 10_12_6,chrome 64.0,1280x800
SM-G925V Build/NRD90M|UNK|android webview 4.0|UNK,SM-G925V Build/NRD90M,,android webview 4.0,
Lenovo K33b36 Build/MMB29M|UNK|chrome 64.0 for android|UNK,Lenovo K33b36 Build/MMB29M,,chrome 64.0 for android,
SM-G925I Build/NRD90M|UNK|chrome 64.0 for android|UNK,SM-G925I Build/NRD90M,,chrome 64.0 for android,
rv:57.0|Mac OS X 10.10|firefox 57.0|1280x720,rv:57.0,Mac OS X 10.10,firefox 57.0,1280x720
SAMSUNG SM-T550 Build/NMF26X|UNK|samsung browser 6.2|UNK,SAMSUNG SM-T550 Build/NMF26X,,samsung browser 6.2,
rv:58.0|Mac OS X 10.9|firefox 58.0|2880x1800,rv:58.0,Mac OS X 10.9,firefox 58.0,2880x1800
ALCATEL ONE TOUCH 5036A Build/JDQ39|UNK|chrome 64.0 for android|UNK,ALCATEL ONE TOUCH 5036A Build/JDQ39,,chrome 64.0 for android,
XT1063 Build/MPB24.65-34-3|UNK|chrome 64.0 for android|UNK,XT1063 Build/MPB24.65-34-3,,chrome 64.0 for android,
Ilium L950 Build/KTU84P|UNK|chrome 64.0 for android|UNK,Ilium L950 Build/KTU84P,,chrome 64.0 for android,
iOS Device|iOS|mobile safari generic|1024x768,iOS Device,iOS,mobile safari generic,1024x768
iOS Device|iOS 10.3.3|mobile safari generic|2224x1668,iOS Device,iOS 10.3.3,mobile safari generic,2224x1668
SM-J120H Build/LMY47V|UNK|chrome 64.0 for android|UNK,SM-J120H Build/LMY47V,,chrome 64.0 for android,
SENS|UNK|android webview 4.0|UNK,SENS,,android webview 4.0,
5056A Build/MMB29M|UNK|chrome 64.0 for android|UNK,5056A Build/MMB29M,,chrome 64.0 for android,
HUAWEI NXT-L09 Build/HUAWEINXT-L09|UNK|chrome 64.0 for android|UNK,HUAWEI NXT-L09 Build/HUAWEINXT-L09,,chrome 64.0 for android,
PRA-LX1 Build/HUAWEIPRA-LX1|UNK|chrome 64.0 for android|UNK,PRA-LX1 Build/HUAWEIPRA-LX1,,chrome 64.0 for android,
Windows|Windows 7|firefox 58.0|1600x900,Windows,Windows 7,firefox 58.0,1600x900
UNK|Linux|samsung browser 6.2|2220x1080,,Linux,samsung browser 6.2,2220x1080
Windows|Windows 7|chrome 64.0|1920x1200,Windows,Windows 7,chrome 64.0,1920x1200
HTC Desire 10 lifestyle Build/MMB29M|UNK|chrome 64.0 for android|UNK,HTC Desire 10 lifestyle Build/MMB29M,,chrome 64.0 for android,
GT-I9300|UNK|chrome 51.0 for android|UNK,GT-I9300,,chrome 51.0 for android,
SAMSUNG|Android 7.0|samsung browser 5.2|1280x720,SAMSUNG,Android 7.0,samsung browser 5.2,1280x720
iOS Device|iOS 11.2.5|mobile safari generic|2001x1125,iOS Device,iOS 11.2.5,mobile safari generic,2001x1125
Windows|Windows 10|chrome 64.0|1280x960,Windows,Windows 10,chrome 64.0,1280x960
UNK|Android|chrome 64.0|1920x1080,,Android,chrome 64.0,1920x1080
iOS Device|iOS 10.1.1|mobile safari generic|1136x640,iOS Device,iOS 10.1.1,mobile safari generic,1136x640
MYA-L13 Build/HUAWEIMYA-L13|UNK|chrome 64.0 for android|UNK,MYA-L13 Build/HUAWEIMYA-L13,,chrome 64.0 for android,
E5506 Build/29.1.A.0.101|UNK|chrome 64.0 for android|UNK,E5506 Build/29.1.A.0.101,,chrome 64.0 for android,
SM-N920C Build/NRD90M|UNK|chrome 64.0 for android|UNK,SM-N920C Build/NRD90M,,chrome 64.0 for android,
SM-T530 Build/LRX22G|UNK|chrome 64.0 for android|UNK,SM-T530 Build/LRX22G,,chrome 64.0 for android,
UNK|Linux|chrome 64.0|1280x720,,Linux,chrome 64.0,1280x720
M4 SS4453 Build/MMB29M|UNK|chrome 61.0 for android|UNK,M4 SS4453 Build/MMB29M,,chrome 61.0 for android,
iOS Device|iOS 10.2.1|mobile safari generic|2732x2048,iOS Device,iOS 10.2.1,mobile safari generic,2732x2048
Windows|Windows 10|chrome 64.0|2560x1440,Windows,Windows 10,chrome 64.0,2560x1440
VT0701A08|UNK|chrome 64.0 for android|UNK,VT0701A08,,chrome 64.0 for android,
E6603 Build/32.4.A.1.54|UNK|chrome 64.0 for android|UNK,E6603 Build/32.4.A.1.54,,chrome 64.0 for android,
DUK-AL20|UNK|chrome 62.0 for android|UNK,DUK-AL20,,chrome 62.0 for android,
CRO-L03 Build/HUAWEICRO-L03|UNK|chrome 64.0 for android|UNK,CRO-L03 Build/HUAWEICRO-L03,,chrome 64.0 for android,
Windows|Windows 10|chrome 64.0|2880x1620,Windows,Windows 10,chrome 64.0,2880x1620
Windows|Windows 10|chrome 64.0|3000x2000,Windows,Windows 10,chrome 64.0,3000x2000
HUAWEI RIO-L03 Build/HUAWEIRIO-L03|UNK|chrome 64.0 for android|UNK,HUAWEI RIO-L03 Build/HUAWEIRIO-L03,,chrome 64.0 for android,
VS987 Build/NRD90U|Android 7.0|chrome 64.0 for android|2560x1440,VS987 Build/NRD90U,Android 7.0,chrome 64.0 for android,2560x1440
Windows|Windows 10|chrome 64.0|1280x1024,Windows,Windows 10,chrome 64.0,1280x1024
Trident/7.0|Windows 7|ie 11.0 for desktop|1280x620,Trident/7.0,Windows 7,ie 11.0 for desktop,1280x620
BAC-L03 Build/HUAWEIBAC-L03|UNK|chrome 64.0 for android|UNK,BAC-L03 Build/HUAWEIBAC-L03,,chrome 64.0 for android,
rv:58.0|Mac OS X 10.12|firefox 58.0|2880x1800,rv:58.0,Mac OS X 10.12,firefox 58.0,2880x1800
MacOS|Mac OS X 10_13_3|safari generic|1280x800,MacOS,Mac OS X 10_13_3,safari generic,1280x800
E5803 Build/32.4.A.1.54|UNK|chrome 64.0 for android|UNK,E5803 Build/32.4.A.1.54,,chrome 64.0 for android,
MacOS|Mac OS X 10_11_6|chrome 64.0|2560x1600,MacOS,Mac OS X 10_11_6,chrome 64.0,2560x1600
Windows|Windows 10|edge 16.0|1280x960,Windows,Windows 10,edge 16.0,1280x960
5010G Build/MRA58K|UNK|chrome 64.0 for android|UNK,5010G Build/MRA58K,,chrome 64.0 for android,
LGMS631 Build/MRA58K|UNK|chrome 64.0 for android|UNK,LGMS631 Build/MRA58K,,chrome 64.0 for android,
Windows|Windows 7|chrome 64.0|1600x900,Windows,Windows 7,chrome 64.0,1600x900
BLADE V8 Build/NRD90M|UNK|chrome 64.0 for android|UNK,BLADE V8 Build/NRD90M,,chrome 64.0 for android,
MacOS|Mac OS X 10_12_6|chrome 64.0|2560x1440,MacOS,Mac OS X 10_12_6,chrome 64.0,2560x1440
Windows|Windows 7|firefox 58.0|1920x1200,Windows,Windows 7,firefox 58.0,1920x1200
MacOS|Mac OS X 10_10_5|chrome 64.0|1440x900,MacOS,Mac OS X 10_10_5,chrome 64.0,1440x900
ASUS_Z00AD Build/LRX21V|UNK|chrome generic|UNK,ASUS_Z00AD Build/LRX21V,,chrome generic,
HUAWEI|UNK|chrome 64.0 for android|UNK,HUAWEI,,chrome 64.0 for android,
Lenovo PB2-670Y Build/MRA58K|UNK|chrome 64.0 for android|UNK,Lenovo PB2-670Y Build/MRA58K,,chrome 64.0 for android,
SM-J510F|UNK|chrome 64.0 for android|UNK,SM-J510F,,chrome 64.0 for android,
BLADE V8 SE Build/NRD90M|UNK|android webview 4.0|UNK,BLADE V8 SE Build/NRD90M,,android webview 4.0,
SM-J330FN Build/NRD90M|UNK|chrome 64.0 for android|UNK,SM-J330FN Build/NRD90M,,chrome 64.0 for android,
es-us|UNK|Lanix/Ilium|UNK,es-us,,Lanix/Ilium,
HTC Desire 526G Build/KOT49H|UNK|chrome 63.0 for android|UNK,HTC Desire 526G Build/KOT49H,,chrome 63.0 for android,
5015A Build/LMY47I|UNK|chrome 64.0 for android|UNK,5015A Build/LMY47I,,chrome 64.0 for android,
SM-G900V Build/MMB29M|Android 6.0.1|chrome 64.0 for android|1920x1080,SM-G900V Build/MMB29M,Android 6.0.1,chrome 64.0 for android,1920x1080
UNK|Linux|chrome 63.0|1440x810,,Linux,chrome 63.0,1440x810
Z956 Build/MMB29M|UNK|chrome 56.0 for android|UNK,Z956 Build/MMB29M,,chrome 56.0 for android,
Aquaris U Plus Build/NMF26F|UNK|chrome 62.0 for android|UNK,Aquaris U Plus Build/NMF26F,,chrome 62.0 for android,
Windows|Windows 7|firefox 58.0|1280x720,Windows,Windows 7,firefox 58.0,1280x720
LG-H650 Build/LMY47V|UNK|chrome 60.0 for android|UNK,LG-H650 Build/LMY47V,,chrome 60.0 for android,
SM-A500M Build/LRX22G|UNK|chrome 62.0 for android|UNK,SM-A500M Build/LRX22G,,chrome 62.0 for android,
Nexus|UNK|chrome 64.0 for android|UNK,Nexus,,chrome 64.0 for android,
SM-J330F|UNK|chrome 64.0 for android|UNK,SM-J330F,,chrome 64.0 for android,
rv:47.0|Windows 10|firefox 47.0|1768x992,rv:47.0,Windows 10,firefox 47.0,1768x992
Windows|Windows 10|firefox 58.0|1280x1024,Windows,Windows 10,firefox 58.0,1280x1024
4003A|UNK|chrome 53.0 for android|UNK,4003A,,chrome 53.0 for android,
Windows|Windows 8|chrome 64.0|1280x768,Windows,Windows 8,chrome 64.0,1280x768
SM-G530H Build/LRX22G|UNK|chrome 64.0 for android|UNK,SM-G530H Build/LRX22G,,chrome 64.0 for android,
iOS Device|iOS 11.3.0|mobile safari generic|2208x1242,iOS Device,iOS 11.3.0,mobile safari generic,2208x1242
iOS Device|iOS 9.3.5|mobile safari generic|1136x640,iOS Device,iOS 9.3.5,mobile safari generic,1136x640
MacOS|Mac OS X 10_13_3|chrome 64.0|2880x1800,MacOS,Mac OS X 10_13_3,chrome 64.0,2880x1800
rv:60.0|UNK|firefox generic|UNK,rv:60.0,,firefox generic,
SM-T530NU Build/LRX22G|UNK|chrome 54.0 for android|UNK,SM-T530NU Build/LRX22G,,chrome 54.0 for android,
Windows|Windows 7|chrome 64.0|1024x768,Windows,Windows 7,chrome 64.0,1024x768
LGLS676 Build/MXB48T|Android 6.0.1|chrome 64.0 for android|1280x720,LGLS676 Build/MXB48T,Android 6.0.1,chrome 64.0 for android,1280x720
HTC_One_M8s/2.12.111.1|UNK|UNK|UNK,HTC_One_M8s/2.12.111.1,,,
HTC One A9 Build/NRD90M|UNK|chrome 64.0 for android|UNK,HTC One A9 Build/NRD90M,,chrome 64.0 for android,
VS990 Build/MRA58K|Android 6.0|chrome 64.0 for android|2560x1440,VS990 Build/MRA58K,Android 6.0,chrome 64.0 for android,2560x1440
M4 SS4453 Build/MMB29M|UNK|chrome 64.0 for android|UNK,M4 SS4453 Build/MMB29M,,chrome 64.0 for android,
Z832 Build/MMB29M|Android 6.0.1|chrome 46.0 for android|855x480,Z832 Build/MMB29M,Android 6.0.1,chrome 46.0 for android,855x480
G3313 Build/43.0.A.5.79|UNK|chrome 64.0 for android|UNK,G3313 Build/43.0.A.5.79,,chrome 64.0 for android,
SAMSUNG SM-A510M Build/MMB29K|UNK|samsung browser 6.2|UNK,SAMSUNG SM-A510M Build/MMB29K,,samsung browser 6.2,
Alcatel_5098O Build/MMB29M|UNK|chrome 64.0 for android|UNK,Alcatel_5098O Build/MMB29M,,chrome 64.0 for android,
Windows|Windows 10|chrome 64.0|1280x800,Windows,Windows 10,chrome 64.0,1280x800
MacOS|Mac OS X 10_12_6|chrome 61.0|3840x2400,MacOS,Mac OS X 10_12_6,chrome 61.0,3840x2400
Windows|Windows 10|chrome 64.0|1920x1200,Windows,Windows 10,chrome 64.0,1920x1200
HTC One_M8 Build/MRA58K|UNK|chrome 64.0 for android|UNK,HTC One_M8 Build/MRA58K,,chrome 64.0 for android,
SM-A710M Build/NRD90M|UNK|chrome 64.0 for android|UNK,SM-A710M Build/NRD90M,,chrome 64.0 for android,
SM-J327V Build/NRD90M|Android 7.0|chrome 64.0 for android|1280x720,SM-J327V Build/NRD90M,Android 7.0,chrome 64.0 for android,1280x720
Moto G Play Build/MPIS24.241-15.3-26|UNK|chrome 64.0 for android|UNK,Moto G Play Build/MPIS24.241-15.3-26,,chrome 64.0 for android,
SAMSUNG SM-J320FN Build/LMY47V|UNK|chrome generic|UNK,SAMSUNG SM-J320FN Build/LMY47V,,chrome generic,
CPH1701|UNK|chrome 64.0 for android|UNK,CPH1701,,chrome 64.0 for android,
Pixel|Android 8.1.0|chrome 64.0 for android|UNK,Pixel,Android 8.1.0,chrome 64.0 for android,
SM-P550 Build/NMF26X|UNK|chrome 64.0 for android|UNK,SM-P550 Build/NMF26X,,chrome 64.0 for android,
XT1032 Build/LPBS23.13-56-2|UNK|chrome 64.0 for android|UNK,XT1032 Build/LPBS23.13-56-2,,chrome 64.0 for android,
Ilium X710 Build/MRA58K|UNK|chrome 64.0 for android|UNK,Ilium X710 Build/MRA58K,,chrome 64.0 for android,
A952|UNK|android webview 4.0|UNK,A952,,android webview 4.0,
HUAWEI CUN-L03 Build/HUAWEICUN-L03|UNK|chrome 64.0 for android|UNK,HUAWEI CUN-L03 Build/HUAWEICUN-L03,,chrome 64.0 for android,
E5306 Build/27.3.A.0.165|UNK|chrome 64.0 for android|UNK,E5306 Build/27.3.A.0.165,,chrome 64.0 for android,
HTC|UNK|chrome 64.0 for android|UNK,HTC,,chrome 64.0 for android,
Ilium|UNK|chrome 62.0 for android|UNK,Ilium,,chrome 62.0 for android,
SM-G930W8 Build/NRD90M|UNK|chrome 64.0 for android|UNK,SM-G930W8 Build/NRD90M,,chrome 64.0 for android,
rv:58.0|Windows 10|firefox|1366x768,rv:58.0,Windows 10,firefox,1366x768
SM-T350 Build/NMF26X|UNK|android webview 4.0|UNK,SM-T350 Build/NMF26X,,android webview 4.0,
LG-K580 Build/MRA58K|UNK|chrome 53.0 for android|UNK,LG-K580 Build/MRA58K,,chrome 53.0 for android,
Windows|Windows 7|chrome 64.0|1440x900,Windows,Windows 7,chrome 64.0,1440x900
Ilium L910 Build/MRA58K|UNK|chrome 64.0 for android|UNK,Ilium L910 Build/MRA58K,,chrome 64.0 for android,
XT1650 Build/NPLS26.118-20-5-11|UNK|chrome 64.0 for android|UNK,XT1650 Build/NPLS26.118-20-5-11,,chrome 64.0 for android,
BOIE9|Windows 7|ie 11.0 for desktop|1600x900,BOIE9,Windows 7,ie 11.0 for desktop,1600x900
SM-J710F Build/NRD90M|UNK|chrome 61.0 for android|UNK,SM-J710F Build/NRD90M,,chrome 61.0 for android,
SAMSUNG-SM-G935A Build/NRD90M|Android 7.0|chrome 64.0 for android|1920x1080,SAMSUNG-SM-G935A Build/NRD90M,Android 7.0,chrome 64.0 for android,1920x1080
Z9 PLUS Build/NRD90M|UNK|chrome 63.0 for android|UNK,Z9 PLUS Build/NRD90M,,chrome 63.0 for android,
Windows|Windows 10|chrome 64.0|1440x900,Windows,Windows 10,chrome 64.0,1440x900
Windows|Windows 7|chrome 64.0|1600x1200,Windows,Windows 7,chrome 64.0,1600x1200
Windows|Windows 7|chrome 64.0|1280x720,Windows,Windows 7,chrome 64.0,1280x720
D6603 Build/23.5.A.1.291|UNK|chrome 64.0 for android|UNK,D6603 Build/23.5.A.1.291,,chrome 64.0 for android,
SM-J727T1 Build/NRD90M|Android 7.0|chrome 64.0 for android|1280x720,SM-J727T1 Build/NRD90M,Android 7.0,chrome 64.0 for android,1280x720
Moto G Play Build/MPIS24.241-15.3-7|UNK|chrome 64.0 for android|UNK,Moto G Play Build/MPIS24.241-15.3-7,,chrome 64.0 for android,
CHC-U03 Build/HuaweiCHC-U03|UNK|chrome 64.0 for android|UNK,CHC-U03 Build/HuaweiCHC-U03,,chrome 64.0 for android,
Windows|Windows 7|chrome 64.0|1280x800,Windows,Windows 7,chrome 64.0,1280x800
Windows|Windows 8.1|chrome 64.0|1920x1080,Windows,Windows 8.1,chrome 64.0,1920x1080
RNE-L03 Build/HUAWEIRNE-L03|UNK|chrome 64.0 for android|UNK,RNE-L03 Build/HUAWEIRNE-L03,,chrome 64.0 for android,
rv:58.0|Mac OS X 10.13|firefox 58.0|1280x800,rv:58.0,Mac OS X 10.13,firefox 58.0,1280x800
SM-J105B Build/LMY47V|UNK|chrome 64.0 for android|UNK,SM-J105B Build/LMY47V,,chrome 64.0 for android,
Dash|UNK|chrome 61.0 for android|UNK,Dash,,chrome 61.0 for android,
SM-G935P Build/NRD90M|Android 7.0|chrome 64.0 for android|1920x1080,SM-G935P Build/NRD90M,Android 7.0,chrome 64.0 for android,1920x1080
LG-D331 Build/LRX22G|UNK|chrome 59.0 for android|UNK,LG-D331 Build/LRX22G,,chrome 59.0 for android,
rv:58.0|Mac OS X 10.13|firefox 58.0|1920x1080,rv:58.0,Mac OS X 10.13,firefox 58.0,1920x1080
SM-A310M Build/NRD90M|UNK|chrome 64.0 for android|UNK,SM-A310M Build/NRD90M,,chrome 64.0 for android,
Windows|Windows 7|chrome 64.0|1280x1025,Windows,Windows 7,chrome 64.0,1280x1025
Windows|Windows 10|chrome 61.0|1280x1025,Windows,Windows 10,chrome 61.0,1280x1025
SM-G950U Build/NRD90M|UNK|android webview 4.0|UNK,SM-G950U Build/NRD90M,,android webview 4.0,
Windows|Windows 8.1|chrome 64.0|1366x768,Windows,Windows 8.1,chrome 64.0,1366x768
F3213 Build/36.0.A.2.146|UNK|chrome 64.0 for android|UNK,F3213 Build/36.0.A.2.146,,chrome 64.0 for android,
F3113 Build/33.3.A.1.97|UNK|chrome 64.0 for android|UNK,F3113 Build/33.3.A.1.97,,chrome 64.0 for android,
SM-J500M Build/LMY48B|UNK|chrome 64.0 for android|UNK,SM-J500M Build/LMY48B,,chrome 64.0 for android,
F3113|UNK|chrome 64.0 for android|UNK,F3113,,chrome 64.0 for android,
LG-D320|UNK|chrome 61.0 for android|UNK,LG-D320,,chrome 61.0 for android,
SLA-L03 Build/HUAWEISLA-L03|UNK|chrome 64.0 for android|UNK,SLA-L03 Build/HUAWEISLA-L03,,chrome 64.0 for android,
MacOS|Mac OS X 10_11_6|chrome 64.0|1920x1080,MacOS,Mac OS X 10_11_6,chrome 64.0,1920x1080
NX521J|UNK|chrome 64.0 for android|UNK,NX521J,,chrome 64.0 for android,
Moto Z2 Play Build/NPSS26.118-19-4|UNK|chrome 64.0 for android|UNK,Moto Z2 Play Build/NPSS26.118-19-4,,chrome 64.0 for android,
SM-E500M Build/KTU84P|UNK|chrome 64.0 for android|UNK,SM-E500M Build/KTU84P,,chrome 64.0 for android,
916|UNK|chrome 59.0 for android|UNK,916,,chrome 59.0 for android,
ZTE|UNK|chrome 60.0 for android|UNK,ZTE,,chrome 60.0 for android,
4034G|UNK|chrome 64.0 for android|UNK,4034G,,chrome 64.0 for android,
Gravity Build/NRD90M|UNK|chrome 58.0 for android|UNK,Gravity Build/NRD90M,,chrome 58.0 for android,
LG-X230 Build/MRA58K|UNK|chrome 64.0 for android|UNK,LG-X230 Build/MRA58K,,chrome 64.0 for android,
TA-1027|UNK|chrome 64.0 for android|UNK,TA-1027,,chrome 64.0 for android,
MacOS|Mac OS X 10_12_6|chrome 64.0|1920x1080,MacOS,Mac OS X 10_12_6,chrome 64.0,1920x1080
PLUS|UNK|chrome 63.0 for android|UNK,PLUS,,chrome 63.0 for android,
MacOS|Mac OS X 10_12_6|chrome 59.0|2560x1600,MacOS,Mac OS X 10_12_6,chrome 59.0,2560x1600
SM-A320FL Build/MMB29K|UNK|chrome 64.0 for android|UNK,SM-A320FL Build/MMB29K,,chrome 64.0 for android,
ALCATEL ONE TOUCH 7042A Build/JDQ39|UNK|chrome 61.0 for android|UNK,ALCATEL ONE TOUCH 7042A Build/JDQ39,,chrome 61.0 for android,
BLADE A520 Build/NRD90M|UNK|chrome 64.0 for android|UNK,BLADE A520 Build/NRD90M,,chrome 64.0 for android,
TREKKER-X3 Build/MMB29M|UNK|chrome 64.0 for android|UNK,TREKKER-X3 Build/MMB29M,,chrome 64.0 for android,
Pixel Build/OPM1.171019.016|Android 8.1.0|chrome 64.0 for android|UNK,Pixel Build/OPM1.171019.016,Android 8.1.0,chrome 64.0 for android,
C6906|UNK|chrome 50.0 for android|UNK,C6906,,chrome 50.0 for android,
Windows|Windows 10|chrome 64.0|UNK,Windows,Windows 10,chrome 64.0,
MacOS|Mac OS X 10_11_6|other|1920x1080,MacOS,Mac OS X 10_11_6,other,1920x1080
LG-D680 Build/KOT49I|UNK|chrome 64.0 for android|UNK,LG-D680 Build/KOT49I,,chrome 64.0 for android,
LG-X180g Build/LMY47I|UNK|chrome 57.0 for android|UNK,LG-X180g Build/LMY47I,,chrome 57.0 for android,
Windows|Windows 7|chrome 49.0|1440x900,Windows,Windows 7,chrome 49.0,1440x900
Nexus|Android 7.1.1|chrome 64.0 for android|2562x1442,Nexus,Android 7.1.1,chrome 64.0 for android,2562x1442
MacOS|Mac OS X 10_12_6|chrome 64.0|1440x900,MacOS,Mac OS X 10_12_6,chrome 64.0,1440x900
LG-H840 Build/MMB29M|UNK|chrome 64.0 for android|UNK,LG-H840 Build/MMB29M,,chrome 64.0 for android,
Linux i686|UNK|firefox 56.0|UNK,Linux i686,,firefox 56.0,
SM-N910T3|UNK|chrome 63.0 for android|UNK,SM-N910T3,,chrome 63.0 for android,
iOS Device|iOS 10.3.2|mobile safari generic|2001x1125,iOS Device,iOS 10.3.2,mobile safari generic,2001x1125
SM-N950U Build/NMF26X|Android 7.1.1|chrome 64.0 for android|2961x1442,SM-N950U Build/NMF26X,Android 7.1.1,chrome 64.0 for android,2961x1442
M4 SS4453 Build/MMB29M|UNK|chrome 51.0 for android|UNK,M4 SS4453 Build/MMB29M,,chrome 51.0 for android,
Blade V580 Build/LMY47D|UNK|chrome 64.0 for android|UNK,Blade V580 Build/LMY47D,,chrome 64.0 for android,
SM-T800 Build/MMB29K|UNK|chrome 64.0 for android|UNK,SM-T800 Build/MMB29K,,chrome 64.0 for android,
iOS Device|iOS 11.0.2|mobile safari generic|1136x640,iOS Device,iOS 11.0.2,mobile safari generic,1136x640
Redmi Note 4 Build/NRD90M|UNK|chrome 64.0 for android|UNK,Redmi Note 4 Build/NRD90M,,chrome 64.0 for android,
F3213 Build/36.1.A.1.86|UNK|chrome 64.0 for android|UNK,F3213 Build/36.1.A.1.86,,chrome 64.0 for android,
rv:58.0|Mac OS X 10.12|firefox 58.0|1440x900,rv:58.0,Mac OS X 10.12,firefox 58.0,1440x900
HTC One M9 Build/NRD90M|UNK|chrome 64.0 for android|UNK,HTC One M9 Build/NRD90M,,chrome 64.0 for android,
MacOS|Mac OS X 10_13_2|chrome 64.0|2880x1800,MacOS,Mac OS X 10_13_2,chrome 64.0,2880x1800
D5803 Build/23.5.A.1.291|UNK|chrome 64.0 for android|UNK,D5803 Build/23.5.A.1.291,,chrome 64.0 for android,
SM-J530GM Build/NRD90M|UNK|other|UNK,SM-J530GM Build/NRD90M,,other,
9203A Build/MRA58K|UNK|chrome 49.0 for android|UNK,9203A Build/MRA58K,,chrome 49.0 for android,
MHA-L29 Build/HUAWEIMHA-L29|UNK|chrome 64.0 for android|UNK,MHA-L29 Build/HUAWEIMHA-L29,,chrome 64.0 for android,
SM-G920T Build/NRD90M|UNK|chrome 64.0 for android|UNK,SM-G920T Build/NRD90M,,chrome 64.0 for android,
SGH-I337M|UNK|chrome 64.0 for android|UNK,SGH-I337M,,chrome 64.0 for android,
5025G Build/LMY47I|UNK|chrome 55.0 for android|UNK,5025G Build/LMY47I,,chrome 55.0 for android,
F5321 Build/34.3.A.0.238|UNK|chrome 64.0 for android|UNK,F5321 Build/34.3.A.0.238,,chrome 64.0 for android,
SM-G903F Build/MMB29K|UNK|chrome 64.0 for android|UNK,SM-G903F Build/MMB29K,,chrome 64.0 for android,
MacOS|Mac OS X 10_12_5|chrome 63.0|2560x1600,MacOS,Mac OS X 10_12_5,chrome 63.0,2560x1600
M4 SS4456 Build/LMY47V|UNK|chrome 64.0 for android|UNK,M4 SS4456 Build/LMY47V,,chrome 64.0 for android,
rv:58.0|Mac OS X 10.10|firefox 58.0|1280x800,rv:58.0,Mac OS X 10.10,firefox 58.0,1280x800
Lenovo A6020l37 Build/LMY47V|UNK|chrome 64.0 for android|UNK,Lenovo A6020l37 Build/LMY47V,,chrome 64.0 for android,
iOS Device|iOS 11.2.1|chrome 64.0 for ios|2224x1668,iOS Device,iOS 11.2.1,chrome 64.0 for ios,2224x1668
Windows|Windows 10|chrome 64.0|1024x768,Windows,Windows 10,chrome 64.0,1024x768
LG-H901|Android 7.0|chrome 64.0 for android|2560x1440,LG-H901,Android 7.0,chrome 64.0 for android,2560x1440
MacOS|Mac OS X 10_13_3|chrome 64.0|1440x900,MacOS,Mac OS X 10_13_3,chrome 64.0,1440x900
HTC Desire 626s Build/LMY47O|UNK|chrome 64.0 for android|UNK,HTC Desire 626s Build/LMY47O,,chrome 64.0 for android,
Windows|Windows 10|edge 14.0|2560x1440,Windows,Windows 10,edge 14.0,2560x1440
PE-TL10|UNK|chrome 64.0 for android|UNK,PE-TL10,,chrome 64.0 for android,
E6833|UNK|chrome 64.0 for android|UNK,E6833,,chrome 64.0 for android,
P5006A|UNK|chrome 64.0 for android|UNK,P5006A,,chrome 64.0 for android,
MacOS|Mac OS X 10_12_6|chrome 64.0|2560x1600,MacOS,Mac OS X 10_12_6,chrome 64.0,2560x1600
HUAWEI TAG-L13 Build/HUAWEITAG-L13|UNK|chrome 57.0 for android|UNK,HUAWEI TAG-L13 Build/HUAWEITAG-L13,,chrome 57.0 for android,
SM-G930V Build/NRD90M|Android 7.0|chrome 64.0 for android|2560x1440,SM-G930V Build/NRD90M,Android 7.0,chrome 64.0 for android,2560x1440
SM-S327VL|Android 6.0.1|chrome 64.0 for android|1280x720,SM-S327VL,Android 6.0.1,chrome 64.0 for android,1280x720
SM-G930P Build/NRD90M|Android 7.0|chrome 64.0 for android|1920x1080,SM-G930P Build/NRD90M,Android 7.0,chrome 64.0 for android,1920x1080
Z2|UNK|android webview 4.0|UNK,Z2,,android webview 4.0,
XT1032 Build/LPBS23.13-56-2|UNK|chrome 57.0 for android|UNK,XT1032 Build/LPBS23.13-56-2,,chrome 57.0 for android,
SM-T820 Build/NRD90M|Android 7.0|chrome 64.0 for android|2048x1536,SM-T820 Build/NRD90M,Android 7.0,chrome 64.0 for android,2048x1536
SM-J710MN Build/MMB29K|UNK|chrome 61.0 for android|UNK,SM-J710MN Build/MMB29K,,chrome 61.0 for android,
MacOS|Mac OS X 10_13_3|chrome 64.0|2560x1600,MacOS,Mac OS X 10_13_3,chrome 64.0,2560x1600
MacOS|Mac OS X 10_10_5|chrome 64.0|2560x1600,MacOS,Mac OS X 10_10_5,chrome 64.0,2560x1600
REVVLPLUS|Android 7.1.1|chrome 64.0 for android|1920x1080,REVVLPLUS,Android 7.1.1,chrome 64.0 for android,1920x1080
SM-J700H Build/MMB29K|UNK|chrome 64.0 for android|UNK,SM-J700H Build/MMB29K,,chrome 64.0 for android,
SM-G950U Build/NRD90M|UNK|chrome 64.0 for android|UNK,SM-G950U Build/NRD90M,,chrome 64.0 for android,
SM-J320FN Build/LMY47V|UNK|chrome 64.0 for android|UNK,SM-J320FN Build/LMY47V,,chrome 64.0 for android,
LG-M250 Build/NRD90U|UNK|chrome 64.0 for android|UNK,LG-M250 Build/NRD90U,,chrome 64.0 for android,
Ilium LT510 Build/MRA58K|UNK|chrome 62.0 for android|UNK,Ilium LT510 Build/MRA58K,,chrome 62.0 for android,
CHC-U03 Build/HuaweiCHC-U03|UNK|chrome 57.0 for android|UNK,CHC-U03 Build/HuaweiCHC-U03,,chrome 57.0 for android,
MacOS|Mac OS X 10_11_6|chrome 64.0|1680x1050,MacOS,Mac OS X 10_11_6,chrome 64.0,1680x1050
Ilium L620 Build/NRD90M|UNK|chrome 64.0 for android|UNK,Ilium L620 Build/NRD90M,,chrome 64.0 for android,
SM-A720F Build/NRD90M|UNK|chrome 58.0 for android|UNK,SM-A720F Build/NRD90M,,chrome 58.0 for android,
Joy|UNK|chrome 64.0 for android|UNK,Joy,,chrome 64.0 for android,
XT1635-02|UNK|chrome 64.0 for android|UNK,XT1635-02,,chrome 64.0 for android,
SGH-M919V|UNK|chrome 64.0 for android|UNK,SGH-M919V,,chrome 64.0 for android,
SM-G920I|UNK|chrome 63.0 for android|UNK,SM-G920I,,chrome 63.0 for android,
MotoG3-TE Build/MPDS24.65-33-1-30|UNK|chrome 64.0 for android|UNK,MotoG3-TE Build/MPDS24.65-33-1-30,,chrome 64.0 for android,
Linux x86_64|Linux|firefox 58.0|1920x1080,Linux x86_64,Linux,firefox 58.0,1920x1080
LG-K500 Build/MMB29M|UNK|chrome 50.0 for android|UNK,LG-K500 Build/MMB29M,,chrome 50.0 for android,
Tmovi Build/Vision|UNK|chrome 64.0 for android|UNK,Tmovi Build/Vision,,chrome 64.0 for android,
XT1068|UNK|chrome 64.0 for android|UNK,XT1068,,chrome 64.0 for android,
SM-G903M|UNK|chrome 64.0 for android|UNK,SM-G903M,,chrome 64.0 for android,
Pixel Build/OPM1.171019.012|UNK|chrome 64.0 for android|UNK,Pixel Build/OPM1.171019.012,,chrome 64.0 for android,
XT1021 Build/LPCS23.13-34.8-3|UNK|chrome 63.0 for android|UNK,XT1021 Build/LPCS23.13-34.8-3,,chrome 63.0 for android,
Advance|UNK|chrome 56.0 for android|UNK,Advance,,chrome 56.0 for android,
Y635-L03 Build/HuaweiY635-L03|UNK|chrome 64.0 for android|UNK,Y635-L03 Build/HuaweiY635-L03,,chrome 64.0 for android,
rv:58.0|Mac OS X 10.11|firefox 58.0|1920x1080,rv:58.0,Mac OS X 10.11,firefox 58.0,1920x1080
Windows|Windows 7|firefox 58.0|1680x1050,Windows,Windows 7,firefox 58.0,1680x1050
rv:31.0|Windows 7|firefox|1920x1080,rv:31.0,Windows 7,firefox,1920x1080
Blade A510 Build/MRA58K|UNK|chrome 64.0 for android|UNK,Blade A510 Build/MRA58K,,chrome 64.0 for android,
HTC Desire 626s Build/LMY47O|Android|chrome 64.0 for android|1280x720,HTC Desire 626s Build/LMY47O,Android,chrome 64.0 for android,1280x720
SAMSUNG SM-J327T Build/NRD90M|UNK|samsung browser 6.2|UNK,SAMSUNG SM-J327T Build/NRD90M,,samsung browser 6.2,
rv:58.0|Mac OS X 10.11|firefox 58.0|2560x1440,rv:58.0,Mac OS X 10.11,firefox 58.0,2560x1440
Windows|Windows 7|chrome|2520x1575,Windows,Windows 7,chrome,2520x1575
rv:58.0|Mac OS X 10.13|firefox 58.0|1440x900,rv:58.0,Mac OS X 10.13,firefox 58.0,1440x900
SM-G360F|UNK|chrome 63.0 for android|UNK,SM-G360F,,chrome 63.0 for android,
PLK-L01 Build/HONORPLK-L01|UNK|chrome 61.0 for android|UNK,PLK-L01 Build/HONORPLK-L01,,chrome 61.0 for android,
UNK|Android|chrome 64.0|UNK,,Android,chrome 64.0,
Hisense F23 Build/NRD90M|UNK|chrome 64.0 for android|UNK,Hisense F23 Build/NRD90M,,chrome 64.0 for android,
Windows|Windows 7|chrome 64.0|1281x720,Windows,Windows 7,chrome 64.0,1281x720
iOS Device|iOS 10.2.0|mobile safari generic|2048x1536,iOS Device,iOS 10.2.0,mobile safari generic,2048x1536
Windows|Windows 8.1|chrome 64.0|3200x1800,Windows,Windows 8.1,chrome 64.0,3200x1800
MacOS|Mac OS X 10_11_6|chrome 64.0|2880x1800,MacOS,Mac OS X 10_11_6,chrome 64.0,2880x1800
rv:49.0|Windows 7|firefox|1440x900,rv:49.0,Windows 7,firefox,1440x900
LG-H320 Build/LRX21Y|UNK|chrome|UNK,LG-H320 Build/LRX21Y,,chrome,
MacOS|Mac OS X 10_9_5|safari generic|2048x1152,MacOS,Mac OS X 10_9_5,safari generic,2048x1152
SM-G955U Build/NRD90M|Android 7.0|chrome 64.0 for android|2961x1442,SM-G955U Build/NRD90M,Android 7.0,chrome 64.0 for android,2961x1442
SM-G928V Build/NRD90M|Android 7.0|chrome 64.0 for android|UNK,SM-G928V Build/NRD90M,Android 7.0,chrome 64.0 for android,
VS425PP Build/LMY47V|UNK|chrome 64.0 for android|UNK,VS425PP Build/LMY47V,,chrome 64.0 for android,
rv:58.0|Windows 10|firefox|1600x900,rv:58.0,Windows 10,firefox,1600x900
ALCATEL ONE TOUCH 7047A Build/JDQ39|UNK|chrome 63.0 for android|UNK,ALCATEL ONE TOUCH 7047A Build/JDQ39,,chrome 63.0 for android,
SM-J510FN|UNK|chrome 64.0 for android|UNK,SM-J510FN,,chrome 64.0 for android,
ZA409|UNK|android browser 4.0|UNK,ZA409,,android browser 4.0,
WAS-LX1A Build/HUAWEIWAS-LX1A|UNK|chrome 64.0 for android|UNK,WAS-LX1A Build/HUAWEIWAS-LX1A,,chrome 64.0 for android,
Blade V6 Build/LRX22G|UNK|chrome 60.0 for android|UNK,Blade V6 Build/LRX22G,,chrome 60.0 for android,
SM-G920V Build/NRD90M|Android 7.0|chrome 64.0 for android|2560x1440,SM-G920V Build/NRD90M,Android 7.0,chrome 64.0 for android,2560x1440
Energy X 2 Build/E050L|UNK|chrome 64.0 for android|UNK,Energy X 2 Build/E050L,,chrome 64.0 for android,
MacOS|Mac OS X 10_12_5|chrome 64.0|2880x1800,MacOS,Mac OS X 10_12_5,chrome 64.0,2880x1800
Windows|Windows 8.1|firefox 58.0|UNK,Windows,Windows 8.1,firefox 58.0,
rv:54.0|Windows 10|firefox|1600x900,rv:54.0,Windows 10,firefox,1600x900
SM-G950U Build/NRD90M|Android 7.0|chrome 64.0 for android|2220x1080,SM-G950U Build/NRD90M,Android 7.0,chrome 64.0 for android,2220x1080
Alcatel_5098O Build/MMB29M|UNK|chrome 61.0 for android|UNK,Alcatel_5098O Build/MMB29M,,chrome 61.0 for android,
LG-H850 Build/MMB29M|UNK|chrome 59.0 for android|UNK,LG-H850 Build/MMB29M,,chrome 59.0 for android,
SAMSUNG-SM-G928A Build/NRD90M|UNK|chrome 63.0 for android|UNK,SAMSUNG-SM-G928A Build/NRD90M,,chrome 63.0 for android,
SAMSUNG-SM-G530AZ Build/LMY48B|UNK|chrome 62.0 for android|UNK,SAMSUNG-SM-G530AZ Build/LMY48B,,chrome 62.0 for android,
Nexus 5 Build/M4B30Z|UNK|chrome 64.0 for android|UNK,Nexus 5 Build/M4B30Z,,chrome 64.0 for android,
SM-J327T1 Build/NRD90M|UNK|chrome 64.0 for android|UNK,SM-J327T1 Build/NRD90M,,chrome 64.0 for android,
Windows|Windows 8.1|opera|1366x768,Windows,Windows 8.1,opera,1366x768
Windows|Windows 10|chrome 64.0|1280x1025,Windows,Windows 10,chrome 64.0,1280x1025
MacOS|Mac OS X 10_11_6|chrome 64.0|1440x900,MacOS,Mac OS X 10_11_6,chrome 64.0,1440x900
rv:58.0|Mac OS X 10.9|firefox 58.0|1366x768,rv:58.0,Mac OS X 10.9,firefox 58.0,1366x768
iOS Device|iOS 11.3.0|mobile safari generic|2224x1668,iOS Device,iOS 11.3.0,mobile safari generic,2224x1668
rv:53.0|Windows 10|firefox|1920x1080,rv:53.0,Windows 10,firefox,1920x1080
SM-J110M Build/LMY48B|UNK|chrome 64.0 for android|UNK,SM-J110M Build/LMY48B,,chrome 64.0 for android,
Windows|Windows 10|chrome 60.0|1440x900,Windows,Windows 10,chrome 60.0,1440x900
rv:58.0|Mac OS X 10.13|firefox 58.0|1024x768,rv:58.0,Mac OS X 10.13,firefox 58.0,1024x768
MacOS|Mac OS X 10_12_6|chrome 64.0|5120x2880,MacOS,Mac OS X 10_12_6,chrome 64.0,5120x2880
SAMSUNG-SM-G930A Build/NRD90M|Android 7.0|chrome 64.0 for android|1280x720,SAMSUNG-SM-G930A Build/NRD90M,Android 7.0,chrome 64.0 for android,1280x720
MacOS|Mac OS X 10_11_5|chrome 64.0|1280x800,MacOS,Mac OS X 10_11_5,chrome 64.0,1280x800
LG-K240 Build/MXB48T|UNK|chrome 58.0 for android|UNK,LG-K240 Build/MXB48T,,chrome 58.0 for android,
Windows|Windows 10|firefox 59.0|1920x1080,Windows,Windows 10,firefox 59.0,1920x1080
Hisense F20 Build/MMB29M|UNK|chrome 64.0 for android|UNK,Hisense F20 Build/MMB29M,,chrome 64.0 for android,
SM-N920G Build/NRD90M|UNK|chrome 64.0 for android|UNK,SM-N920G Build/NRD90M,,chrome 64.0 for android,
Windows|Windows 10|chrome 63.0|1720x1440,Windows,Windows 10,chrome 63.0,1720x1440
GT-I9505 Build/LRX22C|UNK|chrome 58.0 for android|UNK,GT-I9505 Build/LRX22C,,chrome 58.0 for android,
GT-I8200N|UNK|chrome 64.0 for android|UNK,GT-I8200N,,chrome 64.0 for android,
Blade V6 Max Build/MRA58K|UNK|chrome 64.0 for android|UNK,Blade V6 Max Build/MRA58K,,chrome 64.0 for android,
Windows|Windows 8.1|firefox 58.0|1280x720,Windows,Windows 8.1,firefox 58.0,1280x720
SAMSUNG|UNK|samsung browser 5.2|UNK,SAMSUNG,,samsung browser 5.2,
Linux i686|UNK|firefox|UNK,Linux i686,,firefox,
U|UNK|chrome 64.0 for android|UNK,U,,chrome 64.0 for android,
Hisense F102 Build/NRD90M|UNK|chrome 64.0 for android|UNK,Hisense F102 Build/NRD90M,,chrome 64.0 for android,
MacOS|Mac OS X 10_13_3|chrome 64.0|1920x1080,MacOS,Mac OS X 10_13_3,chrome 64.0,1920x1080
SAMSUNG-SM-G890A Build/NRD90M|Android 7.0|chrome 64.0 for android|2560x1440,SAMSUNG-SM-G890A Build/NRD90M,Android 7.0,chrome 64.0 for android,2560x1440
E5606|UNK|chrome 64.0 for android|UNK,E5606,,chrome 64.0 for android,
SM-N910V Build/MMB29M|Android 6.0.1|chrome 64.0 for android|2560x1440,SM-N910V Build/MMB29M,Android 6.0.1,chrome 64.0 for android,2560x1440
XT1021 Build/KXC21.5-40|UNK|chrome 63.0 for android|UNK,XT1021 Build/KXC21.5-40,,chrome 63.0 for android,
Lenovo TB3-710I Build/LMY47I|UNK|chrome 46.0 for android|UNK,Lenovo TB3-710I Build/LMY47I,,chrome 46.0 for android,
5017A|UNK|chrome 64.0 for android|UNK,5017A,,chrome 64.0 for android,
HTC Desire 510 Build/KOT49H|UNK|chrome 64.0 for android|UNK,HTC Desire 510 Build/KOT49H,,chrome 64.0 for android,
GT-P5210 Build/JDQ39|UNK|chrome 64.0 for android|UNK,GT-P5210 Build/JDQ39,,chrome 64.0 for android,
CHC-U03 Build/HuaweiCHC-U03|UNK|other|UNK,CHC-U03 Build/HuaweiCHC-U03,,other,
Windows|Windows 10|firefox 58.0|3200x1800,Windows,Windows 10,firefox 58.0,3200x1800
rv:58.0|Mac OS X 10.9|firefox 58.0|2560x1440,rv:58.0,Mac OS X 10.9,firefox 58.0,2560x1440
MacOS|Mac OS X 10_13_3|chrome 63.0|5120x2880,MacOS,Mac OS X 10_13_3,chrome 63.0,5120x2880
rv:58.0|Mac OS X 10.13|firefox 58.0|3360x2100,rv:58.0,Mac OS X 10.13,firefox 58.0,3360x2100
Redmi 3S Build/MMB29M|UNK|chrome 54.0 for android|UNK,Redmi 3S Build/MMB29M,,chrome 54.0 for android,
Windows|Windows 10|chrome 64.0|3200x1800,Windows,Windows 10,chrome 64.0,3200x1800
rv:55.0|Mac OS X 10.12|firefox 55.0|1440x900,rv:55.0,Mac OS X 10.12,firefox 55.0,1440x900
Windows|Windows 10|chrome 63.0|800x600,Windows,Windows 10,chrome 63.0,800x600
MacOS|Mac OS X 10_12_2|safari generic|2560x1600,MacOS,Mac OS X 10_12_2,safari generic,2560x1600
rv:58.0|Windows 10|firefox|1920x1080,rv:58.0,Windows 10,firefox,1920x1080
MacOS|Mac OS X 10_13_2|chrome 64.0|1440x900,MacOS,Mac OS X 10_13_2,chrome 64.0,1440x900
UNK|Linux|chrome 64.0|2960x1440,,Linux,chrome 64.0,2960x1440
MacOS|Mac OS X 10_13_2|chrome 63.0|1360x768,MacOS,Mac OS X 10_13_2,chrome 63.0,1360x768
MacOS|Mac OS X 10_9_5|chrome 64.0|1440x900,MacOS,Mac OS X 10_9_5,chrome 64.0,1440x900
Windows|Windows 7|firefox 59.0|1366x768,Windows,Windows 7,firefox 59.0,1366x768
HTC One A9s Build/MRA58K|UNK|chrome 64.0 for android|UNK,HTC One A9s Build/MRA58K,,chrome 64.0 for android,
iOS Device|iOS 11.2.2|mobile safari generic|2224x1668,iOS Device,iOS 11.2.2,mobile safari generic,2224x1668
VS987 Build/NRD90U|Android 7.0|chrome 64.0 for android|UNK,VS987 Build/NRD90U,Android 7.0,chrome 64.0 for android,
rv:58.0|Mac OS X 10.11|firefox 58.0|1680x1050,rv:58.0,Mac OS X 10.11,firefox 58.0,1680x1050
MacOS|Mac OS X 10_13_3|safari generic|1920x1200,MacOS,Mac OS X 10_13_3,safari generic,1920x1200
LG-M430 Build/NRD90U|Android 7.0|chrome 64.0 for android|1280x720,LG-M430 Build/NRD90U,Android 7.0,chrome 64.0 for android,1280x720
Windows|Windows 7|chrome 64.0|1152x864,Windows,Windows 7,chrome 64.0,1152x864
Windows|Windows 10|chrome 64.0|1920x1281,Windows,Windows 10,chrome 64.0,1920x1281
WAS-LX3 Build/HUAWEIWAS-LX3|UNK|chrome 61.0 for android|UNK,WAS-LX3 Build/HUAWEIWAS-LX3,,chrome 61.0 for android,
MacOS|Mac OS X 10_13_3|chrome 49.0|1440x900,MacOS,Mac OS X 10_13_3,chrome 49.0,1440x900
UNK|Linux|chrome 64.0|UNK,,Linux,chrome 64.0,
rv:58.0|Mac OS X 10.13|firefox 58.0|2560x1440,rv:58.0,Mac OS X 10.13,firefox 58.0,2560x1440
LGMS210 Build/NRD90U|UNK|chrome 64.0 for android|UNK,LGMS210 Build/NRD90U,,chrome 64.0 for android,
moto x4 Build/OPW27.57-40|UNK|chrome 64.0 for android|UNK,moto x4 Build/OPW27.57-40,,chrome 64.0 for android,
Windows|Windows 10|chrome 59.0|1680x1050,Windows,Windows 10,chrome 59.0,1680x1050
SM-G950F Build/NRD90M|Android 7.0|chrome 63.0 for android|2960x1440,SM-G950F Build/NRD90M,Android 7.0,chrome 63.0 for android,2960x1440
MacOS|Mac OS X 10_13_3|chrome 58.0|2560x1600,MacOS,Mac OS X 10_13_3,chrome 58.0,2560x1600
Windows|Windows 10|chrome 64.0|2048x1152,Windows,Windows 10,chrome 64.0,2048x1152
B1-810|UNK|chrome 61.0 for android|UNK,B1-810,,chrome 61.0 for android,
SM-S727VL Build/MMB29M|Android 6.0.1|chrome 64.0 for android|1280x720,SM-S727VL Build/MMB29M,Android 6.0.1,chrome 64.0 for android,1280x720
LG-H500 Build/LRX21Y|UNK|chrome 64.0 for android|UNK,LG-H500 Build/LRX21Y,,chrome 64.0 for android,
XT1585 Build/NCK25.118-10.5|Android 7.0|chrome 64.0 for android|2560x1440,XT1585 Build/NCK25.118-10.5,Android 7.0,chrome 64.0 for android,2560x1440
SM-G360V Build/LMY48B|Android 5.1.1|chrome 64.0 for android|801x480,SM-G360V Build/LMY48B,Android 5.1.1,chrome 64.0 for android,801x480
Moto G Play Build/NPIS26.48-36-2|UNK|chrome 64.0 for android|UNK,Moto G Play Build/NPIS26.48-36-2,,chrome 64.0 for android,
SM-G532M Build/MMB29T|UNK|chrome 50.0 for android|UNK,SM-G532M Build/MMB29T,,chrome 50.0 for android,
STV100-4 Build/LMY47V|UNK|chrome 64.0 for android|UNK,STV100-4 Build/LMY47V,,chrome 64.0 for android,
Moto C Plus Build/NRD90M.05.034|UNK|chrome 64.0 for android|UNK,Moto C Plus Build/NRD90M.05.034,,chrome 64.0 for android,
iOS Device|iOS 11.1.0|mobile safari generic|2436x1125,iOS Device,iOS 11.1.0,mobile safari generic,2436x1125
gxq6580_weg_l Build/LMY47I|UNK|android browser 4.0|UNK,gxq6580_weg_l Build/LMY47I,,android browser 4.0,
SM-J105B Build/LMY47V|UNK|chrome 59.0 for android|UNK,SM-J105B Build/LMY47V,,chrome 59.0 for android,
SM-T710 Build/NRD90M|UNK|chrome 64.0 for android|UNK,SM-T710 Build/NRD90M,,chrome 64.0 for android,
Redmi 4X Build/N2G47H|UNK|chrome 64.0 for android|UNK,Redmi 4X Build/N2G47H,,chrome 64.0 for android,
LGMP260 Build/NRD90U|UNK|chrome 64.0 for android|UNK,LGMP260 Build/NRD90U,,chrome 64.0 for android,
Vivo|UNK|chrome 64.0 for android|UNK,Vivo,,chrome 64.0 for android,
KFDOWI Build/LVY48F|UNK|chrome generic|UNK,KFDOWI Build/LVY48F,,chrome generic,
iOS Device|iOS 10.3.3|chrome 64.0 for ios|2048x1536,iOS Device,iOS 10.3.3,chrome 64.0 for ios,2048x1536
TA-1004|UNK|UNK|UNK,TA-1004,,,
Blade V6 Build/LRX22G|UNK|chrome 64.0 for android|UNK,Blade V6 Build/LRX22G,,chrome 64.0 for android,
MacOS|Mac OS X 10_11_6|safari generic|2560x1080,MacOS,Mac OS X 10_11_6,safari generic,2560x1080
XT1021 Build/KXC21.5-40|UNK|chrome 61.0 for android|UNK,XT1021 Build/KXC21.5-40,,chrome 61.0 for android,
Windows|Windows 8.1|chrome 64.0|1280x720,Windows,Windows 8.1,chrome 64.0,1280x720
Redmi 4A Build/MMB29M|UNK|chrome 54.0 for android|UNK,Redmi 4A Build/MMB29M,,chrome 54.0 for android,
ALE-L21 Build/HuaweiALE-L21|UNK|android webview 4.0|UNK,ALE-L21 Build/HuaweiALE-L21,,android webview 4.0,
SM-J500M Build/LMY48B|UNK|android browser 4.0|UNK,SM-J500M Build/LMY48B,,android browser 4.0,
Trident/7.0|Windows 8.1|ie 11.0 for desktop|1280x720,Trident/7.0,Windows 8.1,ie 11.0 for desktop,1280x720
SM-G313ML|UNK|other|UNK,SM-G313ML,,other,
MDDRJS|UNK|ie 11.0 for desktop|UNK,MDDRJS,,ie 11.0 for desktop,
E2306 Build/26.1.A.3.111|UNK|chrome 64.0 for android|UNK,E2306 Build/26.1.A.3.111,,chrome 64.0 for android,
Windows|Windows 8|firefox 58.0|1920x1080,Windows,Windows 8,firefox 58.0,1920x1080
MYA-L13 Build/HUAWEIMYA-L13|UNK|chrome 61.0 for android|UNK,MYA-L13 Build/HUAWEIMYA-L13,,chrome 61.0 for android,
Windows|Windows 8.1|firefox 58.0|1440x900,Windows,Windows 8.1,firefox 58.0,1440x900
XT1064 Build/MPB24.65-34-3|UNK|chrome 61.0 for android|UNK,XT1064 Build/MPB24.65-34-3,,chrome 61.0 for android,
ALCATEL ONE TOUCH 5036A Build/JDQ39|UNK|chrome 63.0 for android|UNK,ALCATEL ONE TOUCH 5036A Build/JDQ39,,chrome 63.0 for android,
SM-G530M|UNK|chrome 64.0 for android|UNK,SM-G530M,,chrome 64.0 for android,
MacOS|Mac OS X 10_13_2|chrome 64.0|1680x1050,MacOS,Mac OS X 10_13_2,chrome 64.0,1680x1050
LG-E980h|UNK|chrome 64.0 for android|UNK,LG-E980h,,chrome 64.0 for android,
MacOS|Mac OS X 10_13_2|chrome 58.0|2880x1800,MacOS,Mac OS X 10_13_2,chrome 58.0,2880x1800
LG-H542 Build/MRA58K|UNK|chrome 64.0 for android|UNK,LG-H542 Build/MRA58K,,chrome 64.0 for android,
M4 SS4458 Build/MMB29M|UNK|chrome 64.0 for android|UNK,M4 SS4458 Build/MMB29M,,chrome 64.0 for android,
UNK|Linux|chrome 64.0|1536x864,,Linux,chrome 64.0,1536x864
SM-G900W8|UNK|chrome 64.0 for android|UNK,SM-G900W8,,chrome 64.0 for android,
BAH-L09 Build/HUAWEIBAH-L09|UNK|chrome 64.0 for android|UNK,BAH-L09 Build/HUAWEIBAH-L09,,chrome 64.0 for android,
iOS Device|iOS 11.2.5|mobile safari generic|2224x1668,iOS Device,iOS 11.2.5,mobile safari generic,2224x1668
Z956 Build/MMB29M|UNK|chrome 62.0 for android|UNK,Z956 Build/MMB29M,,chrome 62.0 for android,
DLI-L22 Build/HONORDLI-L22|UNK|chrome 64.0 for android|UNK,DLI-L22 Build/HONORDLI-L22,,chrome 64.0 for android,
iOS Device|iOS 10.1.1|mobile safari generic|1334x750,iOS Device,iOS 10.1.1,mobile safari generic,1334x750
BLN-L24 Build/HONORBLN-L24|UNK|chrome 64.0 for android|UNK,BLN-L24 Build/HONORBLN-L24,,chrome 64.0 for android,
SM-G388F|UNK|chrome 64.0 for android|UNK,SM-G388F,,chrome 64.0 for android,
MacOS|Mac OS X 10_13_2|safari generic|1024x640,MacOS,Mac OS X 10_13_2,safari generic,1024x640
iOS Device|iOS|chrome|2048x1536,iOS Device,iOS,chrome,2048x1536
TA-1038 Build/NMF26O|UNK|chrome 64.0 for android|UNK,TA-1038 Build/NMF26O,,chrome 64.0 for android,
Z832 Build/MMB29M|Android 6.0.1|chrome 63.0 for android|855x480,Z832 Build/MMB29M,Android 6.0.1,chrome 63.0 for android,855x480
rv:58.0|Mac OS X 10.13|firefox 58.0|2880x1800,rv:58.0,Mac OS X 10.13,firefox 58.0,2880x1800
XT1254 Build/MCG24.251-5-5|Android 6.0.1|chrome 64.0 for android|2560x1440,XT1254 Build/MCG24.251-5-5,Android 6.0.1,chrome 64.0 for android,2560x1440
Hisense U963 Build/MRA58K|UNK|chrome 64.0 for android|UNK,Hisense U963 Build/MRA58K,,chrome 64.0 for android,
HTCD160LVWPP|UNK|chrome 64.0 for android|UNK,HTCD160LVWPP,,chrome 64.0 for android,
Lenovo PB2-650Y Build/MRA58K|UNK|chrome 64.0 for android|UNK,Lenovo PB2-650Y Build/MRA58K,,chrome 64.0 for android,
rv:52.0|Windows 8.1|firefox 52.0|1600x900,rv:52.0,Windows 8.1,firefox 52.0,1600x900
HTC Desire 530 Build/MMB29M|UNK|chrome 64.0 for android|UNK,HTC Desire 530 Build/MMB29M,,chrome 64.0 for android,
Lenovo TB3-710F Build/LRX21M|UNK|chrome 55.0 for android|UNK,Lenovo TB3-710F Build/LRX21M,,chrome 55.0 for android,
MacOS|Mac OS X 10_13_2|chrome 64.0|1920x1080,MacOS,Mac OS X 10_13_2,chrome 64.0,1920x1080
Pixel|UNK|chrome 64.0 for android|UNK,Pixel,,chrome 64.0 for android,
LG-D320 Build/KOT49I.V10a|UNK|chrome generic|UNK,LG-D320 Build/KOT49I.V10a,,chrome generic,
Windows|Windows 10|opera|1366x768,Windows,Windows 10,opera,1366x768
Blade A460 Build/LMY47O|UNK|chrome 64.0 for android|UNK,Blade A460 Build/LMY47O,,chrome 64.0 for android,
rv:58.0|Mac OS X 10.9|firefox 58.0|1280x800,rv:58.0,Mac OS X 10.9,firefox 58.0,1280x800
VS995 Build/NRD90M|Android 7.0|chrome 64.0 for android|2560x1440,VS995 Build/NRD90M,Android 7.0,chrome 64.0 for android,2560x1440
rv:11.0|Windows 7|ie 11.0 for desktop|1280x960,rv:11.0,Windows 7,ie 11.0 for desktop,1280x960
UNK|Linux|chrome 64.0|2560x1700,,Linux,chrome 64.0,2560x1700
Hisense L675 Build/MRA58K|UNK|chrome 64.0 for android|UNK,Hisense L675 Build/MRA58K,,chrome 64.0 for android,
HTC One mini Build/KOT49H|UNK|chrome generic|UNK,HTC One mini Build/KOT49H,,chrome generic,
Windows NT 6.1|Windows 7|ie|1371x857,Windows NT 6.1,Windows 7,ie,1371x857
SM-N9500|UNK|chrome 64.0 for android|UNK,SM-N9500,,chrome 64.0 for android,
SAMSUNG-SGH-I337|UNK|chrome 64.0 for android|UNK,SAMSUNG-SGH-I337,,chrome 64.0 for android,
Aquaris|UNK|chrome 64.0 for android|UNK,Aquaris,,chrome 64.0 for android,
LGMP450 Build/NRD90U|Android 7.0|chrome 64.0 for android|1920x1080,LGMP450 Build/NRD90U,Android 7.0,chrome 64.0 for android,1920x1080
Windows|Windows 10|chrome 56.0|1680x1050,Windows,Windows 10,chrome 56.0,1680x1050
Windows|Windows 7|chrome 64.0|1728x972,Windows,Windows 7,chrome 64.0,1728x972
Moto G (4) Build/NPJ25.93-14.7|UNK|samsung browser 6.2|UNK,Moto G (4) Build/NPJ25.93-14.7,,samsung browser 6.2,
Windows|Windows 7|chrome 64.0|2560x1080,Windows,Windows 7,chrome 64.0,2560x1080
SAMSUNG-SGH-I537|UNK|chrome 64.0 for android|UNK,SAMSUNG-SGH-I537,,chrome 64.0 for android,
Windows|Windows 8.1|chrome 64.0|2304x1296,Windows,Windows 8.1,chrome 64.0,2304x1296
LG-LS997 Build/NRD90M|Android 7.0|chrome 64.0 for android|2560x1440,LG-LS997 Build/NRD90M,Android 7.0,chrome 64.0 for android,2560x1440
F8331 Build/41.2.A.7.76|UNK|chrome 64.0 for android|UNK,F8331 Build/41.2.A.7.76,,chrome 64.0 for android,
5042A|UNK|chrome 64.0 for android|UNK,5042A,,chrome 64.0 for android,
E2104|UNK|chrome 64.0 for android|UNK,E2104,,chrome 64.0 for android,
SM-G903W|UNK|chrome 64.0 for android|UNK,SM-G903W,,chrome 64.0 for android,
orbis|UNK|chrome 64.0 for android|UNK,orbis,,chrome 64.0 for android,
E6553|UNK|chrome 64.0 for android|UNK,E6553,,chrome 64.0 for android,
LG-D693n Build/LRX22G|UNK|chrome 57.0 for android|UNK,LG-D693n Build/LRX22G,,chrome 57.0 for android,
MacOS|Mac|chrome 64.0|1280x800,MacOS,Mac,chrome 64.0,1280x800
SM-G550T1 Build/MMB29K|UNK|chrome 61.0 for android|UNK,SM-G550T1 Build/MMB29K,,chrome 61.0 for android,
SM-T113NU Build/KTU84P|UNK|chrome 55.0 for android|UNK,SM-T113NU Build/KTU84P,,chrome 55.0 for android,
iOS Device|iOS 11.2.5|mobile safari uiwebview|2208x1242,iOS Device,iOS 11.2.5,mobile safari uiwebview,2208x1242
MacOS|Mac OS X 10_11_6|chrome 64.0|1152x648,MacOS,Mac OS X 10_11_6,chrome 64.0,1152x648
SM-G550T1 Build/MMB29K|UNK|chrome 64.0 for android|UNK,SM-G550T1 Build/MMB29K,,chrome 64.0 for android,
Blade V6 Max Build/MRA58K|UNK|chrome 61.0 for android|UNK,Blade V6 Max Build/MRA58K,,chrome 61.0 for android,
SM-G955U Build/NRD90M|Android 7.0|chrome 64.0 for android|2220x1080,SM-G955U Build/NRD90M,Android 7.0,chrome 64.0 for android,2220x1080
Hisense F20 Build/MMB29M|UNK|chrome 59.0 for android|UNK,Hisense F20 Build/MMB29M,,chrome 59.0 for android,
Blade V580 Build/LMY47D|UNK|chrome 58.0 for android|UNK,Blade V580 Build/LMY47D,,chrome 58.0 for android,
LG-K430 Build/MRA58K|UNK|chrome 64.0 for android|UNK,LG-K430 Build/MRA58K,,chrome 64.0 for android,
Z410|UNK|chrome 51.0 for android|UNK,Z410,,chrome 51.0 for android,
BLN-L21 Build/HONORBLN-L21|UNK|chrome 64.0 for android|UNK,BLN-L21 Build/HONORBLN-L21,,chrome 64.0 for android,
SM-G355M Build/KOT49H|UNK|chrome 64.0 for android|UNK,SM-G355M Build/KOT49H,,chrome 64.0 for android,
5011A Build/NRD90M|UNK|chrome 64.0 for android|UNK,5011A Build/NRD90M,,chrome 64.0 for android,
SM-G730V|UNK|chrome 61.0 for android|UNK,SM-G730V,,chrome 61.0 for android,
SM-N950F Build/NMF26X|UNK|chrome 59.0 for android|UNK,SM-N950F Build/NMF26X,,chrome 59.0 for android,
SM-N920A Build/MMB29K|UNK|chrome 64.0 for android|UNK,SM-N920A Build/MMB29K,,chrome 64.0 for android,
Windows|Windows 10|chrome 64.0|2560x1080,Windows,Windows 10,chrome 64.0,2560x1080
iOS Device|iOS|mobile safari generic|1136x640,iOS Device,iOS,mobile safari generic,1136x640
SM-T530NU Build/LRX22G|Android 5.0.2|chrome 64.0 for android|1280x800,SM-T530NU Build/LRX22G,Android 5.0.2,chrome 64.0 for android,1280x800
HUAWEI G7-L03 Build/HuaweiG7-L03|UNK|chrome 64.0 for android|UNK,HUAWEI G7-L03 Build/HuaweiG7-L03,,chrome 64.0 for android,
UNK|Android|silk|UNK,,Android,silk,
UNK|UNK|safari generic|2048x1536,,,safari generic,2048x1536
ALUMINI|UNK|chrome 43.0 for android|UNK,ALUMINI,,chrome 43.0 for android,
MacOS|Mac OS X 10_9_5|chrome 64.0|1280x800,MacOS,Mac OS X 10_9_5,chrome 64.0,1280x800
MacOS|Mac OS X 10_13_2|chrome 64.0|2560x1600,MacOS,Mac OS X 10_13_2,chrome 64.0,2560x1600
ALP-L09 Build/HUAWEIALP-L09|UNK|samsung browser 6.2|UNK,ALP-L09 Build/HUAWEIALP-L09,,samsung browser 6.2,
SM-G928V Build/MMB29K|UNK|chrome 64.0 for android|UNK,SM-G928V Build/MMB29K,,chrome 64.0 for android,
Windows|Windows 10|UNK|1920x1080,Windows,Windows 10,,1920x1080
SM-G900M Build/LRX21T|UNK|chrome 55.0 for android|UNK,SM-G900M Build/LRX21T,,chrome 55.0 for android,
9003A Build/MRA58K|UNK|chrome 62.0 for android|UNK,9003A Build/MRA58K,,chrome 62.0 for android,
SAMSUNG SM-N950U Build/NMF26X|Android 7.1.1|samsung browser generic|UNK,SAMSUNG SM-N950U Build/NMF26X,Android 7.1.1,samsung browser generic,
9008A Build/NRD90M|UNK|chrome 55.0 for android|UNK,9008A Build/NRD90M,,chrome 55.0 for android,
IdeaTabA2109A|UNK|chrome 63.0 for android|UNK,IdeaTabA2109A,,chrome 63.0 for android,
SM-N950U Build/NMF26X|UNK|chrome 64.0 for android|UNK,SM-N950U Build/NMF26X,,chrome 64.0 for android,
iOS Device|iOS 10.0.2|mobile safari generic|2208x1242,iOS Device,iOS 10.0.2,mobile safari generic,2208x1242
moto x4 Build/NPW26.83-18-2-0-4|UNK|chrome 64.0 for android|UNK,moto x4 Build/NPW26.83-18-2-0-4,,chrome 64.0 for android,
ALCATEL ONE TOUCH 5036A Build/JDQ39|UNK|chrome 61.0 for android|UNK,ALCATEL ONE TOUCH 5036A Build/JDQ39,,chrome 61.0 for android,
XT1580|UNK|chrome 64.0 for android|UNK,XT1580,,chrome 64.0 for android,
SM-J700T Build/NMF26X|Android 7.1.1|chrome 64.0 for android|1280x720,SM-J700T Build/NMF26X,Android 7.1.1,chrome 64.0 for android,1280x720
SM-T350 Build/NMF26X|Android 7.1.1|chrome 64.0 for android|1024x768,SM-T350 Build/NMF26X,Android 7.1.1,chrome 64.0 for android,1024x768
Windows|Windows 10|firefox 58.0|UNK,Windows,Windows 10,firefox 58.0,
G3223 Build/42.0.A.4.167|UNK|chrome 64.0 for android|UNK,G3223 Build/42.0.A.4.167,,chrome 64.0 for android,
SM-G935F Build/MMB29K|UNK|chrome 64.0 for android|UNK,SM-G935F Build/MMB29K,,chrome 64.0 for android,
XT1064 Build/MPB24.65-34-3|UNK|chrome 64.0 for android|UNK,XT1064 Build/MPB24.65-34-3,,chrome 64.0 for android,
XT1058 Build/LPAS23.12-21.7-1|UNK|chrome 64.0 for android|UNK,XT1058 Build/LPAS23.12-21.7-1,,chrome 64.0 for android,
XT1650|Android 7.1.1|chrome 64.0 for android|UNK,XT1650,Android 7.1.1,chrome 64.0 for android,
SM-G920P Build/NRD90M|Android 7.0|chrome 64.0 for android|2560x1440,SM-G920P Build/NRD90M,Android 7.0,chrome 64.0 for android,2560x1440
LG-M710 Build/NRD90U|UNK|chrome 64.0 for android|UNK,LG-M710 Build/NRD90U,,chrome 64.0 for android,
XT1254|UNK|chrome 64.0 for android|UNK,XT1254,,chrome 64.0 for android,
rv:59.0|UNK|firefox|UNK,rv:59.0,,firefox,
BLU STUDIO C 5+5 Build/LRX21M|UNK|chrome 64.0 for android|UNK,BLU STUDIO C 5+5 Build/LRX21M,,chrome 64.0 for android,
LG-H500 Build/LRX21Y|UNK|chrome 60.0 for android|UNK,LG-H500 Build/LRX21Y,,chrome 60.0 for android,
SM-G928P Build/NRD90M|Android 7.0|chrome 64.0 for android|UNK,SM-G928P Build/NRD90M,Android 7.0,chrome 64.0 for android,
G3313|UNK|chrome 63.0 for android|UNK,G3313,,chrome 63.0 for android,
SM-J701M Build/NRD90M|UNK|chrome 58.0 for android|UNK,SM-J701M Build/NRD90M,,chrome 58.0 for android,
MacOS|Mac OS X 10_13_3|chrome 64.0|3360x2100,MacOS,Mac OS X 10_13_3,chrome 64.0,3360x2100
SM-J510FN Build/NMF26X|UNK|chrome 64.0 for android|UNK,SM-J510FN Build/NMF26X,,chrome 64.0 for android,
Blade L5 Build/LMY47I|UNK|chrome 43.0 for android|UNK,Blade L5 Build/LMY47I,,chrome 43.0 for android,
Windows|Windows 10|opera|1920x1080,Windows,Windows 10,opera,1920x1080
M4|UNK|chrome 64.0 for android|UNK,M4,,chrome 64.0 for android,
SM-G550T Build/MMB29K|Android 6.0.1|chrome 64.0 for android|1280x720,SM-G550T Build/MMB29K,Android 6.0.1,chrome 64.0 for android,1280x720
LG-H520|UNK|chrome 64.0 for android|UNK,LG-H520,,chrome 64.0 for android,
HTC One mini Build/KOT49H|UNK|chrome 64.0 for android|UNK,HTC One mini Build/KOT49H,,chrome 64.0 for android,
NEM-L51 Build/HONORNEM-L51|UNK|chrome 64.0 for android|UNK,NEM-L51 Build/HONORNEM-L51,,chrome 64.0 for android,
LG-M250 Build/NRD90U|UNK|chrome 55.0 for android|UNK,LG-M250 Build/NRD90U,,chrome 55.0 for android,
Aquaris_A4.5|UNK|chrome 63.0 for android|UNK,Aquaris_A4.5,,chrome 63.0 for android,
SM-A510M Build/MMB29K|UNK|chrome 64.0 for android|UNK,SM-A510M Build/MMB29K,,chrome 64.0 for android,
SM-G928T Build/NRD90M|Android 7.0|chrome 64.0 for android|UNK,SM-G928T Build/NRD90M,Android 7.0,chrome 64.0 for android,
SAMSUNG-SM-G920A Build/NRD90M|Android 7.0|chrome 64.0 for android|2560x1440,SAMSUNG-SM-G920A Build/NRD90M,Android 7.0,chrome 64.0 for android,2560x1440
SM-J500G|UNK|chrome 55.0 for android|UNK,SM-J500G,,chrome 55.0 for android,
SM-A320FL Build/NRD90M|UNK|chrome 64.0 for android|UNK,SM-A320FL Build/NRD90M,,chrome 64.0 for android,
ALUMINI|UNK|chrome 63.0 for android|UNK,ALUMINI,,chrome 63.0 for android,
Ilium X510 Build/MRA58K|UNK|chrome 61.0 for android|UNK,Ilium X510 Build/MRA58K,,chrome 61.0 for android,
rv:58.0|UNK|Generic/Android|UNK,rv:58.0,,Generic/Android,
Hisense T963 Build/MRA58K|UNK|chrome 64.0 for android|UNK,Hisense T963 Build/MRA58K,,chrome 64.0 for android,
SM-J200H|UNK|chrome 63.0 for android|UNK,SM-J200H,,chrome 63.0 for android,
8080 Build/LRX21M|UNK|chrome 64.0 for android|UNK,8080 Build/LRX21M,,chrome 64.0 for android,
SM-G530FZ|UNK|chrome 64.0 for android|UNK,SM-G530FZ,,chrome 64.0 for android,
Android|UNK|UNK|UNK,Android,,,
SM-G900M Build/MMB29M|UNK|chrome 64.0 for android|UNK,SM-G900M Build/MMB29M,,chrome 64.0 for android,
Mi|UNK|chrome 64.0 for android|UNK,Mi,,chrome 64.0 for android,
XT1053 Build/LPAS23.12-21.7-1|UNK|chrome 64.0 for android|UNK,XT1053 Build/LPAS23.12-21.7-1,,chrome 64.0 for android,
LOGIC|UNK|android webview 4.0|UNK,LOGIC,,android webview 4.0,
XT1650 Build/NPLS26.118-20-5-3|UNK|chrome 64.0 for android|UNK,XT1650 Build/NPLS26.118-20-5-3,,chrome 64.0 for android,
Pixel 2 Build/OPM1.171019.019|UNK|chrome 64.0 for android|UNK,Pixel 2 Build/OPM1.171019.019,,chrome 64.0 for android,
ASUS_X00DDA|UNK|chrome 64.0 for android|UNK,ASUS_X00DDA,,chrome 64.0 for android,
HUAWEI Y360-U23 Build/HUAWEIY360-U23|UNK|chrome 62.0 for android|UNK,HUAWEI Y360-U23 Build/HUAWEIY360-U23,,chrome 62.0 for android,
rv:58.0|Android 6.0.1|firefox|1920x1080,rv:58.0,Android 6.0.1,firefox,1920x1080
SM-G930V Build/NRD90M|Android 7.0|chrome 64.0 for android|UNK,SM-G930V Build/NRD90M,Android 7.0,chrome 64.0 for android,
Moto C Build/NRD90M.063|UNK|chrome 58.0 for android|UNK,Moto C Build/NRD90M.063,,chrome 58.0 for android,
SAMSUNG-SM-J320AZ|UNK|chrome 64.0 for android|UNK,SAMSUNG-SM-J320AZ,,chrome 64.0 for android,
SM-N950U Build/NMF26X|Android 7.1.1|chrome 64.0 for android|2220x1080,SM-N950U Build/NMF26X,Android 7.1.1,chrome 64.0 for android,2220x1080
GT-N8000|UNK|chrome 59.0 for android|UNK,GT-N8000,,chrome 59.0 for android,
Z981 Build/MMB29M|UNK|chrome 64.0 for android|UNK,Z981 Build/MMB29M,,chrome 64.0 for android,
rv:46.0|UNK|firefox|UNK,rv:46.0,,firefox,
ALE-L23 Build/HuaweiALE-L23|UNK|chrome 58.0 for android|UNK,ALE-L23 Build/HuaweiALE-L23,,chrome 58.0 for android,
E2306 Build/26.1.A.3.111|UNK|chrome 56.0 for android|UNK,E2306 Build/26.1.A.3.111,,chrome 56.0 for android,
GT-I9300|UNK|chrome 64.0 for android|UNK,GT-I9300,,chrome 64.0 for android,
Lenovo|UNK|chrome 53.0 for android|UNK,Lenovo,,chrome 53.0 for android,
Lenovo|UNK|chrome 64.0 for android|UNK,Lenovo,,chrome 64.0 for android,
E6653 Build/32.4.A.1.54|UNK|chrome 64.0 for android|UNK,E6653 Build/32.4.A.1.54,,chrome 64.0 for android,
F3113 Build/33.3.A.1.97|UNK|android webview 4.0|UNK,F3113 Build/33.3.A.1.97,,android webview 4.0,
Z981 Build/MMB29M|UNK|chrome 58.0 for android|UNK,Z981 Build/MMB29M,,chrome 58.0 for android,
M4 SS4450 Build/MRA58K|UNK|chrome 59.0 for android|UNK,M4 SS4450 Build/MRA58K,,chrome 59.0 for android,
NXA8QC116|Android 5.0|chrome 64.0 for android|1280x800,NXA8QC116,Android 5.0,chrome 64.0 for android,1280x800
SM-G935F Build/NRD90M|Android 7.0|chrome 64.0 for android|2560x1440,SM-G935F Build/NRD90M,Android 7.0,chrome 64.0 for android,2560x1440
AERIAL|UNK|chrome 64.0 for android|UNK,AERIAL,,chrome 64.0 for android,
rv:58.0|Mac OS X 10.12|firefox 58.0|2560x1600,rv:58.0,Mac OS X 10.12,firefox 58.0,2560x1600
iOS Device|iOS 11.2.6|mobile safari generic|2208x1242,iOS Device,iOS 11.2.6,mobile safari generic,2208x1242
rv:58.0|Windows 8.1|firefox 58.0|1366x768,rv:58.0,Windows 8.1,firefox 58.0,1366x768
SM-G930P Build/NRD90M|Android 7.0|chrome 64.0 for android|2560x1440,SM-G930P Build/NRD90M,Android 7.0,chrome 64.0 for android,2560x1440
xs-Z47b7VqTMxs|Windows 7|ie 11.0 for desktop|UNK,xs-Z47b7VqTMxs,Windows 7,ie 11.0 for desktop,
Windows|Windows 8.1|chrome 64.0|1440x900,Windows,Windows 8.1,chrome 64.0,1440x900
LG-H840 Build/NRD90U|UNK|chrome 64.0 for android|UNK,LG-H840 Build/NRD90U,,chrome 64.0 for android,
S70V|UNK|chrome generic|UNK,S70V,,chrome generic,
KFASWI Build/LVY48F|UNK|chrome generic|UNK,KFASWI Build/LVY48F,,chrome generic,
Linux|UNK|chromium|UNK,Linux,,chromium,
SM-T377V Build/NMF26X|Android 7.1.1|chrome 64.0 for android|UNK,SM-T377V Build/NMF26X,Android 7.1.1,chrome 64.0 for android,
ASUS_X008DC Build/NRD90M|UNK|chrome 64.0 for android|UNK,ASUS_X008DC Build/NRD90M,,chrome 64.0 for android,
Redmi Note 3 Build/MMB29M|UNK|chrome 64.0 for android|UNK,Redmi Note 3 Build/MMB29M,,chrome 64.0 for android,
UNK|Linux|chrome 64.0|1366x768,,Linux,chrome 64.0,1366x768
S.N.O.W.4|Windows 7|ie 11.0 for desktop|1680x1050,S.N.O.W.4,Windows 7,ie 11.0 for desktop,1680x1050
moto x4 Build/NPW26.83-42|UNK|chrome 64.0 for android|UNK,moto x4 Build/NPW26.83-42,,chrome 64.0 for android,
8062 Build/MRA58K|UNK|chrome 64.0 for android|UNK,8062 Build/MRA58K,,chrome 64.0 for android,
LG-D400|UNK|chrome 64.0 for android|UNK,LG-D400,,chrome 64.0 for android,
SM-G928V|UNK|chrome 64.0 for android|UNK,SM-G928V,,chrome 64.0 for android,
iOS Device|iOS 11.2.2|chrome|2048x1536,iOS Device,iOS 11.2.2,chrome,2048x1536
rv:58.0|Mac OS X 10.12|firefox 58.0|4096x2304,rv:58.0,Mac OS X 10.12,firefox 58.0,4096x2304
Lenovo A2016b30 Build/MRA58K|UNK|chrome 55.0 for android|UNK,Lenovo A2016b30 Build/MRA58K,,chrome 55.0 for android,
Windows|Windows 7|chrome 63.0|1728x972,Windows,Windows 7,chrome 63.0,1728x972
Windows|Windows 8.1|chrome 63.0|1408x880,Windows,Windows 8.1,chrome 63.0,1408x880
SM-N920T Build/NRD90M|UNK|chrome 64.0 for android|UNK,SM-N920T Build/NRD90M,,chrome 64.0 for android,
SM-T230 Build/KOT49H|UNK|chrome 64.0 for android|UNK,SM-T230 Build/KOT49H,,chrome 64.0 for android,
MacOS|Mac OS X 10_12_6|chrome 64.0|2880x1800,MacOS,Mac OS X 10_12_6,chrome 64.0,2880x1800
SAMSUNG-SM-G930AZ|UNK|chrome 63.0 for android|UNK,SAMSUNG-SM-G930AZ,,chrome 63.0 for android,
iris 870 Build/MRA58K|UNK|chrome 64.0 for android|UNK,iris 870 Build/MRA58K,,chrome 64.0 for android,
XT1008 Build/LPBS23.13-56-2|UNK|chrome 63.0 for android|UNK,XT1008 Build/LPBS23.13-56-2,,chrome 63.0 for android,
SM-G900V|UNK|chrome 64.0 for android|UNK,SM-G900V,,chrome 64.0 for android,
XT1572 Build/NPHS25.200-15-8|UNK|chrome 64.0 for android|UNK,XT1572 Build/NPHS25.200-15-8,,chrome 64.0 for android,
MacOS|Mac|chrome 64.0|1440x900,MacOS,Mac,chrome 64.0,1440x900
SM-G800F Build/MMB29K|UNK|chrome 64.0 for android|UNK,SM-G800F Build/MMB29K,,chrome 64.0 for android,
LG-D850|UNK|chrome 64.0 for android|UNK,LG-D850,,chrome 64.0 for android,
Moto Z2 Play Build/NPSS26.118-19-11|UNK|chrome 64.0 for android|UNK,Moto Z2 Play Build/NPSS26.118-19-11,,chrome 64.0 for android,
MacOS|Mac OS X 10_12_3|chrome 64.0|2560x1600,MacOS,Mac OS X 10_12_3,chrome 64.0,2560x1600
iOS Device|iOS 11.2.6|mobile safari generic|1334x750,iOS Device,iOS 11.2.6,mobile safari generic,1334x750
rv:58.0|Mac OS X 10.10|firefox 58.0|2560x1600,rv:58.0,Mac OS X 10.10,firefox 58.0,2560x1600
Windows|other|chrome generic|1280x800,Windows,other,chrome generic,1280x800
MacOS|Mac OS X 10_13_3|chrome 64.0|2048x1152,MacOS,Mac OS X 10_13_3,chrome 64.0,2048x1152
MacOS|Mac OS X 10_12_6|chrome 64.0|3360x2100,MacOS,Mac OS X 10_12_6,chrome 64.0,3360x2100
Hisense F20 Build/MMB29M|UNK|chrome 61.0 for android|UNK,Hisense F20 Build/MMB29M,,chrome 61.0 for android,
MacOS|Mac OS X 10_12_6|chrome 64.0|1920x1200,MacOS,Mac OS X 10_12_6,chrome 64.0,1920x1200
SAMSUNG SM-J120H Build/LMY47V|UNK|other|UNK,SAMSUNG SM-J120H Build/LMY47V,,other,
VS501 Build/NRD90U|Android 7.0|chrome 64.0 for android|1280x720,VS501 Build/NRD90U,Android 7.0,chrome 64.0 for android,1280x720
Z837VL|UNK|android webview 4.0|UNK,Z837VL,,android webview 4.0,
SGH-I337M Build/LRX22C|UNK|chrome 64.0 for android|UNK,SGH-I337M Build/LRX22C,,chrome 64.0 for android,
MacOS|Mac OS X 10_13_4|chrome 64.0|1440x900,MacOS,Mac OS X 10_13_4,chrome 64.0,1440x900
SM-T330NU Build/LMY47X|UNK|chrome generic|UNK,SM-T330NU Build/LMY47X,,chrome generic,
Mi A1 Build/N2G47H|UNK|chrome 64.0 for android|UNK,Mi A1 Build/N2G47H,,chrome 64.0 for android,
D6603|UNK|chrome 57.0 for android|UNK,D6603,,chrome 57.0 for android,
MacOS|Mac OS X 10_13_3|chrome 64.0|1280x800,MacOS,Mac OS X 10_13_3,chrome 64.0,1280x800
ZTE BLADE V8 MINI Build/NRD90M|UNK|chrome 64.0 for android|UNK,ZTE BLADE V8 MINI Build/NRD90M,,chrome 64.0 for android,
SM-T550 Build/NMF26X|Android 7.1.1|chrome 64.0 for android|1024x768,SM-T550 Build/NMF26X,Android 7.1.1,chrome 64.0 for android,1024x768
TA-1044|UNK|chrome 64.0 for android|UNK,TA-1044,,chrome 64.0 for android,
iOS Device|iOS 11.0.1|mobile safari generic|2224x1668,iOS Device,iOS 11.0.1,mobile safari generic,2224x1668
MHA-L09 Build/HUAWEIMHA-L09|UNK|chrome 64.0 for android|UNK,MHA-L09 Build/HUAWEIMHA-L09,,chrome 64.0 for android,
SM-T350 Build/NMF26X|UNK|chrome 64.0 for android|UNK,SM-T350 Build/NMF26X,,chrome 64.0 for android,
Y635-L03 Build/HuaweiY635-L03|UNK|chrome 50.0 for android|UNK,Y635-L03 Build/HuaweiY635-L03,,chrome 50.0 for android,
SM-A320Y|UNK|chrome 64.0 for android|UNK,SM-A320Y,,chrome 64.0 for android,
Windows|Linux|chrome generic|640x360,Windows,Linux,chrome generic,640x360
ILIUM|UNK|chrome 64.0 for android|UNK,ILIUM,,chrome 64.0 for android,
HUAWEI VNS-L23 Build/HUAWEIVNS-L23|UNK|opera|UNK,HUAWEI VNS-L23 Build/HUAWEIVNS-L23,,opera,
Windows|Windows 8|chrome 64.0|1920x1080,Windows,Windows 8,chrome 64.0,1920x1080
E6810 Build/5.320VZ.03.r|Android 7.1.2|chrome 58.0 for android|1920x1080,E6810 Build/5.320VZ.03.r,Android 7.1.2,chrome 58.0 for android,1920x1080
XT1635-02|Android 7.1.1|chrome 55.0 for android|640x360,XT1635-02,Android 7.1.1,chrome 55.0 for android,640x360
Moto G (5) Plus Build/NPNS25.137-92-4|UNK|chrome generic|UNK,Moto G (5) Plus Build/NPNS25.137-92-4,,chrome generic,
VTR-AL00 Build/HUAWEIVTR-AL00|UNK|android browser 4.0|UNK,VTR-AL00 Build/HUAWEIVTR-AL00,,android browser 4.0,
MacOS|Mac OS X 10_13_3|safari generic|3840x2160,MacOS,Mac OS X 10_13_3,safari generic,3840x2160
MYA-L03 Build/HUAWEIMYA-L03|UNK|chrome 64.0 for android|UNK,MYA-L03 Build/HUAWEIMYA-L03,,chrome 64.0 for android,
E5823 Build/32.4.A.1.54|UNK|chrome 64.0 for android|UNK,E5823 Build/32.4.A.1.54,,chrome 64.0 for android,
Windows|Windows 10|firefox 58.0|2560x1440,Windows,Windows 10,firefox 58.0,2560x1440
Windows|Windows 8|firefox 58.0|UNK,Windows,Windows 8,firefox 58.0,
SM-S727VL Build/MMB29M|UNK|chrome 64.0 for android|UNK,SM-S727VL Build/MMB29M,,chrome 64.0 for android,
rv:58.0|Windows 10|firefox|1680x1050,rv:58.0,Windows 10,firefox,1680x1050
Windows|Windows 10|palemoon|1920x1080,Windows,Windows 10,palemoon,1920x1080
SAMSUNG SM-J510MN Build/MMB29M|UNK|other|UNK,SAMSUNG SM-J510MN Build/MMB29M,,other,
Windows|Windows 7|chrome 64.0|1280x768,Windows,Windows 7,chrome 64.0,1280x768
Hisense F32 Build/NMF26F|UNK|chrome 64.0 for android|UNK,Hisense F32 Build/NMF26F,,chrome 64.0 for android,
MacOS|Mac OS X 10_13_1|chrome 64.0|3840x2160,MacOS,Mac OS X 10_13_1,chrome 64.0,3840x2160
SM-T217S Build/KOT49H|Android 4.4.2|chrome 64.0 for android|1024x600,SM-T217S Build/KOT49H,Android 4.4.2,chrome 64.0 for android,1024x600
F5121 Build/34.3.A.0.238|UNK|android webview 4.0|UNK,F5121 Build/34.3.A.0.238,,android webview 4.0,
MacOS|Mac OS X 10_13_3|safari generic|2048x1280,MacOS,Mac OS X 10_13_3,safari generic,2048x1280
MacOS|Mac OS X 10_13_1|chrome 64.0|2560x1600,MacOS,Mac OS X 10_13_1,chrome 64.0,2560x1600
SAMSUNG SM-A320FL Build/NRD90M|UNK|samsung browser generic|UNK,SAMSUNG SM-A320FL Build/NRD90M,,samsung browser generic,
Windows|Windows Vista|chrome 49.0|1280x768,Windows,Windows Vista,chrome 49.0,1280x768
TA-1025 Build/NMF26F|UNK|chrome 64.0 for android|UNK,TA-1025 Build/NMF26F,,chrome 64.0 for android,
B3-A40|UNK|chrome 64.0 for android|UNK,B3-A40,,chrome 64.0 for android,
HTC One A9s Build/MRA58K|UNK|chrome 62.0 for android|UNK,HTC One A9s Build/MRA58K,,chrome 62.0 for android,
C6906|UNK|chrome 64.0 for android|UNK,C6906,,chrome 64.0 for android,
ZUUM_ZEN_I Build/LRX21M|UNK|chrome generic|UNK,ZUUM_ZEN_I Build/LRX21M,,chrome generic,
B3-A20|UNK|chrome 50.0 for android|UNK,B3-A20,,chrome 50.0 for android,
CHC-U03 Build/HuaweiCHC-U03|UNK|chrome generic|UNK,CHC-U03 Build/HuaweiCHC-U03,,chrome generic,
Windows|Windows 7|chrome 64.0|1920x975,Windows,Windows 7,chrome 64.0,1920x975
MacOS|Mac OS X 10_11_6|chrome 64.0|2560x1440,MacOS,Mac OS X 10_11_6,chrome 64.0,2560x1440
MacOS|Mac OS X 10_11_4|chrome 64.0|1920x1080,MacOS,Mac OS X 10_11_4,chrome 64.0,1920x1080
XT1063 Build/MPB24.65-34|UNK|chrome 64.0 for android|UNK,XT1063 Build/MPB24.65-34,,chrome 64.0 for android,
SM-T110 Build/JDQ39|UNK|chrome 64.0 for android|UNK,SM-T110 Build/JDQ39,,chrome 64.0 for android,
Windows|Windows 8.1|chrome 64.0|2160x1440,Windows,Windows 8.1,chrome 64.0,2160x1440
UNK|UNK|opera 51.0|UNK,,,opera 51.0,
SM-J727T Build/NRD90M|Android 7.0|chrome 64.0 for android|1280x720,SM-J727T Build/NRD90M,Android 7.0,chrome 64.0 for android,1280x720
Windows|Windows 10|chrome 64.0|3440x1440,Windows,Windows 10,chrome 64.0,3440x1440
en-gb|Android 4.4.2|chrome generic|1920x1080,en-gb,Android 4.4.2,chrome generic,1920x1080
Windows|Windows 8|firefox 58.0|1366x768,Windows,Windows 8,firefox 58.0,1366x768
SAMSUNG SM-N950F Build/NMF26X|UNK|samsung browser generic|UNK,SAMSUNG SM-N950F Build/NMF26X,,samsung browser generic,
SM-J110M Build/LMY48B|UNK|chrome 57.0 for android|UNK,SM-J110M Build/LMY48B,,chrome 57.0 for android,
P008 Build/NRD90M|Android 7.0|chrome 64.0 for android|UNK,P008 Build/NRD90M,Android 7.0,chrome 64.0 for android,
LG-D693n|UNK|chrome 64.0 for android|UNK,LG-D693n,,chrome 64.0 for android,
SAMSUNG-SM-G530AZ Build/LMY48B|UNK|chrome generic|UNK,SAMSUNG-SM-G530AZ Build/LMY48B,,chrome generic,
Windows|Windows 7|firefox 58.0|2560x1440,Windows,Windows 7,firefox 58.0,2560x1440
Windows|Windows 10|edge 13.0|1440x900,Windows,Windows 10,edge 13.0,1440x900
SAMSUNG SM-J701M Build/NRD90M|UNK|samsung browser generic|UNK,SAMSUNG SM-J701M Build/NRD90M,,samsung browser generic,
H1711 Build/HUAWEIH1711|UNK|chrome 64.0 for android|UNK,H1711 Build/HUAWEIH1711,,chrome 64.0 for android,
SM-T320 Build/KOT49H|UNK|chrome 64.0 for android|UNK,SM-T320 Build/KOT49H,,chrome 64.0 for android,
FRD-L04 Build/HUAWEIFRD-L04|UNK|chrome 64.0 for android|UNK,FRD-L04 Build/HUAWEIFRD-L04,,chrome 64.0 for android,
SAMSUNG SM-G930P Build/NRD90M|Android 7.0|samsung browser generic|1920x1080,SAMSUNG SM-G930P Build/NRD90M,Android 7.0,samsung browser generic,1920x1080
Pixel 2 Build/OPM1.171019.019|Android 8.1.0|chrome 64.0 for android|UNK,Pixel 2 Build/OPM1.171019.019,Android 8.1.0,chrome 64.0 for android,
LG-M700 Build/NMF26X|UNK|chrome 61.0 for android|UNK,LG-M700 Build/NMF26X,,chrome 61.0 for android,
Blade L2 Plus Build/KOT49H|UNK|chrome 64.0 for android|UNK,Blade L2 Plus Build/KOT49H,,chrome 64.0 for android,
GT-S5310L|UNK|chrome 55.0 for android|UNK,GT-S5310L,,chrome 55.0 for android,
VS5012 Build/NRD90M|UNK|chrome 64.0 for android|UNK,VS5012 Build/NRD90M,,chrome 64.0 for android,
SAMSUNG SM-G930A Build/NRD90M|Android 7.0|samsung browser generic|1920x1080,SAMSUNG SM-G930A Build/NRD90M,Android 7.0,samsung browser generic,1920x1080
Moto G (5S|UNK|android webview 4.0|UNK,Moto G (5S,,android webview 4.0,
C1904|UNK|chrome 60.0 for android|UNK,C1904,,chrome 60.0 for android,
MacOS|Mac OS X 10_13_1|chrome 64.0|3360x1890,MacOS,Mac OS X 10_13_1,chrome 64.0,3360x1890
iOS Device|iOS 11.2.6|mobile safari generic|2436x1125,iOS Device,iOS 11.2.6,mobile safari generic,2436x1125
Windows|Windows 8.1|chrome 64.0|1600x900,Windows,Windows 8.1,chrome 64.0,1600x900
MacOS|Mac OS X 10_13_3|chrome 64.0|2560x1440,MacOS,Mac OS X 10_13_3,chrome 64.0,2560x1440
LGMS210 Build/NRD90U|Android 7.0|chrome 64.0 for android|1280x720,LGMS210 Build/NRD90U,Android 7.0,chrome 64.0 for android,1280x720
SM-T585|UNK|chrome 64.0 for android|UNK,SM-T585,,chrome 64.0 for android,
Intel|Mac|safari|1680x1050,Intel,Mac,safari,1680x1050
SAMSUNG-SM-G900A Build/LRX21T|Android 5.0|chrome 64.0 for android|1920x1080,SAMSUNG-SM-G900A Build/LRX21T,Android 5.0,chrome 64.0 for android,1920x1080
SM-T580|Android 6.0.1|chrome 64.0 for android|1920x1200,SM-T580,Android 6.0.1,chrome 64.0 for android,1920x1200
Windows|Windows 8|chrome 63.0|2560x1080,Windows,Windows 8,chrome 63.0,2560x1080
Windows|Windows 10|firefox 58.0|1680x1050,Windows,Windows 10,firefox 58.0,1680x1050
SAMSUNG|Android 5.1.1|chrome generic|960x540,SAMSUNG,Android 5.1.1,chrome generic,960x540
Windows|Windows 10|opera 51.0|1920x1080,Windows,Windows 10,opera 51.0,1920x1080
iOS Device|iOS 11.2.6|mobile safari generic|1136x640,iOS Device,iOS 11.2.6,mobile safari generic,1136x640
F3111 Build/33.3.A.1.97|UNK|chrome 64.0 for android|UNK,F3111 Build/33.3.A.1.97,,chrome 64.0 for android,
REX|UNK|chrome 63.0 for android|UNK,REX,,chrome 63.0 for android,
SM-J100VPP Build/LMY48B|Android 5.1.1|chrome 43.0 for android|801x480,SM-J100VPP Build/LMY48B,Android 5.1.1,chrome 43.0 for android,801x480
iOS Device|iOS 11.2.6|mobile safari generic|2048x1536,iOS Device,iOS 11.2.6,mobile safari generic,2048x1536
LGLS992|Android 7.0|chrome 64.0 for android|UNK,LGLS992,Android 7.0,chrome 64.0 for android,
Ilium L1120 Build/NRD90M|UNK|chrome 64.0 for android|UNK,Ilium L1120 Build/NRD90M,,chrome 64.0 for android,
SAMSUNG SM-G935F Build/NRD90M|UNK|samsung browser generic|UNK,SAMSUNG SM-G935F Build/NRD90M,,samsung browser generic,
TA-1044 Build/NMF26F|UNK|chrome 64.0 for android|UNK,TA-1044 Build/NMF26F,,chrome 64.0 for android,
MacOS|Mac OS X 10_9_5|chrome 64.0|2560x1600,MacOS,Mac OS X 10_9_5,chrome 64.0,2560x1600
SM-T800 Build/MMB29K|Android 6.0.1|chrome 64.0 for android|2560x1600,SM-T800 Build/MMB29K,Android 6.0.1,chrome 64.0 for android,2560x1600
Ilium X510 Build/MRA58K|UNK|chrome 64.0 for android|UNK,Ilium X510 Build/MRA58K,,chrome 64.0 for android,
TA-1028 Build/NMF26O|UNK|chrome 64.0 for android|UNK,TA-1028 Build/NMF26O,,chrome 64.0 for android,
G3223 Build/42.0.A.4.167|UNK|chrome 63.0 for android|UNK,G3223 Build/42.0.A.4.167,,chrome 63.0 for android,
UNK|Linux|samsung browser 6.2|1920x1080,,Linux,samsung browser 6.2,1920x1080
MacOS|Mac OS X 10_13_1|chrome 64.0|3360x2100,MacOS,Mac OS X 10_13_1,chrome 64.0,3360x2100
Z956 Build/MMB29M|Android 6.0.1|chrome 64.0 for android|1280x720,Z956 Build/MMB29M,Android 6.0.1,chrome 64.0 for android,1280x720
SAMSUNG SM-G928G Build/NRD90M|UNK|samsung browser generic|UNK,SAMSUNG SM-G928G Build/NRD90M,,samsung browser generic,
SAMSUNG SM-J327P Build/MMB29M|UNK|samsung browser generic|UNK,SAMSUNG SM-J327P Build/MMB29M,,samsung browser generic,
BV7000|UNK|android webview 4.0|UNK,BV7000,,android webview 4.0,
SAMSUNG|UNK|samsung browser generic|UNK,SAMSUNG,,samsung browser generic,
XT1064 Build/MPB24.65-34-3|UNK|chrome 56.0 for android|UNK,XT1064 Build/MPB24.65-34-3,,chrome 56.0 for android,
KFTHWI Build/KTU84M|UNK|chrome generic|UNK,KFTHWI Build/KTU84M,,chrome generic,
GT-N7100|UNK|chrome 64.0 for android|UNK,GT-N7100,,chrome 64.0 for android,
rv:58.0|Windows 7|firefox 58.0|1366x768,rv:58.0,Windows 7,firefox 58.0,1366x768
LGMS210 Build/NRD90U|Android 7.0|chrome 58.0 for android|1280x720,LGMS210 Build/NRD90U,Android 7.0,chrome 58.0 for android,1280x720
HTC|UNK|chrome 60.0 for android|UNK,HTC,,chrome 60.0 for android,
MacOS|Mac OS X 10_13_3|chrome 64.0|5120x2880,MacOS,Mac OS X 10_13_3,chrome 64.0,5120x2880
SM-J320P Build/LMY47X|Android 5.1.1|chrome 64.0 for android|1280x720,SM-J320P Build/LMY47X,Android 5.1.1,chrome 64.0 for android,1280x720
SM-G610M Build/MMB29K|UNK|chrome 58.0 for android|UNK,SM-G610M Build/MMB29K,,chrome 58.0 for android,
iOS Device|iOS 11.2.6|mobile safari generic|2224x1668,iOS Device,iOS 11.2.6,mobile safari generic,2224x1668
SM-G720AX|UNK|chrome 64.0 for android|UNK,SM-G720AX,,chrome 64.0 for android,
E5506|UNK|chrome 56.0 for android|UNK,E5506,,chrome 56.0 for android,
MacOS|Mac OS X 10_13_3|chrome 63.0|4096x2304,MacOS,Mac OS X 10_13_3,chrome 63.0,4096x2304
SAMSUNG SM-N920P Build/NRD90M|Android 7.0|samsung browser generic|UNK,SAMSUNG SM-N920P Build/NRD90M,Android 7.0,samsung browser generic,
K10|UNK|android webview 4.0|UNK,K10,,android webview 4.0,
UNK|Android|chrome 64.0|1366x768,,Android,chrome 64.0,1366x768
D2306 Build/18.6.A.0.182|UNK|android browser 4.0|UNK,D2306 Build/18.6.A.0.182,,android browser 4.0,
UNK|Android|chrome 61.0|1920x1080,,Android,chrome 61.0,1920x1080
SAMSUNG SM-G950F Build/NRD90M|UNK|samsung browser generic|UNK,SAMSUNG SM-G950F Build/NRD90M,,samsung browser generic,
MacOS|Mac OS X 10_12_6|chrome 64.0|3840x2400,MacOS,Mac OS X 10_12_6,chrome 64.0,3840x2400
XT1585 Build/NCK25.118-10.5|Android 7.0|chrome 56.0 for android|2560x1440,XT1585 Build/NCK25.118-10.5,Android 7.0,chrome 56.0 for android,2560x1440
LG-P708g|UNK|chrome 53.0 for android|UNK,LG-P708g,,chrome 53.0 for android,
LG-D680 Build/KOT49I|UNK|chrome 55.0 for android|UNK,LG-D680 Build/KOT49I,,chrome 55.0 for android,
MacOS|Mac|chrome 64.0|2560x1440,MacOS,Mac,chrome 64.0,2560x1440
SM-G930V Build/NRD90M|UNK|chrome 64.0 for android|UNK,SM-G930V Build/NRD90M,,chrome 64.0 for android,
UNK|UNK|mobile safari generic|2208x1242,,,mobile safari generic,2208x1242
SAMSUNG SM-G930F Build/NRD90M|UNK|samsung browser generic|UNK,SAMSUNG SM-G930F Build/NRD90M,,samsung browser generic,
SM-G925I|UNK|chrome 51.0 for android|UNK,SM-G925I,,chrome 51.0 for android,
Windows|Windows 10|firefox 58.0|1440x900,Windows,Windows 10,firefox 58.0,1440x900
SM-G950U Build/R16NW|Android 8.0.0|chrome 64.0 for android|2220x1080,SM-G950U Build/R16NW,Android 8.0.0,chrome 64.0 for android,2220x1080
SAMSUNG SM-G955U Build/NRD90M|Android 7.0|samsung browser generic|UNK,SAMSUNG SM-G955U Build/NRD90M,Android 7.0,samsung browser generic,
MacOS|Mac OS X 10_10_5|chrome 64.0|1280x800,MacOS,Mac OS X 10_10_5,chrome 64.0,1280x800
SM-G950U1 Build/NRD90M|UNK|chrome 64.0 for android|UNK,SM-G950U1 Build/NRD90M,,chrome 64.0 for android,
SM-G950U1 Build/NRD90M|Android 7.0|chrome 64.0 for android|2220x1080,SM-G950U1 Build/NRD90M,Android 7.0,chrome 64.0 for android,2220x1080
Moto Z2 Play Build/NPS26.74-16-1|UNK|chrome 64.0 for android|UNK,Moto Z2 Play Build/NPS26.74-16-1,,chrome 64.0 for android,
LG-D693n Build/LRX22G|UNK|chrome 64.0 for android|UNK,LG-D693n Build/LRX22G,,chrome 64.0 for android,
SM-G386W|UNK|chrome 64.0 for android|UNK,SM-G386W,,chrome 64.0 for android,
SM-A300M|UNK|chrome 64.0 for android|UNK,SM-A300M,,chrome 64.0 for android,
iOS Device|iOS 11.2.6|mobile safari generic|2001x1125,iOS Device,iOS 11.2.6,mobile safari generic,2001x1125
SAMSUNG SM-N950U Build/NMF26X|Android 7.1.1|samsung browser generic|2961x1442,SAMSUNG SM-N950U Build/NMF26X,Android 7.1.1,samsung browser generic,2961x1442
SAMSUNG SM-J327T1 Build/NRD90M|UNK|samsung browser 5.2|UNK,SAMSUNG SM-J327T1 Build/NRD90M,,samsung browser 5.2,
HUAWEI M2-801W Build/HUAWEIM2-801W|UNK|chrome 64.0 for android|UNK,HUAWEI M2-801W Build/HUAWEIM2-801W,,chrome 64.0 for android,
Linux x86_64|UNK|firefox 58.0|UNK,Linux x86_64,,firefox 58.0,
SAMSUNG SM-G920F Build/LRX22G|UNK|chrome generic|UNK,SAMSUNG SM-G920F Build/LRX22G,,chrome generic,
SM-A310F Build/NRD90M|UNK|chrome 64.0 for android|UNK,SM-A310F Build/NRD90M,,chrome 64.0 for android,
SAMSUNG|UNK|samsung browser 5.4|UNK,SAMSUNG,,samsung browser 5.4,
Lenovo YT3-850F Build/MMB29M|UNK|chrome 64.0 for android|UNK,Lenovo YT3-850F Build/MMB29M,,chrome 64.0 for android,
Windows|Windows 7|chrome 64.0|2880x1800,Windows,Windows 7,chrome 64.0,2880x1800
PLE-701L|UNK|chrome 62.0 for android|UNK,PLE-701L,,chrome 62.0 for android,
Windows|Windows 10|chrome 64.0|1728x972,Windows,Windows 10,chrome 64.0,1728x972
SM-J727VPP Build/NRD90M|Android 7.0|chrome 64.0 for android|1280x720,SM-J727VPP Build/NRD90M,Android 7.0,chrome 64.0 for android,1280x720
iOS Device|iOS 11.2.5|chrome 64.0 for ios|2732x2048,iOS Device,iOS 11.2.5,chrome 64.0 for ios,2732x2048
Pixel|Android 7.1.2|chrome 64.0 for android|UNK,Pixel,Android 7.1.2,chrome 64.0 for android,
SM-N920P Build/NRD90M|Android 7.0|chrome 64.0 for android|UNK,SM-N920P Build/NRD90M,Android 7.0,chrome 64.0 for android,
SM-T820 Build/NRD90M|Android 7.0|chrome 63.0 for android|UNK,SM-T820 Build/NRD90M,Android 7.0,chrome 63.0 for android,
MacOS|Mac OS X 10_12_3|chrome 64.0|1366x768,MacOS,Mac OS X 10_12_3,chrome 64.0,1366x768
Windows|Windows 10|firefox 58.0|3840x2160,Windows,Windows 10,firefox 58.0,3840x2160
SM-G390F|UNK|chrome 64.0 for android|UNK,SM-G390F,,chrome 64.0 for android,
Windows|UNK|opera 51.0|UNK,Windows,,opera 51.0,
SM-G610M Build/NRD90M|UNK|chrome 60.0 for android|UNK,SM-G610M Build/NRD90M,,chrome 60.0 for android,
Windows|Windows 10|chrome 56.0|1280x1024,Windows,Windows 10,chrome 56.0,1280x1024
SAMSUNG SM-J700T1 Build/NMF26X|Android 7.1.1|samsung browser generic|1280x720,SAMSUNG SM-J700T1 Build/NMF26X,Android 7.1.1,samsung browser generic,1280x720
LIMIT|UNK|chrome 64.0 for android|UNK,LIMIT,,chrome 64.0 for android,
MacOS|Mac OS X 10_10_5|chrome 64.0|2880x1800,MacOS,Mac OS X 10_10_5,chrome 64.0,2880x1800
SM-T285M|UNK|chrome 64.0 for android|UNK,SM-T285M,,chrome 64.0 for android,
Windows|Windows 8|chrome 64.0|1024x768,Windows,Windows 8,chrome 64.0,1024x768
iris702|UNK|chrome 63.0 for android|UNK,iris702,,chrome 63.0 for android,
MacOS|Mac OS X 10_11_6|chrome 64.0|1920x1200,MacOS,Mac OS X 10_11_6,chrome 64.0,1920x1200
Moto Z2 Play Build/NPS26.118-19|UNK|chrome 64.0 for android|UNK,Moto Z2 Play Build/NPS26.118-19,,chrome 64.0 for android,
rv:57.0|Android|firefox|976x600,rv:57.0,Android,firefox,976x600
SM-G930T1|Android 7.0|chrome 64.0 for android|1920x1080,SM-G930T1,Android 7.0,chrome 64.0 for android,1920x1080
iOS Device|iOS 11.2.6|mobile safari generic|2732x2048,iOS Device,iOS 11.2.6,mobile safari generic,2732x2048
rv:55.0|Windows 10|firefox|1920x1080,rv:55.0,Windows 10,firefox,1920x1080
Z983 Build/NMF26F|Android 7.1.1|chrome 64.0 for android|UNK,Z983 Build/NMF26F,Android 7.1.1,chrome 64.0 for android,
BLU|UNK|chrome 64.0 for android|UNK,BLU,,chrome 64.0 for android,
SM-J530G|UNK|chrome 64.0 for android|UNK,SM-J530G,,chrome 64.0 for android,
XT1032|UNK|chrome 64.0 for android|UNK,XT1032,,chrome 64.0 for android,
Windows|Windows 10|firefox 59.0|1366x768,Windows,Windows 10,firefox 59.0,1366x768
Pixel 2 Build/OPM2.171019.016|Android 8.1.0|chrome 64.0 for android|UNK,Pixel 2 Build/OPM2.171019.016,Android 8.1.0,chrome 64.0 for android,
Windows|Windows 8.1|chrome 63.0|3840x1080,Windows,Windows 8.1,chrome 63.0,3840x1080
LG-H812|UNK|chrome 64.0 for android|UNK,LG-H812,,chrome 64.0 for android,
SAMSUNG SM-G920P Build/NRD90M|UNK|samsung browser generic|UNK,SAMSUNG SM-G920P Build/NRD90M,,samsung browser generic,
MacOS|Mac OS X 10_11_6|opera 51.0|1920x1080,MacOS,Mac OS X 10_11_6,opera 51.0,1920x1080
S60 Build/MMB29M|UNK|chrome 64.0 for android|UNK,S60 Build/MMB29M,,chrome 64.0 for android,
HUAWEI VNS-L31 Build/HUAWEIVNS-L31|UNK|chrome 64.0 for android|UNK,HUAWEI VNS-L31 Build/HUAWEIVNS-L31,,chrome 64.0 for android,
rv:52.0|Windows Vista|firefox 52.0|UNK,rv:52.0,Windows Vista,firefox 52.0,
LGL164VL Build/NRD90U|Android 7.0|chrome 64.0 for android|1280x720,LGL164VL Build/NRD90U,Android 7.0,chrome 64.0 for android,1280x720
SM-G530H Build/KTU84P|UNK|chrome generic|UNK,SM-G530H Build/KTU84P,,chrome generic,
rv:52.0|Windows Vista|firefox 52.0|1280x720,rv:52.0,Windows Vista,firefox 52.0,1280x720
HUAWEI CAN-L11 Build/HUAWEICAN-L11|UNK|chrome 64.0 for android|UNK,HUAWEI CAN-L11 Build/HUAWEICAN-L11,,chrome 64.0 for android,
SCH-I545 Build/LRX22C|UNK|chrome 64.0 for android|UNK,SCH-I545 Build/LRX22C,,chrome 64.0 for android,
Ilium LT510 Build/MRA58K|UNK|chrome 64.0 for android|UNK,Ilium LT510 Build/MRA58K,,chrome 64.0 for android,
SAMSUNG SM-T587P Build/NRD90M|Android 7.0|samsung browser generic|1920x1200,SAMSUNG SM-T587P Build/NRD90M,Android 7.0,samsung browser generic,1920x1200
SM-G850M Build/LRX22G|UNK|chrome 64.0 for android|UNK,SM-G850M Build/LRX22G,,chrome 64.0 for android,
SAMSUNG-SM-G935A Build/NRD90M|Android 7.0|chrome 64.0 for android|UNK,SAMSUNG-SM-G935A Build/NRD90M,Android 7.0,chrome 64.0 for android,
SM-N910H|UNK|chrome 64.0 for android|UNK,SM-N910H,,chrome 64.0 for android,
SM-G928G Build/MMB29K|UNK|chrome 64.0 for android|UNK,SM-G928G Build/MMB29K,,chrome 64.0 for android,
4013M Build/KOT49H|UNK|chrome 64.0 for android|UNK,4013M Build/KOT49H,,chrome 64.0 for android,
MacOS|Mac OS X 10_10_5|safari generic|2048x1280,MacOS,Mac OS X 10_10_5,safari generic,2048x1280
M4 SS4450 Build/MRA58K|UNK|chrome 58.0 for android|UNK,M4 SS4450 Build/MRA58K,,chrome 58.0 for android,
SM-T713 Build/NRD90M|UNK|chrome 64.0 for android|UNK,SM-T713 Build/NRD90M,,chrome 64.0 for android,
SAMSUNG SM-G891A Build/NRD90M|UNK|samsung browser generic|UNK,SAMSUNG SM-G891A Build/NRD90M,,samsung browser generic,
rv:39.0|UNK|firefox|UNK,rv:39.0,,firefox,
ZTE Blade A511 Build/MRA58K|UNK|chrome 52.0 for android|UNK,ZTE Blade A511 Build/MRA58K,,chrome 52.0 for android,
NX16A8116KP|Android 7.1.1|chrome 64.0 for android|1280x800,NX16A8116KP,Android 7.1.1,chrome 64.0 for android,1280x800
PRA-LX1 Build/HUAWEIPRA-LX1|UNK|chrome 62.0 for android|UNK,PRA-LX1 Build/HUAWEIPRA-LX1,,chrome 62.0 for android,
HUAWEI TAG-L13 Build/HUAWEITAG-L13|UNK|chrome 55.0 for android|UNK,HUAWEI TAG-L13 Build/HUAWEITAG-L13,,chrome 55.0 for android,
5010G Build/MRA58K|UNK|chrome|UNK,5010G Build/MRA58K,,chrome,
SM-E500M|UNK|chrome 64.0 for android|UNK,SM-E500M,,chrome 64.0 for android,
iOS Device|iOS 10.1.1|mobile safari generic|2001x1125,iOS Device,iOS 10.1.1,mobile safari generic,2001x1125
ALCATEL|UNK|chrome 64.0 for android|UNK,ALCATEL,,chrome 64.0 for android,
LG-H650 Build/LMY47V|UNK|chrome 64.0 for android|UNK,LG-H650 Build/LMY47V,,chrome 64.0 for android,
5015A Build/LMY47I|UNK|chrome 58.0 for android|UNK,5015A Build/LMY47I,,chrome 58.0 for android,
A574BL Build/NMF26F|Android 7.1.1|chrome 64.0 for android|855x480,A574BL Build/NMF26F,Android 7.1.1,chrome 64.0 for android,855x480
5010G Build/MRA58K|UNK|other|UNK,5010G Build/MRA58K,,other,
SAMSUNG SM-T710 Build/NRD90M|UNK|samsung browser generic|UNK,SAMSUNG SM-T710 Build/NRD90M,,samsung browser generic,
LG-H872 Build/NRD90U|Android 7.0|chrome 64.0 for android|2672x1440,LG-H872 Build/NRD90U,Android 7.0,chrome 64.0 for android,2672x1440
BLADE L7 Build/MRA58K|UNK|chrome 64.0 for android|UNK,BLADE L7 Build/MRA58K,,chrome 64.0 for android,
XT1563 Build/MPDS24.107-52-5|UNK|chrome 59.0 for android|UNK,XT1563 Build/MPDS24.107-52-5,,chrome 59.0 for android,
SM-A520W Build/NRD90M|UNK|chrome 64.0 for android|UNK,SM-A520W Build/NRD90M,,chrome 64.0 for android,
iOS Device|iOS 11.2.5|mobile safari uiwebview|2048x1536,iOS Device,iOS 11.2.5,mobile safari uiwebview,2048x1536
SM-G950U Build/NRD90M|Android 7.0|chrome 64.0 for android|2961x1440,SM-G950U Build/NRD90M,Android 7.0,chrome 64.0 for android,2961x1440
SAMSUNG SM-G891A Build/NRD90M|Android 7.0|samsung browser generic|1920x1080,SAMSUNG SM-G891A Build/NRD90M,Android 7.0,samsung browser generic,1920x1080
SAMSUNG SM-G610M Build/MMB29K|UNK|samsung browser generic|UNK,SAMSUNG SM-G610M Build/MMB29K,,samsung browser generic,
Trident/7.0|Windows 7|ie 11.0 for desktop|1062x630,Trident/7.0,Windows 7,ie 11.0 for desktop,1062x630
LG-D331|UNK|chrome 63.0 for android|UNK,LG-D331,,chrome 63.0 for android,
0PM92|UNK|chrome 64.0 for android|UNK,0PM92,,chrome 64.0 for android,
SM-A500M Build/LRX22G|UNK|chrome 64.0 for android|UNK,SM-A500M Build/LRX22G,,chrome 64.0 for android,
SAMSUNG SM-A730F Build/NMF26X|UNK|samsung browser generic|UNK,SAMSUNG SM-A730F Build/NMF26X,,samsung browser generic,
HUAWEI|Android|chrome generic|1184x720,HUAWEI,Android,chrome generic,1184x720
SAMSUNG SM-T810 Build/NRD90M|UNK|samsung browser generic|UNK,SAMSUNG SM-T810 Build/NRD90M,,samsung browser generic,
SM-T827R4|Android 7.0|chrome 64.0 for android|2048x1536,SM-T827R4,Android 7.0,chrome 64.0 for android,2048x1536
Lenovo YT3-850M Build/MMB29M|UNK|chrome generic for android|UNK,Lenovo YT3-850M Build/MMB29M,,chrome generic for android,
HUAWEI CAN-L01 Build/HUAWEICAN-L01|UNK|chrome 64.0 for android|UNK,HUAWEI CAN-L01 Build/HUAWEICAN-L01,,chrome 64.0 for android,
XT1650|Android 7.1.1|chrome 64.0 for android|2560x1440,XT1650,Android 7.1.1,chrome 64.0 for android,2560x1440
LG-K450 Build/MXB48T|Android 6.0.1|chrome 64.0 for android|1280x720,LG-K450 Build/MXB48T,Android 6.0.1,chrome 64.0 for android,1280x720
LG-LS993 Build/NRD90U|UNK|chrome 64.0 for android|UNK,LG-LS993 Build/NRD90U,,chrome 64.0 for android,
rv:58.0|Mac OS X 10.11|firefox 58.0|1920x1200,rv:58.0,Mac OS X 10.11,firefox 58.0,1920x1200
Blade A465 Build/LMY47D|UNK|chrome 64.0 for android|UNK,Blade A465 Build/LMY47D,,chrome 64.0 for android,
VTR-L09 Build/HUAWEIVTR-L09|UNK|chrome 63.0 for android|UNK,VTR-L09 Build/HUAWEIVTR-L09,,chrome 63.0 for android,
5095I Build/MRA58K|UNK|chrome 64.0 for android|UNK,5095I Build/MRA58K,,chrome 64.0 for android,
Windows|Windows|UNK|UNK,Windows,Windows,,
F3313 Build/37.0.A.2.248|UNK|chrome 64.0 for android|UNK,F3313 Build/37.0.A.2.248,,chrome 64.0 for android,
SM-T350 Build/MMB29M|UNK|chrome 64.0 for android|UNK,SM-T350 Build/MMB29M,,chrome 64.0 for android,
Lenovo|UNK|other|UNK,Lenovo,,other,
SM-T555|UNK|chrome 59.0 for android|UNK,SM-T555,,chrome 59.0 for android,
rv:60.0|UNK|Generic/Android|UNK,rv:60.0,,Generic/Android,
UNK|Linux|UNK|1920x1080,,Linux,,1920x1080
SAMSUNG-SM-N910A|Android|chrome generic|2560x1440,SAMSUNG-SM-N910A,Android,chrome generic,2560x1440
Pixel|Android 7.1.2|chrome 64.0 for android|2560x1800,Pixel,Android 7.1.2,chrome 64.0 for android,2560x1800
Windows|Windows 8|firefox 58.0|1600x900,Windows,Windows 8,firefox 58.0,1600x900
MacOS|Mac OS X 10_7_5|safari generic|2560x1440,MacOS,Mac OS X 10_7_5,safari generic,2560x1440
LGUS215 Build/NRD90U|Android 7.0|chrome 61.0 for android|1280x720,LGUS215 Build/NRD90U,Android 7.0,chrome 61.0 for android,1280x720
SAMSUNG SM-N920P Build/NRD90M|Android 7.0|samsung browser generic|2560x1440,SAMSUNG SM-N920P Build/NRD90M,Android 7.0,samsung browser generic,2560x1440
F8331|UNK|chrome 64.0 for android|UNK,F8331,,chrome 64.0 for android,
Windows|Windows 7|chrome 64.0|2560x1440,Windows,Windows 7,chrome 64.0,2560x1440
iOS Device|iOS 10.0.2|mobile safari generic|2001x1125,iOS Device,iOS 10.0.2,mobile safari generic,2001x1125
Moto G (4) Build/NPJ25.93-14.7|UNK|samsung browser generic|UNK,Moto G (4) Build/NPJ25.93-14.7,,samsung browser generic,
Trident/7.0|Windows 7|ie 11.0 for desktop|1440x810,Trident/7.0,Windows 7,ie 11.0 for desktop,1440x810
rv:52.0|Mac OS X 10.12|firefox 52.0|1280x1024,rv:52.0,Mac OS X 10.12,firefox 52.0,1280x1024
SAMSUNG SM-J700M Build/MMB29K|UNK|samsung browser generic|UNK,SAMSUNG SM-J700M Build/MMB29K,,samsung browser generic,
TA-1044 Build/OPR1.170623.026|UNK|UNK|UNK,TA-1044 Build/OPR1.170623.026,,,
rv:58.0|Windows 10|firefox|1280x800,rv:58.0,Windows 10,firefox,1280x800
SM-G950F Build/R16NW|UNK|chrome 64.0 for android|UNK,SM-G950F Build/R16NW,,chrome 64.0 for android,
LG-X220 Build/LMY47I|UNK|chrome 64.0 for android|UNK,LG-X220 Build/LMY47I,,chrome 64.0 for android,
SAMSUNG SM-J710MN Build/MMB29K|UNK|samsung browser generic|UNK,SAMSUNG SM-J710MN Build/MMB29K,,samsung browser generic,
F5321 Build/34.2.A.2.47|Android 7.0|chrome 64.0 for android|1280x720,F5321 Build/34.2.A.2.47,Android 7.0,chrome 64.0 for android,1280x720
ASUS_X00DD|UNK|chrome 64.0 for android|UNK,ASUS_X00DD,,chrome 64.0 for android,
BLU ENERGY X PLUS Build/LRX21M|UNK|chrome 64.0 for android|UNK,BLU ENERGY X PLUS Build/LRX21M,,chrome 64.0 for android,
SM-G800F Build/MMB29K|UNK|chrome 56.0 for android|UNK,SM-G800F Build/MMB29K,,chrome 56.0 for android,
LG-X240 Build/MRA58K|UNK|chrome 61.0 for android|UNK,LG-X240 Build/MRA58K,,chrome 61.0 for android,
SM-G7105|UNK|chrome 64.0 for android|UNK,SM-G7105,,chrome 64.0 for android,
SM-A510M Build/LMY47X|UNK|chrome 64.0 for android|UNK,SM-A510M Build/LMY47X,,chrome 64.0 for android,
SM-G920F Build/MMB29K|UNK|chrome 50.0 for android|UNK,SM-G920F Build/MMB29K,,chrome 50.0 for android,
LG-K240 Build/MXB48T|UNK|chrome 64.0 for android|UNK,LG-K240 Build/MXB48T,,chrome 64.0 for android,
SM-T813 Build/NRD90M|UNK|chrome 64.0 for android|UNK,SM-T813 Build/NRD90M,,chrome 64.0 for android,
Nexus|Android 8.1.0|chrome generic for android|2562x1442,Nexus,Android 8.1.0,chrome generic for android,2562x1442
LG-D331|UNK|chrome 64.0 for android|UNK,LG-D331,,chrome 64.0 for android,
SM-T580 Build/NRD90M|UNK|opera|UNK,SM-T580 Build/NRD90M,,opera,
Windows|Windows 8.1|chrome 64.0|1280x1025,Windows,Windows 8.1,chrome 64.0,1280x1025
GT-S7275B|UNK|chrome 64.0 for android|UNK,GT-S7275B,,chrome 64.0 for android,
4027A Build/KOT49H|UNK|chrome 64.0 for android|UNK,4027A Build/KOT49H,,chrome 64.0 for android,
SAMSUNG-SM-J327A Build/NRD90M|Android 7.0|chrome 64.0 for android|1280x720,SAMSUNG-SM-J327A Build/NRD90M,Android 7.0,chrome 64.0 for android,1280x720
LG-M153 Build/MXB48T|UNK|chrome 64.0 for android|UNK,LG-M153 Build/MXB48T,,chrome 64.0 for android,
SM-N920P Build/NRD90M|UNK|chrome 64.0 for android|UNK,SM-N920P Build/NRD90M,,chrome 64.0 for android,
SAMSUNG SM-G532M Build/MMB29T|UNK|samsung browser generic|UNK,SAMSUNG SM-G532M Build/MMB29T,,samsung browser generic,
Minion_Tab|UNK|Inco/Minion|UNK,Minion_Tab,,Inco/Minion,
SM-T560NU Build/NMF26X|Android 7.1.1|chrome 64.0 for android|1280x800,SM-T560NU Build/NMF26X,Android 7.1.1,chrome 64.0 for android,1280x800
Windows|Windows 10|chrome 64.0|1280x720,Windows,Windows 10,chrome 64.0,1280x720
X900+|UNK|chrome 64.0 for android|UNK,X900+,,chrome 64.0 for android,
LG-D855|UNK|chrome 64.0 for android|UNK,LG-D855,,chrome 64.0 for android,
iOS Device|iOS 10.0.2|mobile safari generic|1136x640,iOS Device,iOS 10.0.2,mobile safari generic,1136x640
SAMSUNG-SM-J327AZ|Android 7.0|chrome 64.0 for android|1280x720,SAMSUNG-SM-J327AZ,Android 7.0,chrome 64.0 for android,1280x720
LG-X165g Build/LRX21M|UNK|chrome 52.0 for android|UNK,LG-X165g Build/LRX21M,,chrome 52.0 for android,
moto x4 Build/OPW27.57-40|UNK|samsung browser 6.2|UNK,moto x4 Build/OPW27.57-40,,samsung browser 6.2,
8050G Build/LMY47I|UNK|chrome 64.0 for android|UNK,8050G Build/LMY47I,,chrome 64.0 for android,
LGMS428|UNK|chrome 64.0 for android|UNK,LGMS428,,chrome 64.0 for android,
MacOS|Mac OS X 10_12_6|chrome 55.0|2560x1600,MacOS,Mac OS X 10_12_6,chrome 55.0,2560x1600
HUAWEI CUN-L03 Build/HUAWEICUN-L03|UNK|chrome 46.0 for android|UNK,HUAWEI CUN-L03 Build/HUAWEICUN-L03,,chrome 46.0 for android,
SM-G935T Build/NRD90M|Android 7.0|chrome 64.0 for android|1920x1080,SM-G935T Build/NRD90M,Android 7.0,chrome 64.0 for android,1920x1080
GT-I9060L Build/JDQ39|UNK|chrome 54.0 for android|UNK,GT-I9060L Build/JDQ39,,chrome 54.0 for android,
7055A Build/KVT49L|UNK|chrome 64.0 for android|UNK,7055A Build/KVT49L,,chrome 64.0 for android,
SAMSUNG SM-T813 Build/NRD90M|Android 7.0|samsung browser 6.2|2048x1536,SAMSUNG SM-T813 Build/NRD90M,Android 7.0,samsung browser 6.2,2048x1536
Ilium LT520 Build/NRD90M|UNK|chrome 56.0 for android|UNK,Ilium LT520 Build/NRD90M,,chrome 56.0 for android,
UNK|other|mobile safari generic|2436x1125,,other,mobile safari generic,2436x1125
MacOS|Mac OS X 10_12_3|chrome 64.0|5120x2880,MacOS,Mac OS X 10_12_3,chrome 64.0,5120x2880
SM-N920V Build/NRD90M|Android 7.0|chrome 64.0 for android|UNK,SM-N920V Build/NRD90M,Android 7.0,chrome 64.0 for android,
SAMSUNG SM-A320Y Build/NRD90M|UNK|samsung browser generic|UNK,SAMSUNG SM-A320Y Build/NRD90M,,samsung browser generic,
SM-J111M Build/LMY47V|UNK|chrome 64.0 for android|UNK,SM-J111M Build/LMY47V,,chrome 64.0 for android,
G8141|UNK|chrome 55.0 for android|UNK,G8141,,chrome 55.0 for android,
rv:58.0|Windows 7|firefox 58.0|1600x900,rv:58.0,Windows 7,firefox 58.0,1600x900
SAMSUNG-SM-G891A Build/NRD90M|Android 7.0|chrome 64.0 for android|1920x1080,SAMSUNG-SM-G891A Build/NRD90M,Android 7.0,chrome 64.0 for android,1920x1080
SM-J327T Build/NRD90M|UNK|chrome 64.0 for android|UNK,SM-J327T Build/NRD90M,,chrome 64.0 for android,
Windows|Windows 8.1|chrome 64.0|1280x800,Windows,Windows 8.1,chrome 64.0,1280x800
SAMSUNG SM-G955F Build/NRD90M|UNK|samsung browser generic|UNK,SAMSUNG SM-G955F Build/NRD90M,,samsung browser generic,
SAMSUNG-SM-N900A Build/LRX21V|UNK|chrome 64.0 for android|UNK,SAMSUNG-SM-N900A Build/LRX21V,,chrome 64.0 for android,
SM-P350 Build/MMB29M|UNK|chrome 64.0 for android|UNK,SM-P350 Build/MMB29M,,chrome 64.0 for android,
E5606 Build/30.2.A.1.21|UNK|chrome 64.0 for android|UNK,E5606 Build/30.2.A.1.21,,chrome 64.0 for android,
SAMSUNG SM-T530NU Build/LRX22G|UNK|chrome generic|UNK,SAMSUNG SM-T530NU Build/LRX22G,,chrome generic,
SM-A530F Build/NMF26X|UNK|chrome 64.0 for android|UNK,SM-A530F Build/NMF26X,,chrome 64.0 for android,
Windows|Windows 10|chrome 64.0|2160x1440,Windows,Windows 10,chrome 64.0,2160x1440
SM-P607T|Android 5.1.1|chrome 64.0 for android|2560x1600,SM-P607T,Android 5.1.1,chrome 64.0 for android,2560x1600
rv:52.0|Windows Vista|firefox 52.0|1364x768,rv:52.0,Windows Vista,firefox 52.0,1364x768
Studio|Android 6.0|chrome 64.0 for android|1280x720,Studio,Android 6.0,chrome 64.0 for android,1280x720
Redmi 5 Plus Build/N2G47H|UNK|chrome 64.0 for android|UNK,Redmi 5 Plus Build/N2G47H,,chrome 64.0 for android,
Windows|Windows 7|chrome 64.0|1360x768,Windows,Windows 7,chrome 64.0,1360x768
SM-T355Y Build/NMF26X|UNK|android webview 4.0|UNK,SM-T355Y Build/NMF26X,,android webview 4.0,
HIGHWAY|UNK|chrome 64.0 for android|UNK,HIGHWAY,,chrome 64.0 for android,
HUAWEI Y625-U13 Build/HUAWEIY625-U13|UNK|chrome 63.0 for android|UNK,HUAWEI Y625-U13 Build/HUAWEIY625-U13,,chrome 63.0 for android,
SM-J700P|Android 7.1.1|chrome 64.0 for android|1280x720,SM-J700P,Android 7.1.1,chrome 64.0 for android,1280x720
XT1008 Build/LPBS23.13-56-2|UNK|chrome 64.0 for android|UNK,XT1008 Build/LPBS23.13-56-2,,chrome 64.0 for android,
F5321 Build/34.3.A.0.238|UNK|chrome 61.0 for android|UNK,F5321 Build/34.3.A.0.238,,chrome 61.0 for android,
Moto G Play Build/MPIS24.241-15.3-7|UNK|android webview 4.0|UNK,Moto G Play Build/MPIS24.241-15.3-7,,android webview 4.0,
Ilium X220 Build/MRA58K|UNK|chrome 64.0 for android|UNK,Ilium X220 Build/MRA58K,,chrome 64.0 for android,
SM-J200M Build/LMY47X|UNK|chrome 59.0 for android|UNK,SM-J200M Build/LMY47X,,chrome 59.0 for android,
LGL163BL|Android 7.0|chrome 63.0 for android|1280x720,LGL163BL,Android 7.0,chrome 63.0 for android,1280x720
SAMSUNG SM-J327P Build/MMB29M|Android 6.0.1|samsung browser generic|1280x720,SAMSUNG SM-J327P Build/MMB29M,Android 6.0.1,samsung browser generic,1280x720
TA-1052|Android 8.1.0|UNK|2562x1442,TA-1052,Android 8.1.0,,2562x1442
ALCATEL ONE TOUCH 5036A Build/JDQ39|UNK|chrome 52.0 for android|UNK,ALCATEL ONE TOUCH 5036A Build/JDQ39,,chrome 52.0 for android,
Trident/7.0|Windows 8|ie 11.0 for desktop|1920x1080,Trident/7.0,Windows 8,ie 11.0 for desktop,1920x1080
STV100-2 Build/MMB29M|UNK|chrome 64.0 for android|UNK,STV100-2 Build/MMB29M,,chrome 64.0 for android,
LGLS992|Android 6.0.1|chrome 64.0 for android|2560x1440,LGLS992,Android 6.0.1,chrome 64.0 for android,2560x1440
Windows|Windows 8.1|chrome 64.0|1280x1024,Windows,Windows 8.1,chrome 64.0,1280x1024
MacOS|Mac OS X 10_13_1|chrome 64.0|2880x1800,MacOS,Mac OS X 10_13_1,chrome 64.0,2880x1800
Windows|Windows 8.1|chrome 64.0|UNK,Windows,Windows 8.1,chrome 64.0,
MacOS|Mac OS X 10_11_6|chrome 64.0|4096x2304,MacOS,Mac OS X 10_11_6,chrome 64.0,4096x2304
iOS Device|iOS|mobile safari generic|2732x2048,iOS Device,iOS,mobile safari generic,2732x2048
Pixel XL Build/OPM1.171019.016|Android 8.1.0|chrome 64.0 for android|2562x1442,Pixel XL Build/OPM1.171019.016,Android 8.1.0,chrome 64.0 for android,2562x1442
MacOS|Mac OS X 10_10_5|chrome generic|2880x1800,MacOS,Mac OS X 10_10_5,chrome generic,2880x1800
O1|UNK|android browser 4.0|UNK,O1,,android browser 4.0,
iOS Device|iOS 10.2.0|mobile safari generic|2001x1125,iOS Device,iOS 10.2.0,mobile safari generic,2001x1125
UNK|Android|chrome|1280x720,,Android,chrome,1280x720
Origins|UNK|android webview 4.0|UNK,Origins,,android webview 4.0,
Blade L5 Build/LMY47I|UNK|chrome 64.0 for android|UNK,Blade L5 Build/LMY47I,,chrome 64.0 for android,
rv:58.0|Windows 7|firefox 58.0|UNK,rv:58.0,Windows 7,firefox 58.0,
ASUS_Z017DA|UNK|chrome 64.0 for android|UNK,ASUS_Z017DA,,chrome 64.0 for android,
SM-A320Y Build/NRD90M|UNK|chrome 64.0 for android|UNK,SM-A320Y Build/NRD90M,,chrome 64.0 for android,
F1f Build/LMY47V|UNK|chrome 56.0 for android|UNK,F1f Build/LMY47V,,chrome 56.0 for android,
HUAWEI VNS-L23 Build/HUAWEIVNS-L23|UNK|chrome 52.0 for android|UNK,HUAWEI VNS-L23 Build/HUAWEIVNS-L23,,chrome 52.0 for android,
Moto G (5) Build/NPPS25.137-93-4|UNK|chrome generic|UNK,Moto G (5) Build/NPPS25.137-93-4,,chrome generic,
UNK|Android|chrome 64.0|2560x1600,,Android,chrome 64.0,2560x1600
SAMSUNG SM-A510M Build/MMB29K|UNK|samsung browser generic|UNK,SAMSUNG SM-A510M Build/MMB29K,,samsung browser generic,
Windows|Windows 10|firefox 58.0|1920x1200,Windows,Windows 10,firefox 58.0,1920x1200
rv:52.0|Mac OS X 10.10|firefox 52.0|1440x900,rv:52.0,Mac OS X 10.10,firefox 52.0,1440x900
LG-M257|UNK|chrome 64.0 for android|UNK,LG-M257,,chrome 64.0 for android,
Windows|Windows 7|chrome 61.0|2560x1080,Windows,Windows 7,chrome 61.0,2560x1080
SM-A710M Build/NRD90M|UNK|chrome generic for android|UNK,SM-A710M Build/NRD90M,,chrome generic for android,
5010G Build/MRA58K|UNK|chrome 62.0 for android|UNK,5010G Build/MRA58K,,chrome 62.0 for android,
D6503|UNK|chrome generic for android|UNK,D6503,,chrome generic for android,
SM-G550T Build/MMB29K|UNK|chrome 64.0 for android|UNK,SM-G550T Build/MMB29K,,chrome 64.0 for android,
SAMSUNG SM-G950U Build/NRD90M|Android 7.0|samsung browser generic|2220x1080,SAMSUNG SM-G950U Build/NRD90M,Android 7.0,samsung browser generic,2220x1080
D5316 Build/19.4.A.0.182|UNK|chrome 64.0 for android|UNK,D5316 Build/19.4.A.0.182,,chrome 64.0 for android,
SAMSUNG SM-G610M Build/NRD90M|UNK|samsung browser generic|UNK,SAMSUNG SM-G610M Build/NRD90M,,samsung browser generic,
SM-G930V Build/MMB29M|Android 6.0.1|chrome 64.0 for android|2560x1440,SM-G930V Build/MMB29M,Android 6.0.1,chrome 64.0 for android,2560x1440
XT1040|UNK|chrome|UNK,XT1040,,chrome,
Windows|Windows 10|edge 16.0|3440x1440,Windows,Windows 10,edge 16.0,3440x1440
SM-N900T Build/LRX21V|UNK|chrome 64.0 for android|UNK,SM-N900T Build/LRX21V,,chrome 64.0 for android,
Windows|Windows 8.1|chrome generic|2560x1440,Windows,Windows 8.1,chrome generic,2560x1440
MacOS|Mac OS X 10_13_3|chrome 62.0|2880x1800,MacOS,Mac OS X 10_13_3,chrome 62.0,2880x1800
MacOS|Mac OS X 10_10_5|safari generic|1280x768,MacOS,Mac OS X 10_10_5,safari generic,1280x768
SM-G610M Build/MMB29K|UNK|chrome 55.0 for android|UNK,SM-G610M Build/MMB29K,,chrome 55.0 for android,
VS995 Build/NRD90M|UNK|chrome 64.0 for android|UNK,VS995 Build/NRD90M,,chrome 64.0 for android,
Aquaris X5 Plus Build/NMF26F|UNK|chrome 64.0 for android|UNK,Aquaris X5 Plus Build/NMF26F,,chrome 64.0 for android,
LGLS676 Build/MXB48T|UNK|chrome 64.0 for android|UNK,LGLS676 Build/MXB48T,,chrome 64.0 for android,
LG-H631|UNK|chrome 64.0 for android|UNK,LG-H631,,chrome 64.0 for android,
LG-D373 Build/KOT49I.V10a|UNK|chrome 64.0 for android|UNK,LG-D373 Build/KOT49I.V10a,,chrome 64.0 for android,
MacOS|Mac OS X 10_13_3|safari generic|3440x1440,MacOS,Mac OS X 10_13_3,safari generic,3440x1440
M4|UNK|chrome|UNK,M4,,chrome,
Windows|Windows 7|chrome 64.0|2400x1350,Windows,Windows 7,chrome 64.0,2400x1350
iOS Device|iOS 11.2.6|chrome 64.0 for ios|2048x1536,iOS Device,iOS 11.2.6,chrome 64.0 for ios,2048x1536
HUAWEI|UNK|chrome 58.0 for android|UNK,HUAWEI,,chrome 58.0 for android,
Windows|Windows 10|chrome 64.0|2400x1350,Windows,Windows 10,chrome 64.0,2400x1350
MacOS|Mac OS X 10_12_6|chrome 64.0|UNK,MacOS,Mac OS X 10_12_6,chrome 64.0,
MacOS|Mac OS X 10_11_6|chrome 64.0|1366x768,MacOS,Mac OS X 10_11_6,chrome 64.0,1366x768
XT1072|UNK|chrome 64.0 for android|UNK,XT1072,,chrome 64.0 for android,
SAMSUNG SM-G925P Build/MMB29K|UNK|samsung browser generic|UNK,SAMSUNG SM-G925P Build/MMB29K,,samsung browser generic,
rv:38.0|Windows 7|firefox|1920x1080,rv:38.0,Windows 7,firefox,1920x1080
verykool|UNK|chrome 64.0 for android|UNK,verykool,,chrome 64.0 for android,
SAMSUNG-SM-N920A Build/NRD90M|Android 7.0|chrome 64.0 for android|2562x1442,SAMSUNG-SM-N920A Build/NRD90M,Android 7.0,chrome 64.0 for android,2562x1442
SM-A510M Build/LMY47X|Android 5.1.1|chrome 64.0 for android|1920x1080,SM-A510M Build/LMY47X,Android 5.1.1,chrome 64.0 for android,1920x1080
X3402|UNK|chrome 55.0 for android|UNK,X3402,,chrome 55.0 for android,
5025G Build/LMY47I|UNK|chrome 64.0 for android|UNK,5025G Build/LMY47I,,chrome 64.0 for android,
MacOS|Mac|chrome 64.0|3360x2100,MacOS,Mac,chrome 64.0,3360x2100
LGMS345|UNK|android browser 4.0|UNK,LGMS345,,android browser 4.0,
Windows|Windows 10|chrome generic|1920x1281,Windows,Windows 10,chrome generic,1920x1281
Windows|Windows 10|chrome 60.0|1360x768,Windows,Windows 10,chrome 60.0,1360x768
PRA-LX1 Build/HUAWEIPRA-LX1|UNK|chrome generic for android|UNK,PRA-LX1 Build/HUAWEIPRA-LX1,,chrome generic for android,
F8331 Build/41.2.A.7.76|UNK|chrome generic for android|UNK,F8331 Build/41.2.A.7.76,,chrome generic for android,
LG-TP450 Build/NRD90U|Android 7.0|chrome 64.0 for android|1920x1080,LG-TP450 Build/NRD90U,Android 7.0,chrome 64.0 for android,1920x1080
MacOS|Mac|chrome generic|1440x900,MacOS,Mac,chrome generic,1440x900
Windows|Windows 10|chrome 59.0|1440x900,Windows,Windows 10,chrome 59.0,1440x900
MacOS|Mac OS X 10_13_2|chrome 64.0|1280x800,MacOS,Mac OS X 10_13_2,chrome 64.0,1280x800
SM-J710MN Build/MMB29K|UNK|chrome 58.0 for android|UNK,SM-J710MN Build/MMB29K,,chrome 58.0 for android,
rv:53.0|UNK|Generic/Android|UNK,rv:53.0,,Generic/Android,
LG-V500|UNK|chrome 53.0 for android|UNK,LG-V500,,chrome 53.0 for android,
SM-N920T Build/NRD90M|Android 7.0|chrome generic for android|UNK,SM-N920T Build/NRD90M,Android 7.0,chrome generic for android,
A1-850|UNK|chrome 64.0 for android|UNK,A1-850,,chrome 64.0 for android,
MacOS|Mac OS X 10_10_5|chrome 64.0|1920x1080,MacOS,Mac OS X 10_10_5,chrome 64.0,1920x1080
UNK|Linux|chrome generic|UNK,,Linux,chrome generic,
8050G Build/LMY47I|UNK|chrome 56.0 for android|UNK,8050G Build/LMY47I,,chrome 56.0 for android,
rv:44.0|Mac OS X 10.12|firefox|1280x800,rv:44.0,Mac OS X 10.12,firefox,1280x800
A97|UNK|chrome 64.0 for android|UNK,A97,,chrome 64.0 for android,
rv:58.0|Windows 7|firefox 58.0|1920x1080,rv:58.0,Windows 7,firefox 58.0,1920x1080
SAMSUNG SM-G955U Build/NRD90M|UNK|samsung browser generic|UNK,SAMSUNG SM-G955U Build/NRD90M,,samsung browser generic,
GT-P5210 Build/JDQ39|UNK|chrome 59.0 for android|UNK,GT-P5210 Build/JDQ39,,chrome 59.0 for android,
Redmi|UNK|chrome 64.0 for android|UNK,Redmi,,chrome 64.0 for android,
rv:45.0|Mac OS X 10.11|firefox|1920x1080,rv:45.0,Mac OS X 10.11,firefox,1920x1080
BBB100-1|Android 7.1.1|chrome 64.0 for android|UNK,BBB100-1,Android 7.1.1,chrome 64.0 for android,
UNK|Android|samsung browser 6.2|1280x720,,Android,samsung browser 6.2,1280x720
Z983 Build/NMF26F|Android 7.1.1|chrome 64.0 for android|1920x1080,Z983 Build/NMF26F,Android 7.1.1,chrome 64.0 for android,1920x1080
rv:58.0|Windows 7|firefox 58.0|1280x1024,rv:58.0,Windows 7,firefox 58.0,1280x1024
SAMSUNG SM-J530GM Build/NRD90M|UNK|samsung browser generic|UNK,SAMSUNG SM-J530GM Build/NRD90M,,samsung browser generic,
MacOS|Mac OS X 10_9_5|chrome 64.0|1680x1050,MacOS,Mac OS X 10_9_5,chrome 64.0,1680x1050
Windows|Windows 7|firefox 58.0|0x0,Windows,Windows 7,firefox 58.0,0x0
SM-G920I Build/NRD90M|UNK|chrome generic for android|UNK,SM-G920I Build/NRD90M,,chrome generic for android,
Windows|Windows 10|edge 14.0|1600x1200,Windows,Windows 10,edge 14.0,1600x1200
SM-J727T1 Build/NRD90M|UNK|chrome 64.0 for android|UNK,SM-J727T1 Build/NRD90M,,chrome 64.0 for android,
Moto C Build/NRD90M.063|UNK|android webview 4.0|UNK,Moto C Build/NRD90M.063,,android webview 4.0,
CAM-L03 Build/HUAWEICAM-L03|UNK|chrome generic for android|UNK,CAM-L03 Build/HUAWEICAM-L03,,chrome generic for android,
SM-G531H Build/LMY48B|UNK|chrome generic|UNK,SM-G531H Build/LMY48B,,chrome generic,
F3213|UNK|chrome 64.0 for android|UNK,F3213,,chrome 64.0 for android,
SM-J701M Build/NRD90M|UNK|chrome generic for android|UNK,SM-J701M Build/NRD90M,,chrome generic for android,
MacOS|Mac OS X 10_10_5|chrome|1280x800,MacOS,Mac OS X 10_10_5,chrome,1280x800
SM-G920I Build/NRD90M|UNK|chrome 64.0 for android|UNK,SM-G920I Build/NRD90M,,chrome 64.0 for android,
SM-N920P|UNK|chrome generic for android|UNK,SM-N920P,,chrome generic for android,
FIG-LX3 Build/HUAWEIFIG-LX3|UNK|chrome 62.0 for android|UNK,FIG-LX3 Build/HUAWEIFIG-LX3,,chrome 62.0 for android,
SAMSUNG SM-A510M Build/NRD90M|UNK|samsung browser generic|UNK,SAMSUNG SM-A510M Build/NRD90M,,samsung browser generic,
SM-G928G Build/NRD90M|UNK|chrome 62.0 for android|UNK,SM-G928G Build/NRD90M,,chrome 62.0 for android,
SM-G955F Build/NRD90M|UNK|chrome generic for android|UNK,SM-G955F Build/NRD90M,,chrome generic for android,
SM-N920P Build/NRD90M|UNK|chrome generic for android|UNK,SM-N920P Build/NRD90M,,chrome generic for android,
LG-K240 Build/MXB48T|UNK|chrome generic for android|UNK,LG-K240 Build/MXB48T,,chrome generic for android,
LGUS215 Build/NRD90U|Android 7.0|chrome generic for android|1280x720,LGUS215 Build/NRD90U,Android 7.0,chrome generic for android,1280x720
MacOS|Mac OS X 10_11_6|chrome 64.0|1600x1200,MacOS,Mac OS X 10_11_6,chrome 64.0,1600x1200
5045I|UNK|chrome generic for android|UNK,5045I,,chrome generic for android,
rv:58.0|Mac OS X 10.11|firefox 58.0|1440x900,rv:58.0,Mac OS X 10.11,firefox 58.0,1440x900
MacOS|Mac|chrome 64.0|1920x1080,MacOS,Mac,chrome 64.0,1920x1080
Windows|Windows 7|chrome 64.0|1280x960,Windows,Windows 7,chrome 64.0,1280x960
XT1635-01|Android 7.1.1|chrome generic for android|1920x1080,XT1635-01,Android 7.1.1,chrome generic for android,1920x1080
Windows|Windows 10|chrome 64.0|2000x1125,Windows,Windows 10,chrome 64.0,2000x1125
SM-G531H Build/LMY48B|UNK|chrome 54.0 for android|UNK,SM-G531H Build/LMY48B,,chrome 54.0 for android,
E2306 Build/26.3.A.1.33|UNK|chrome generic for android|UNK,E2306 Build/26.3.A.1.33,,chrome generic for android,
SM-A520F Build/NRD90M|UNK|chrome generic for android|UNK,SM-A520F Build/NRD90M,,chrome generic for android,
SAMSUNG SM-G920P Build/NRD90M|Android 7.0|samsung browser generic|2560x1440,SAMSUNG SM-G920P Build/NRD90M,Android 7.0,samsung browser generic,2560x1440
BAC-L03 Build/HUAWEIBAC-L03|UNK|chrome generic for android|UNK,BAC-L03 Build/HUAWEIBAC-L03,,chrome generic for android,
STF-L09 Build/HUAWEISTF-L09|UNK|chrome 64.0 for android|UNK,STF-L09 Build/HUAWEISTF-L09,,chrome 64.0 for android,
E5606 Build/30.2.A.1.21|UNK|chrome generic for android|UNK,E5606 Build/30.2.A.1.21,,chrome generic for android,
E2104 Build/24.0.A.5.14|UNK|chrome 64.0 for android|UNK,E2104 Build/24.0.A.5.14,,chrome 64.0 for android,
MHA-L29 Build/HUAWEIMHA-L29|Android 8.0.0|chrome generic for android|1920x1080,MHA-L29 Build/HUAWEIMHA-L29,Android 8.0.0,chrome generic for android,1920x1080
MacOS|Mac OS X 10_13_2|chrome 64.0|3360x2100,MacOS,Mac OS X 10_13_2,chrome 64.0,3360x2100
SM-G925F Build/NRD90M|UNK|chrome 64.0 for android|UNK,SM-G925F Build/NRD90M,,chrome 64.0 for android,
Redmi 3S Build/MMB29M|UNK|chrome 63.0 for android|UNK,Redmi 3S Build/MMB29M,,chrome 63.0 for android,
HTC Desire 650 Build/MMB29M|UNK|chrome generic for android|UNK,HTC Desire 650 Build/MMB29M,,chrome generic for android,
SM-P580 Build/NRD90M|UNK|chrome 64.0 for android|UNK,SM-P580 Build/NRD90M,,chrome 64.0 for android,
SM-G900M Build/MMB29M|UNK|chrome generic for android|UNK,SM-G900M Build/MMB29M,,chrome generic for android,
Linux x86_64|Linux|chrome 64.0|1920x1080,Linux x86_64,Linux,chrome 64.0,1920x1080
Alcatel_4060O Build/MMB29M|Android 6.0.1|chrome 50.0 for android|855x480,Alcatel_4060O Build/MMB29M,Android 6.0.1,chrome 50.0 for android,855x480
Windows|Windows 10|chrome generic|1280x1024,Windows,Windows 10,chrome generic,1280x1024
SM-G920F Build/MMB29K|UNK|chrome 64.0 for android|UNK,SM-G920F Build/MMB29K,,chrome 64.0 for android,
SM-T280 Build/LMY47V|Android 5.1.1|chrome 64.0 for android|UNK,SM-T280 Build/LMY47V,Android 5.1.1,chrome 64.0 for android,
STF-L09 Build/HUAWEISTF-L09|UNK|chrome generic for android|UNK,STF-L09 Build/HUAWEISTF-L09,,chrome generic for android,
SM-T700 Build/MMB29K|UNK|chrome 64.0 for android|UNK,SM-T700 Build/MMB29K,,chrome 64.0 for android,
rv:47.0|Mac OS X 10.10|firefox 47.0|1440x900,rv:47.0,Mac OS X 10.10,firefox 47.0,1440x900
MacOS|Mac OS X 10_13_3|chrome generic|2560x1600,MacOS,Mac OS X 10_13_3,chrome generic,2560x1600
Windows|Windows 10|chrome 64.0|2800x1575,Windows,Windows 10,chrome 64.0,2800x1575
Moto Z (2|Android 8.0.0|chrome generic|2560x1440,Moto Z (2,Android 8.0.0,chrome generic,2560x1440
XT1008|UNK|chrome|UNK,XT1008,,chrome,
LGUS992|Android 7.0|chrome generic for android|2560x1440,LGUS992,Android 7.0,chrome generic for android,2560x1440
SM-T560 Build/KTU84P|UNK|chrome generic|UNK,SM-T560 Build/KTU84P,,chrome generic,
SM-T700 Build/MMB29K|UNK|chrome generic for android|UNK,SM-T700 Build/MMB29K,,chrome generic for android,
Lenovo|UNK|opera|UNK,Lenovo,,opera,
Windows|Windows 7|opera 51.0|1920x1080,Windows,Windows 7,opera 51.0,1920x1080
TRT-L53 Build/HUAWEITRT-L53|UNK|chrome generic for android|UNK,TRT-L53 Build/HUAWEITRT-L53,,chrome generic for android,
XT1609|UNK|chrome 57.0 for android|UNK,XT1609,,chrome 57.0 for android,
MacOS|Mac OS X 10_7_5|chrome 49.0|1344x756,MacOS,Mac OS X 10_7_5,chrome 49.0,1344x756
LG-LS777 Build/NRD90U|Android 7.0|chrome 64.0 for android|1280x720,LG-LS777 Build/NRD90U,Android 7.0,chrome 64.0 for android,1280x720
A0001 Build/MHC19Q|UNK|chrome 64.0 for android|UNK,A0001 Build/MHC19Q,,chrome 64.0 for android,
SM-T537V|UNK|chrome 50.0 for android|UNK,SM-T537V,,chrome 50.0 for android,
moto x4 Build/OPWS27.57-40-6|UNK|samsung browser 6.2|UNK,moto x4 Build/OPWS27.57-40-6,,samsung browser 6.2,
P5006A Build/NRD90M|UNK|chrome 56.0 for android|UNK,P5006A Build/NRD90M,,chrome 56.0 for android,
ALCATEL ONE TOUCH 7042A Build/JDQ39|UNK|chrome 64.0 for android|UNK,ALCATEL ONE TOUCH 7042A Build/JDQ39,,chrome 64.0 for android,
Lenovo PB2-650Y Build/MRA58K|UNK|chrome generic for android|UNK,Lenovo PB2-650Y Build/MRA58K,,chrome generic for android,
MacOS|Mac OS X 10_12_5|chrome 64.0|1440x900,MacOS,Mac OS X 10_12_5,chrome 64.0,1440x900
MacOS|Mac OS X 10_13_3|chrome generic|1280x800,MacOS,Mac OS X 10_13_3,chrome generic,1280x800
LG-V410|Android 4.4.2|chrome 64.0 for android|UNK,LG-V410,Android 4.4.2,chrome 64.0 for android,
SAMSUNG SM-A720F Build/NRD90M|UNK|samsung browser generic|UNK,SAMSUNG SM-A720F Build/NRD90M,,samsung browser generic,
SC-02H|UNK|chrome generic for android|UNK,SC-02H,,chrome generic for android,
5054S Build/LMY47V|UNK|chrome 58.0 for android|UNK,5054S Build/LMY47V,,chrome 58.0 for android,
MacOS|Mac OS X 10_13_2|chrome 64.0|6720x3780,MacOS,Mac OS X 10_13_2,chrome 64.0,6720x3780
Nexus|UNK|UNK|UNK,Nexus,,,
Windows|Windows 8.1|firefox 58.0|1366x768,Windows,Windows 8.1,firefox 58.0,1366x768
Windows|Linux|chrome generic|1920x1080,Windows,Linux,chrome generic,1920x1080
HUAWEI|UNK|chrome generic for android|UNK,HUAWEI,,chrome generic for android,
SM-G355M Build/KOT49H|UNK|chrome generic|UNK,SM-G355M Build/KOT49H,,chrome generic,
SM-G955U Build/NRD90M|Android 7.0|chrome generic for android|UNK,SM-G955U Build/NRD90M,Android 7.0,chrome generic for android,
MacOS|Mac OS X 10_12_5|chrome 64.0|2560x1600,MacOS,Mac OS X 10_12_5,chrome 64.0,2560x1600
MacOS|Mac OS X 10_12_1|chrome 64.0|1280x800,MacOS,Mac OS X 10_12_1,chrome 64.0,1280x800
RS988|Android 7.0|chrome 64.0 for android|2560x1440,RS988,Android 7.0,chrome 64.0 for android,2560x1440
BLU LIFE XL Build/L050U|UNK|chrome 63.0 for android|UNK,BLU LIFE XL Build/L050U,,chrome 63.0 for android,
SAMSUNG SM-G930T Build/NRD90M|Android 7.0|samsung browser generic|1920x1080,SAMSUNG SM-G930T Build/NRD90M,Android 7.0,samsung browser generic,1920x1080
SM-G928T Build/NRD90M|UNK|chrome 58.0 for android|UNK,SM-G928T Build/NRD90M,,chrome 58.0 for android,
SAMSUNG SM-G920I Build/NRD90M|UNK|samsung browser generic|UNK,SAMSUNG SM-G920I Build/NRD90M,,samsung browser generic,
Windows|Windows 7|chrome 64.0|1364x768,Windows,Windows 7,chrome 64.0,1364x768
Windows|Windows 10|edge 16.0|1280x720,Windows,Windows 10,edge 16.0,1280x720
MacOS|Mac OS X 10_11_6|chrome 64.0|5120x2880,MacOS,Mac OS X 10_11_6,chrome 64.0,5120x2880
SM-A500FU|UNK|chrome 61.0 for android|UNK,SM-A500FU,,chrome 61.0 for android,
LGLS992|Android 7.0|chrome generic for android|2560x1440,LGLS992,Android 7.0,chrome generic for android,2560x1440
SM-G950U Build/NRD90M|UNK|chrome generic for android|UNK,SM-G950U Build/NRD90M,,chrome generic for android,
E2104 Build/24.0.A.5.14|UNK|chrome 57.0 for android|UNK,E2104 Build/24.0.A.5.14,,chrome 57.0 for android,
Moto G Play Build/MPIS24.241-15.3-26|UNK|chrome generic for android|UNK,Moto G Play Build/MPIS24.241-15.3-26,,chrome generic for android,
SM-A510M Build/MMB29K|UNK|chrome 62.0 for android|UNK,SM-A510M Build/MMB29K,,chrome 62.0 for android,
Windows|Windows 10|chrome 64.0|2304x1440,Windows,Windows 10,chrome 64.0,2304x1440
5010G Build/MRA58K|UNK|android webview 4.0|UNK,5010G Build/MRA58K,,android webview 4.0,
F3313 Build/37.0.A.2.248|UNK|chrome generic for android|UNK,F3313 Build/37.0.A.2.248,,chrome generic for android,
Ilium Pad T7X Build/LMY47I|UNK|chrome generic|UNK,Ilium Pad T7X Build/LMY47I,,chrome generic,
E6810|Android 7.1.2|chrome generic for android|1920x1080,E6810,Android 7.1.2,chrome generic for android,1920x1080
XT1095|Android 6.0|chrome generic for android|1920x1080,XT1095,Android 6.0,chrome generic for android,1920x1080
SM-G900T Build/MMB29M|UNK|chrome 64.0 for android|UNK,SM-G900T Build/MMB29M,,chrome 64.0 for android,
MacOS|Mac OS X 10_12_4|chrome 64.0|1440x900,MacOS,Mac OS X 10_12_4,chrome 64.0,1440x900
Android 6.0.1|UNK|UNK|UNK,Android 6.0.1,,,
SAMSUNG|Android 5.1.1|chrome generic|1280x720,SAMSUNG,Android 5.1.1,chrome generic,1280x720
SM-J727P|Android 7.0|chrome 64.0 for android|1280x720,SM-J727P,Android 7.0,chrome 64.0 for android,1280x720
SM-G925I Build/LMY47X|UNK|chrome generic|UNK,SM-G925I Build/LMY47X,,chrome generic,
LGMP260 Build/NRD90U|UNK|chrome generic for android|UNK,LGMP260 Build/NRD90U,,chrome generic for android,
SM-J500M Build/LMY48B|UNK|chrome generic|UNK,SM-J500M Build/LMY48B,,chrome generic,
Z799VL|Android 6.0.1|chrome 53.0 for android|855x480,Z799VL,Android 6.0.1,chrome 53.0 for android,855x480
moto x4 Build/OPWS27.57-40-6|UNK|chrome generic for android|UNK,moto x4 Build/OPWS27.57-40-6,,chrome generic for android,
SAMSUNG SM-G900A Build/MMB29M|Android 6.0.1|samsung browser generic|1920x1080,SAMSUNG SM-G900A Build/MMB29M,Android 6.0.1,samsung browser generic,1920x1080
SM-G925I Build/NRD90M|UNK|chrome generic for android|UNK,SM-G925I Build/NRD90M,,chrome generic for android,
LGMS330 Build/LMY47V|UNK|chrome 50.0 for android|UNK,LGMS330 Build/LMY47V,,chrome 50.0 for android,
M4 SS4453 Build/MMB29M|UNK|chrome generic for android|UNK,M4 SS4453 Build/MMB29M,,chrome generic for android,
SAMSUNG SM-A310F Build/NRD90M|UNK|samsung browser generic|UNK,SAMSUNG SM-A310F Build/NRD90M,,samsung browser generic,
5080A Build/MRA58K|UNK|chrome generic for android|UNK,5080A Build/MRA58K,,chrome generic for android,
SM-G920F Build/NRD90M|UNK|chrome generic for android|UNK,SM-G920F Build/NRD90M,,chrome generic for android,
GT-N5110 Build/JDQ39|UNK|chrome generic|UNK,GT-N5110 Build/JDQ39,,chrome generic,
MacOS|Mac OS X 10_13_3|safari generic|1440x759,MacOS,Mac OS X 10_13_3,safari generic,1440x759
SM-T310 Build/KOT49H|Android 4.4.2|chrome 64.0 for android|UNK,SM-T310 Build/KOT49H,Android 4.4.2,chrome 64.0 for android,
Windows|Windows XP|chrome 49.0|1024x600,Windows,Windows XP,chrome 49.0,1024x600
UNK|Linux|chrome generic|2961x1442,,Linux,chrome generic,2961x1442
SM-J710MN Build/MMB29K|UNK|chrome 56.0 for android|UNK,SM-J710MN Build/MMB29K,,chrome 56.0 for android,
Redmi|UNK|chrome generic for android|UNK,Redmi,,chrome generic for android,
Aquaris_A4.5|UNK|chrome generic for android|UNK,Aquaris_A4.5,,chrome generic for android,
5056N|Android 6.0.1|chrome 64.0 for android|1280x720,5056N,Android 6.0.1,chrome 64.0 for android,1280x720
MacOS|Mac|chrome 64.0|1366x768,MacOS,Mac,chrome 64.0,1366x768
SAMSUNG-SGH-I497|UNK|chrome 59.0 for android|UNK,SAMSUNG-SGH-I497,,chrome 59.0 for android,
5054S Build/LMY47V|UNK|chrome 64.0 for android|UNK,5054S Build/LMY47V,,chrome 64.0 for android,
SM-J110M Build/LMY48B|UNK|chrome generic|UNK,SM-J110M Build/LMY48B,,chrome generic,
Pixel|Android 8.1.0|chrome generic for android|UNK,Pixel,Android 8.1.0,chrome generic for android,
Moto E (4) Plus Build/NMA26.42-142|UNK|chrome generic|UNK,Moto E (4) Plus Build/NMA26.42-142,,chrome generic,
SM-J510MN Build/MMB29M|UNK|chrome 56.0 for android|UNK,SM-J510MN Build/MMB29M,,chrome 56.0 for android,
ALCATEL ONE TOUCH 7040A Build/JDQ39|UNK|chrome 64.0 for android|UNK,ALCATEL ONE TOUCH 7040A Build/JDQ39,,chrome 64.0 for android,
MacOS|Mac OS X 10_13_3|chrome generic|1920x1080,MacOS,Mac OS X 10_13_3,chrome generic,1920x1080
UNK|Linux|chrome generic|1280x720,,Linux,chrome generic,1280x720
ZTE-Z956|Android 6.0.1|other|1280x720,ZTE-Z956,Android 6.0.1,other,1280x720
MacOS|Mac OS X 10_13_1|chrome 64.0|4096x2304,MacOS,Mac OS X 10_13_1,chrome 64.0,4096x2304
F80 PIABELLA Build/MRA58K|UNK|chrome generic for android|UNK,F80 PIABELLA Build/MRA58K,,chrome generic for android,
SM-G950U Build/NRD90M|Android 7.0|chrome 61.0 for android|2960x1440,SM-G950U Build/NRD90M,Android 7.0,chrome 61.0 for android,2960x1440
SAMSUNG SM-G925I Build/NRD90M|UNK|samsung browser generic|UNK,SAMSUNG SM-G925I Build/NRD90M,,samsung browser generic,
M4 SS4451 Build/LMY47D|UNK|chrome 51.0 for android|UNK,M4 SS4451 Build/LMY47D,,chrome 51.0 for android,
MacOS|Mac OS X 10_13_3|chrome 64.0|5760x3240,MacOS,Mac OS X 10_13_3,chrome 64.0,5760x3240
Pixel XL Build/OPM1.171019.016|Android 8.1.0|chrome generic for android|2562x1442,Pixel XL Build/OPM1.171019.016,Android 8.1.0,chrome generic for android,2562x1442
Lenovo TB3-710F Build/LRX21M|UNK|chrome 64.0 for android|UNK,Lenovo TB3-710F Build/LRX21M,,chrome 64.0 for android,
XT1650|Android 7.1.1|chrome generic for android|2560x1440,XT1650,Android 7.1.1,chrome generic for android,2560x1440
E5306 Build/27.3.A.0.129|UNK|chrome generic for android|UNK,E5306 Build/27.3.A.0.129,,chrome generic for android,
Ilium X710 Build/MRA58K|UNK|chrome 50.0 for android|UNK,Ilium X710 Build/MRA58K,,chrome 50.0 for android,
Windows|Windows 10|firefox 59.0|1680x1050,Windows,Windows 10,firefox 59.0,1680x1050
Hisense F23 Build/NRD90M|UNK|chrome 54.0 for android|UNK,Hisense F23 Build/NRD90M,,chrome 54.0 for android,
SM-A720F Build/NRD90M|UNK|chrome generic for android|UNK,SM-A720F Build/NRD90M,,chrome generic for android,
iOS Device|iOS 11.3.0|mobile safari generic|2436x1125,iOS Device,iOS 11.3.0,mobile safari generic,2436x1125
Nexus 5 Build/M4B30Z|UNK|chrome generic for android|UNK,Nexus 5 Build/M4B30Z,,chrome generic for android,
8050G Build/LMY47I|UNK|chrome 50.0 for android|UNK,8050G Build/LMY47I,,chrome 50.0 for android,
moto x4 Build/NPW26.83-18-2-0-4|UNK|chrome generic for android|UNK,moto x4 Build/NPW26.83-18-2-0-4,,chrome generic for android,
MacOS|Mac OS X 10_11_6|chrome 58.0|1440x900,MacOS,Mac OS X 10_11_6,chrome 58.0,1440x900
LG-M250 Build/NRD90U|UNK|chrome generic for android|UNK,LG-M250 Build/NRD90U,,chrome generic for android,
Windows|Windows 10|chrome generic|2560x1440,Windows,Windows 10,chrome generic,2560x1440
C6903|UNK|chrome generic|UNK,C6903,,chrome generic,
Linux x86_64|Linux|firefox 58.0|1440x900,Linux x86_64,Linux,firefox 58.0,1440x900
Ilium X520 Build/NRD90M|UNK|chrome 58.0 for android|UNK,Ilium X520 Build/NRD90M,,chrome 58.0 for android,
E5823 Build/32.4.A.1.54|UNK|chrome generic for android|UNK,E5823 Build/32.4.A.1.54,,chrome generic for android,
E5506|UNK|chrome generic for android|UNK,E5506,,chrome generic for android,
XT1032 Build/LPBS23.13-56-2|UNK|chrome generic|UNK,XT1032 Build/LPBS23.13-56-2,,chrome generic,
SAMSUNG SM-N910A Build/MMB29M|Android 6.0.1|samsung browser generic|2560x1440,SAMSUNG SM-N910A Build/MMB29M,Android 6.0.1,samsung browser generic,2560x1440
ONE TOUCH 4016A Build/JDQ39|UNK|chrome 64.0 for android|UNK,ONE TOUCH 4016A Build/JDQ39,,chrome 64.0 for android,
HTC 10 Build/NRD90M|UNK|chrome generic for android|UNK,HTC 10 Build/NRD90M,,chrome generic for android,
BLA-L09 Build/HUAWEIBLA-L09|UNK|chrome 64.0 for android|UNK,BLA-L09 Build/HUAWEIBLA-L09,,chrome 64.0 for android,
Blade V6 Build/LRX22G|UNK|chrome generic|UNK,Blade V6 Build/LRX22G,,chrome generic,
LG-D680 Build/KOT49I|UNK|chrome generic|UNK,LG-D680 Build/KOT49I,,chrome generic,
SM-A310M Build/NRD90M|UNK|chrome generic for android|UNK,SM-A310M Build/NRD90M,,chrome generic for android,
5025G Build/LMY47I|UNK|chrome 43.0 for android|UNK,5025G Build/LMY47I,,chrome 43.0 for android,
BLADE V7 Build/MRA58K|UNK|chrome 64.0 for android|UNK,BLADE V7 Build/MRA58K,,chrome 64.0 for android,
LG-M700 Build/NMF26X|UNK|chrome generic for android|UNK,LG-M700 Build/NMF26X,,chrome generic for android,
LG-H815 Build/MRA58K|UNK|chrome generic for android|UNK,LG-H815 Build/MRA58K,,chrome generic for android,
ALP-L09 Build/HUAWEIALP-L09S|UNK|chrome generic for android|UNK,ALP-L09 Build/HUAWEIALP-L09S,,chrome generic for android,
UNK|UNK|firefox 59.0|UNK,,,firefox 59.0,
MAGNO|UNK|chrome 63.0 for android|UNK,MAGNO,,chrome 63.0 for android,
SM-J530GM Build/NRD90M|UNK|chrome generic for android|UNK,SM-J530GM Build/NRD90M,,chrome generic for android,
LG-M430 Build/NRD90U|Android 7.0|chrome generic for android|1280x720,LG-M430 Build/NRD90U,Android 7.0,chrome generic for android,1280x720
Alcatel_5056O|UNK|chrome 64.0 for android|UNK,Alcatel_5056O,,chrome 64.0 for android,
LG-SP200|Android 7.1.2|chrome generic for android|1280x720,LG-SP200,Android 7.1.2,chrome generic for android,1280x720
SM-G920V Build/NRD90M|Android 7.0|chrome generic for android|2560x1440,SM-G920V Build/NRD90M,Android 7.0,chrome generic for android,2560x1440
Hisense F20 Build/MMB29M|UNK|chrome 58.0 for android|UNK,Hisense F20 Build/MMB29M,,chrome 58.0 for android,
rv:49.0|Windows 10|firefox|1366x768,rv:49.0,Windows 10,firefox,1366x768
SM-G530H Build/LRX22G|UNK|chrome generic|UNK,SM-G530H Build/LRX22G,,chrome generic,
XT1650 Build/NCLS26.118-23-13-6-5|Android 7.1.1|chrome generic for android|UNK,XT1650 Build/NCLS26.118-23-13-6-5,Android 7.1.1,chrome generic for android,
Windows|Windows 7|chrome generic|1280x800,Windows,Windows 7,chrome generic,1280x800
BAC-L03 Build/HUAWEIBAC-L03|UNK|chrome 60.0 for android|UNK,BAC-L03 Build/HUAWEIBAC-L03,,chrome 60.0 for android,
Windows|Windows 7|chrome generic|1360x768,Windows,Windows 7,chrome generic,1360x768
ZTE|UNK|chrome 64.0 for android|UNK,ZTE,,chrome 64.0 for android,
SM-N900W8 Build/LRX21V|UNK|chrome generic|UNK,SM-N900W8 Build/LRX21V,,chrome generic,
LG-M400 Build/NRD90U|UNK|chrome generic for android|UNK,LG-M400 Build/NRD90U,,chrome generic for android,
SAMSUNG-SM-G920A Build/NRD90M|Android 7.0|chrome generic for android|2560x1440,SAMSUNG-SM-G920A Build/NRD90M,Android 7.0,chrome generic for android,2560x1440
VK815|Android 6.0|chrome 64.0 for android|1920x1200,VK815,Android 6.0,chrome 64.0 for android,1920x1200
SAMSUNG SM-J701M Build/NRD90M|Android 7.0|samsung browser 5.2|1280x720,SAMSUNG SM-J701M Build/NRD90M,Android 7.0,samsung browser 5.2,1280x720
Windows|Windows 10|firefox 59.0|1600x900,Windows,Windows 10,firefox 59.0,1600x900
MHA-L09 Build/HUAWEIMHA-L09|UNK|chrome generic for android|UNK,MHA-L09 Build/HUAWEIMHA-L09,,chrome generic for android,
SM-J320M Build/LMY47V|UNK|chrome generic|UNK,SM-J320M Build/LMY47V,,chrome generic,
SAMSUNG SM-G950F Build/R16NW|UNK|samsung browser 7.0|UNK,SAMSUNG SM-G950F Build/R16NW,,samsung browser 7.0,
BLADE A602 Build/MRA58K|UNK|chrome 60.0 for android|UNK,BLADE A602 Build/MRA58K,,chrome 60.0 for android,
LG-K580 Build/MRA58K|UNK|chrome generic for android|UNK,LG-K580 Build/MRA58K,,chrome generic for android,
MacOS|Mac OS X 10_11_4|safari generic|5120x2880,MacOS,Mac OS X 10_11_4,safari generic,5120x2880
Moto G (4) Build/NPJS25.93-14-8.1-4|UNK|chrome generic|UNK,Moto G (4) Build/NPJS25.93-14-8.1-4,,chrome generic,
SM-A510F Build/NRD90M|UNK|chrome generic for android|UNK,SM-A510F Build/NRD90M,,chrome generic for android,
Aquaris|UNK|chrome generic for android|UNK,Aquaris,,chrome generic for android,
SM-C900F|Android 7.1.1|chrome generic for android|UNK,SM-C900F,Android 7.1.1,chrome generic for android,
LG-H840 Build/NRD90U|UNK|chrome generic for android|UNK,LG-H840 Build/NRD90U,,chrome generic for android,
TR10CS1 Build/JDQ39|UNK|chrome generic|UNK,TR10CS1 Build/JDQ39,,chrome generic,
HUAWEI NXT-L09 Build/HUAWEINXT-L09|UNK|chrome generic for android|UNK,HUAWEI NXT-L09 Build/HUAWEINXT-L09,,chrome generic for android,
SAMSUNG-SM-T377A Build/MMB29K|UNK|chrome generic for android|UNK,SAMSUNG-SM-T377A Build/MMB29K,,chrome generic for android,
SM-P355M Build/MMB29M|UNK|chrome generic for android|UNK,SM-P355M Build/MMB29M,,chrome generic for android,
P5046A|UNK|chrome generic for android|UNK,P5046A,,chrome generic for android,
rv:59.0|UNK|Generic/Android 7.0|UNK,rv:59.0,,Generic/Android 7.0,
UNK|Android|chrome 64.0|1280x800,,Android,chrome 64.0,1280x800
LG-K500 Build/MMB29M|UNK|chrome generic for android|UNK,LG-K500 Build/MMB29M,,chrome generic for android,
Tmovi Build/Vision|UNK|chrome generic|UNK,Tmovi Build/Vision,,chrome generic,
SM-A510M Build/MMB29K|UNK|chrome generic for android|UNK,SM-A510M Build/MMB29K,,chrome generic for android,
Windows|Windows 7|chrome generic|1024x768,Windows,Windows 7,chrome generic,1024x768
SAMSUNG SM-G920P Build/NRD90M|Android 7.0|samsung browser generic|UNK,SAMSUNG SM-G920P Build/NRD90M,Android 7.0,samsung browser generic,
MacOS|Mac OS X 10_12_6|chrome generic|1280x800,MacOS,Mac OS X 10_12_6,chrome generic,1280x800
rv:52.0|Mac OS X 10.13|firefox 52.0|1920x1080,rv:52.0,Mac OS X 10.13,firefox 52.0,1920x1080
Blade V580 Build/LMY47D|UNK|chrome generic|UNK,Blade V580 Build/LMY47D,,chrome generic,
Windows|Windows 8.1|firefox 58.0|2160x1440,Windows,Windows 8.1,firefox 58.0,2160x1440
Nexus|Android 7.0|chrome generic for android|2562x1442,Nexus,Android 7.0,chrome generic for android,2562x1442
HUAWEI GRA-L09 Build/HUAWEIGRA-L09|UNK|chrome generic|UNK,HUAWEI GRA-L09 Build/HUAWEIGRA-L09,,chrome generic,
Ilium LT520 Build/NRD90M|UNK|chrome 64.0 for android|UNK,Ilium LT520 Build/NRD90M,,chrome 64.0 for android,
iOS Device|iOS 11.0.3|chrome|2048x1536,iOS Device,iOS 11.0.3,chrome,2048x1536
STK_Sync_5e|UNK|chrome 64.0 for android|UNK,STK_Sync_5e,,chrome 64.0 for android,
RNE-L03 Build/HUAWEIRNE-L03|UNK|chrome generic for android|UNK,RNE-L03 Build/HUAWEIRNE-L03,,chrome generic for android,
MacOS|Mac OS X 10_11_6|chrome generic|1440x900,MacOS,Mac OS X 10_11_6,chrome generic,1440x900
Windows|Windows 10|chrome generic|3201x1800,Windows,Windows 10,chrome generic,3201x1800
SM-G935T Build/NRD90M|Android 7.0|chrome generic for android|1920x1080,SM-G935T Build/NRD90M,Android 7.0,chrome generic for android,1920x1080
iOS Device|iOS 11.0.0|mobile safari generic|2001x1125,iOS Device,iOS 11.0.0,mobile safari generic,2001x1125
SM-G920P Build/NRD90M|UNK|chrome generic for android|UNK,SM-G920P Build/NRD90M,,chrome generic for android,
FRD-L04 Build/HUAWEIFRD-L04|UNK|chrome generic for android|UNK,FRD-L04 Build/HUAWEIFRD-L04,,chrome generic for android,
SM-A500M Build/LRX22G|UNK|chrome generic|UNK,SM-A500M Build/LRX22G,,chrome generic,
F3313 Build/37.0.A.2.108|UNK|chrome generic for android|UNK,F3313 Build/37.0.A.2.108,,chrome generic for android,
Moto|UNK|chrome 56.0 for android|UNK,Moto,,chrome 56.0 for android,
SM-G928G Build/NRD90M|UNK|chrome generic for android|UNK,SM-G928G Build/NRD90M,,chrome generic for android,
VS5012 Build/NRD90M|UNK|chrome generic for android|UNK,VS5012 Build/NRD90M,,chrome generic for android,
F5121 Build/34.3.A.0.238|UNK|chrome generic for android|UNK,F5121 Build/34.3.A.0.238,,chrome generic for android,
HUAWEI VNS-L53 Build/HUAWEIVNS-L53|UNK|chrome generic for android|UNK,HUAWEI VNS-L53 Build/HUAWEIVNS-L53,,chrome generic for android,
HUAWEI VNS-L23 Build/HUAWEIVNS-L23|UNK|chrome generic for android|UNK,HUAWEI VNS-L23 Build/HUAWEIVNS-L23,,chrome generic for android,
SM-N950F Build/NMF26X|UNK|chrome generic for android|UNK,SM-N950F Build/NMF26X,,chrome generic for android,
LG-X220 Build/LMY47I|UNK|chrome generic|UNK,LG-X220 Build/LMY47I,,chrome generic,
Linux i686|UNK|firefox 59.0|UNK,Linux i686,,firefox 59.0,
Ilium Pad T7X Build/LMY47I|UNK|chrome 50.0 for android|UNK,Ilium Pad T7X Build/LMY47I,,chrome 50.0 for android,
Redmi 4X Build/N2G47H|UNK|chrome generic for android|UNK,Redmi 4X Build/N2G47H,,chrome generic for android,
Windows|Windows 8.1|firefox 59.0|1920x1080,Windows,Windows 8.1,firefox 59.0,1920x1080
VS996 Build/OPR1.170623.026|Android 8.0.0|UNK|2880x1440,VS996 Build/OPR1.170623.026,Android 8.0.0,,2880x1440
Windows|Windows 10|chrome generic|1280x800,Windows,Windows 10,chrome generic,1280x800
AX820 Build/MRA58K|UNK|chrome 64.0 for android|UNK,AX820 Build/MRA58K,,chrome 64.0 for android,
Windows|Windows 7|chrome 57.0|2560x1440,Windows,Windows 7,chrome 57.0,2560x1440
LG-X240 Build/MRA58K|UNK|chrome generic for android|UNK,LG-X240 Build/MRA58K,,chrome generic for android,
Redmi Note 4 Build/NRD90M|UNK|chrome 62.0 for android|UNK,Redmi Note 4 Build/NRD90M,,chrome 62.0 for android,
HUAWEI CUN-L03 Build/HUAWEICUN-L03|UNK|android browser 4.0|UNK,HUAWEI CUN-L03 Build/HUAWEICUN-L03,,android browser 4.0,
MI|UNK|chrome generic|UNK,MI,,chrome generic,
MacOS|Mac OS X 10_13_4|chrome generic|3360x2100,MacOS,Mac OS X 10_13_4,chrome generic,3360x2100
MacOS|Mac OS X 10_10_5|chrome generic|1920x1080,MacOS,Mac OS X 10_10_5,chrome generic,1920x1080
ILIUM|UNK|chrome generic|UNK,ILIUM,,chrome generic,
SAMSUNG SM-A520F Build/NRD90M|UNK|samsung browser generic|UNK,SAMSUNG SM-A520F Build/NRD90M,,samsung browser generic,
SM-G955U Build/R16NW|Android 8.0.0|chrome generic for android|UNK,SM-G955U Build/R16NW,Android 8.0.0,chrome generic for android,
Z981 Build/MMB29M|UNK|chrome generic for android|UNK,Z981 Build/MMB29M,,chrome generic for android,
LG-H420 Build/LRX21Y|UNK|chrome 64.0 for android|UNK,LG-H420 Build/LRX21Y,,chrome 64.0 for android,
Lenovo TB-X103F Build/LenovoTB-X103F|UNK|chrome generic for android|UNK,Lenovo TB-X103F Build/LenovoTB-X103F,,chrome generic for android,
LG-K430 Build/MRA58K|UNK|chrome generic for android|UNK,LG-K430 Build/MRA58K,,chrome generic for android,
SM-J105B Build/LMY47V|UNK|chrome 53.0 for android|UNK,SM-J105B Build/LMY47V,,chrome 53.0 for android,
rv:59.0|UNK|Generic/Android|UNK,rv:59.0,,Generic/Android,
SM-T113NU Build/KTU84P|UNK|chrome generic|UNK,SM-T113NU Build/KTU84P,,chrome generic,
rv:59.0|Mac OS X 10.12|firefox 59.0|1280x800,rv:59.0,Mac OS X 10.12,firefox 59.0,1280x800
WAS-TL10 Build/HUAWEIWAS-TL10|UNK|chrome generic for android|UNK,WAS-TL10 Build/HUAWEIWAS-TL10,,chrome generic for android,
SAMSUNG SM-G955U Build/NRD90M|Android 7.0|samsung browser generic|2220x1080,SAMSUNG SM-G955U Build/NRD90M,Android 7.0,samsung browser generic,2220x1080
UNK|Android|chrome generic|UNK,,Android,chrome generic,
LG-H735 Build/LMY47V|UNK|chrome 64.0 for android|UNK,LG-H735 Build/LMY47V,,chrome 64.0 for android,
rv:59.0|Mac OS X 10.11|firefox 59.0|4096x2304,rv:59.0,Mac OS X 10.11,firefox 59.0,4096x2304
LG-K428 Build/MMB29M|Android 6.0.1|chrome generic for android|1280x720,LG-K428 Build/MMB29M,Android 6.0.1,chrome generic for android,1280x720
WAS-LX3 Build/HUAWEIWAS-LX3|UNK|chrome generic for android|UNK,WAS-LX3 Build/HUAWEIWAS-LX3,,chrome generic for android,
G25524K|UNK|chrome generic for android|UNK,G25524K,,chrome generic for android,
SGP511|UNK|chrome generic|UNK,SGP511,,chrome generic,
SM-G570M Build/NRD90M|UNK|chrome generic for android|UNK,SM-G570M Build/NRD90M,,chrome generic for android,
SM-T817V Build/NRD90M|Android 7.0|chrome generic for android|2048x1536,SM-T817V Build/NRD90M,Android 7.0,chrome generic for android,2048x1536
SM-J710MN Build/NRD90M|UNK|chrome generic for android|UNK,SM-J710MN Build/NRD90M,,chrome generic for android,
MacOS|Mac OS X 10_13_3|chrome 64.0|1600x900,MacOS,Mac OS X 10_13_3,chrome 64.0,1600x900
SM-N920V|UNK|chrome generic for android|UNK,SM-N920V,,chrome generic for android,
SAMSUNG-SM-J120A|UNK|chrome 64.0 for android|UNK,SAMSUNG-SM-J120A,,chrome 64.0 for android,
SM-G955U Build/NRD90M|UNK|chrome generic for android|UNK,SM-G955U Build/NRD90M,,chrome generic for android,
ALCATEL ONE TOUCH 7040A Build/JDQ39|UNK|chrome generic|UNK,ALCATEL ONE TOUCH 7040A Build/JDQ39,,chrome generic,
SOV33 Build/35.0.D.2.25|UNK|chrome 54.0 for android|UNK,SOV33 Build/35.0.D.2.25,,chrome 54.0 for android,
Lenovo K33b36 Build/NRD90N|UNK|chrome 55.0 for android|UNK,Lenovo K33b36 Build/NRD90N,,chrome 55.0 for android,
Ilium LT500 Build/LMY47O|UNK|chrome 64.0 for android|UNK,Ilium LT500 Build/LMY47O,,chrome 64.0 for android,
Z813 Build/LMY47O|UNK|chrome generic|UNK,Z813 Build/LMY47O,,chrome generic,
rv:59.0|UNK|firefox 59.0|UNK,rv:59.0,,firefox 59.0,
E2306 Build/26.3.A.1.33|UNK|chrome 57.0 for android|UNK,E2306 Build/26.3.A.1.33,,chrome 57.0 for android,
Lenovo K33b36 Build/MMB29M|UNK|chrome generic for android|UNK,Lenovo K33b36 Build/MMB29M,,chrome generic for android,
GT-I9060M Build/KTU84P|UNK|chrome generic|UNK,GT-I9060M Build/KTU84P,,chrome generic,
MacOS|Mac OS X 10_12_6|chrome generic|2560x1440,MacOS,Mac OS X 10_12_6,chrome generic,2560x1440
Windows|Windows 7|chrome generic|1280x1025,Windows,Windows 7,chrome generic,1280x1025
SAMSUNG SM-J710MN Build/NRD90M|UNK|samsung browser generic|UNK,SAMSUNG SM-J710MN Build/NRD90M,,samsung browser generic,
G3223|UNK|chrome generic for android|UNK,G3223,,chrome generic for android,
Le X520 Build/IEXCNFN5902303111S|UNK|chrome generic for android|UNK,Le X520 Build/IEXCNFN5902303111S,,chrome generic for android,
SM-J110M Build/LMY48B|UNK|chrome 49.0 for android|UNK,SM-J110M Build/LMY48B,,chrome 49.0 for android,
5051A Build/MMB29M|UNK|chrome 61.0 for android|UNK,5051A Build/MMB29M,,chrome 61.0 for android,
SM-G930T Build/NRD90M|UNK|android webview 4.0|UNK,SM-G930T Build/NRD90M,,android webview 4.0,
SM-G900P Build/MMB29M|Android 6.0.1|chrome generic for android|1920x1080,SM-G900P Build/MMB29M,Android 6.0.1,chrome generic for android,1920x1080
SM-T280 Build/LMY47V|UNK|chrome 62.0 for android|UNK,SM-T280 Build/LMY47V,,chrome 62.0 for android,
SAMSUNG-SM-G930A Build/NRD90M|Android 7.0|chrome generic for android|1920x1080,SAMSUNG-SM-G930A Build/NRD90M,Android 7.0,chrome generic for android,1920x1080
rv:59.0|Mac OS X 10.13|firefox 59.0|2560x1440,rv:59.0,Mac OS X 10.13,firefox 59.0,2560x1440
MacOS|Mac OS X 10_13_1|chrome generic|2880x1800,MacOS,Mac OS X 10_13_1,chrome generic,2880x1800
SAMSUNG-SM-G935A Build/NRD90M|UNK|chrome generic for android|UNK,SAMSUNG-SM-G935A Build/NRD90M,,chrome generic for android,
rv:59.0|Mac OS X 10.13|firefox 59.0|2560x1600,rv:59.0,Mac OS X 10.13,firefox 59.0,2560x1600
MacOS|Mac OS X 10_13_3|chrome generic|1440x900,MacOS,Mac OS X 10_13_3,chrome generic,1440x900
M4 SS4456 Build/LMY47V|UNK|chrome generic|UNK,M4 SS4456 Build/LMY47V,,chrome generic,
E6553|UNK|chrome generic for android|UNK,E6553,,chrome generic for android,
D5803 Build/23.5.A.1.291|UNK|chrome generic for android|UNK,D5803 Build/23.5.A.1.291,,chrome generic for android,
SAMSUNG-SM-N900A Build/LRX21V|Android 5.0|chrome generic|1920x1080,SAMSUNG-SM-N900A Build/LRX21V,Android 5.0,chrome generic,1920x1080
MotoG3-TE Build/MPDS24.65-33-1-30|UNK|chrome generic for android|UNK,MotoG3-TE Build/MPDS24.65-33-1-30,,chrome generic for android,
BAH-L09 Build/HUAWEIBAH-L09|UNK|chrome generic for android|UNK,BAH-L09 Build/HUAWEIBAH-L09,,chrome generic for android,
SM-G318ML|UNK|chrome generic|UNK,SM-G318ML,,chrome generic,
MacOS|Mac OS X 10_9_5|UNK|1920x1080,MacOS,Mac OS X 10_9_5,,1920x1080
LG-H831 Build/NRD90U|UNK|chrome generic for android|UNK,LG-H831 Build/NRD90U,,chrome generic for android,
SM-G730W8 Build/KOT49H|UNK|chrome 64.0 for android|UNK,SM-G730W8 Build/KOT49H,,chrome 64.0 for android,
SM-J700T Build/NMF26X|UNK|chrome 60.0 for android|UNK,SM-J700T Build/NMF26X,,chrome 60.0 for android,
Blade A475 Build/LMY47D|UNK|chrome 64.0 for android|UNK,Blade A475 Build/LMY47D,,chrome 64.0 for android,
SM-T800|UNK|chrome 64.0 for android|UNK,SM-T800,,chrome 64.0 for android,
Moto Z2 Play Build/NPSS26.118-19-4|UNK|chrome generic for android|UNK,Moto Z2 Play Build/NPSS26.118-19-4,,chrome generic for android,
SM-G386T|UNK|chrome generic|UNK,SM-G386T,,chrome generic,
SM-A510M Build/NRD90M|UNK|chrome generic for android|UNK,SM-A510M Build/NRD90M,,chrome generic for android,
M4 SS4458 Build/MMB29M|UNK|chrome generic for android|UNK,M4 SS4458 Build/MMB29M,,chrome generic for android,
iOS Device|iOS 11.2.6|chrome|2048x1536,iOS Device,iOS 11.2.6,chrome,2048x1536
E5803|UNK|chrome 55.0 for android|UNK,E5803,,chrome 55.0 for android,
MacOS|Mac OS X 10_11_6|chrome generic|1920x1080,MacOS,Mac OS X 10_11_6,chrome generic,1920x1080
LIMIT|UNK|chrome generic for android|UNK,LIMIT,,chrome generic for android,
Moto G Play Build/NPIS26.48-36-2|UNK|chrome generic for android|UNK,Moto G Play Build/NPIS26.48-36-2,,chrome generic for android,
4034E|UNK|chrome 64.0 for android|UNK,4034E,,chrome 64.0 for android,
SM-J700T Build/NMF26X|Android 7.1.1|chrome generic for android|1280x720,SM-J700T Build/NMF26X,Android 7.1.1,chrome generic for android,1280x720
Windows|Windows 10|chrome generic|UNK,Windows,Windows 10,chrome generic,
MYA-L11|UNK|chrome generic for android|UNK,MYA-L11,,chrome generic for android,
P008 Build/NRD90M|Android 7.0|chrome generic for android|UNK,P008 Build/NRD90M,Android 7.0,chrome generic for android,
LGLS990|Android|chrome generic|2560x1440,LGLS990,Android,chrome generic,2560x1440
MacOS|Mac OS X 10_11_6|chrome generic|2560x1600,MacOS,Mac OS X 10_11_6,chrome generic,2560x1600
Windows|Windows 7|firefox generic|1366x768,Windows,Windows 7,firefox generic,1366x768
SM-G930U Build/NRD90M|UNK|chrome generic for android|UNK,SM-G930U Build/NRD90M,,chrome generic for android,
XT1064 Build/MPB24.65-34-3|UNK|chrome generic for android|UNK,XT1064 Build/MPB24.65-34-3,,chrome generic for android,
Windows|Windows 10|chrome 64.0|1280x768,Windows,Windows 10,chrome 64.0,1280x768
LGLS775 Build/NRD90U|Android 7.0|chrome generic for android|1280x720,LGLS775 Build/NRD90U,Android 7.0,chrome generic for android,1280x720
Windows|Windows 7|firefox 59.0|1920x1080,Windows,Windows 7,firefox 59.0,1920x1080
rv:59.0|Mac OS X 10.10|firefox 59.0|1440x900,rv:59.0,Mac OS X 10.10,firefox 59.0,1440x900
SM-N900V Build/LRX21V|Android 5.0|chrome generic|1920x1080,SM-N900V Build/LRX21V,Android 5.0,chrome generic,1920x1080
SAMSUNG|Android 7.0|samsung browser generic|1920x1080,SAMSUNG,Android 7.0,samsung browser generic,1920x1080
LG-H872 Build/NRD90U|Android 7.0|chrome generic for android|2672x1440,LG-H872 Build/NRD90U,Android 7.0,chrome generic for android,2672x1440
MacOS|Mac OS X 10_12_4|chrome generic|2560x1600,MacOS,Mac OS X 10_12_4,chrome generic,2560x1600
SM-T710 Build/NRD90M|UNK|chrome generic for android|UNK,SM-T710 Build/NRD90M,,chrome generic for android,
HUAWEI VNS-L23 Build/HUAWEIVNS-L23|UNK|chrome 59.0 for android|UNK,HUAWEI VNS-L23 Build/HUAWEIVNS-L23,,chrome 59.0 for android,
MacOS|Mac OS X 10_7_5|chrome 49.0|1366x768,MacOS,Mac OS X 10_7_5,chrome 49.0,1366x768
SM-E500M Build/KTU84P|UNK|chrome generic|UNK,SM-E500M Build/KTU84P,,chrome generic,
rv:59.0|Mac OS X 10.10|firefox 59.0|1366x768,rv:59.0,Mac OS X 10.10,firefox 59.0,1366x768
Windows|Windows 10|firefox 59.0|1360x768,Windows,Windows 10,firefox 59.0,1360x768
LG-H320 Build/LRX21Y|UNK|chrome generic|UNK,LG-H320 Build/LRX21Y,,chrome generic,
SAMSUNG SM-J730GM Build/NRD90M|UNK|samsung browser generic|UNK,SAMSUNG SM-J730GM Build/NRD90M,,samsung browser generic,
Windows|Windows 10|chrome generic|2400x1350,Windows,Windows 10,chrome generic,2400x1350
SM-A520W|UNK|chrome 61.0 for android|UNK,SM-A520W,,chrome 61.0 for android,
rv:58.0|Mac OS X 10.9|firefox 58.0|1440x900,rv:58.0,Mac OS X 10.9,firefox 58.0,1440x900
MacOS|Mac OS X 10_13_3|chrome generic|2880x1800,MacOS,Mac OS X 10_13_3,chrome generic,2880x1800
UNK|Linux|UNK|1366x768,,Linux,,1366x768
Lenovo A2016b30 Build/MRA58K|UNK|chrome generic for android|UNK,Lenovo A2016b30 Build/MRA58K,,chrome generic for android,
rv:59.0|Mac OS X 10.9|firefox 59.0|1440x900,rv:59.0,Mac OS X 10.9,firefox 59.0,1440x900
XT1063 Build/MPB24.65-34|UNK|chrome generic for android|UNK,XT1063 Build/MPB24.65-34,,chrome generic for android,
SM-E500M|UNK|chrome generic|UNK,SM-E500M,,chrome generic,
SM-G531H Build/LMY48B|UNK|android browser 4.0|UNK,SM-G531H Build/LMY48B,,android browser 4.0,
XT1635-02 Build/NPN26.118-22-2|UNK|chrome generic for android|UNK,XT1635-02 Build/NPN26.118-22-2,,chrome generic for android,
Windows|Windows 10|firefox 59.0|2560x1600,Windows,Windows 10,firefox 59.0,2560x1600
RCT6K03W13|Android 6.0|chrome 64.0 for android|1280x800,RCT6K03W13,Android 6.0,chrome 64.0 for android,1280x800
MacOS|Mac OS X 10_11_4|chrome generic|1440x900,MacOS,Mac OS X 10_11_4,chrome generic,1440x900
SGH-M919 Build/KTU84P|Android|chrome generic|1920x1080,SGH-M919 Build/KTU84P,Android,chrome generic,1920x1080
Windows|Windows 7|firefox 59.0|1280x1024,Windows,Windows 7,firefox 59.0,1280x1024
Windows|Windows 7|UNK|UNK,Windows,Windows 7,,
FRD-L09 Build/HUAWEIFRD-L09|UNK|chrome generic for android|UNK,FRD-L09 Build/HUAWEIFRD-L09,,chrome generic for android,
LG-H542 Build/MRA58K|UNK|chrome generic for android|UNK,LG-H542 Build/MRA58K,,chrome generic for android,
MacOS|Mac OS X 10_13_3|chrome generic|5120x2880,MacOS,Mac OS X 10_13_3,chrome generic,5120x2880
Windows|Windows 7|firefox 59.0|1600x900,Windows,Windows 7,firefox 59.0,1600x900
Windows|Windows 8.1|firefox 59.0|1366x768,Windows,Windows 8.1,firefox 59.0,1366x768
Windows|Windows 8.1|chrome 64.0|1920x1200,Windows,Windows 8.1,chrome 64.0,1920x1200
iOS Device|iOS 11.3.0|mobile safari generic|2001x1125,iOS Device,iOS 11.3.0,mobile safari generic,2001x1125
D5306|UNK|chrome generic|UNK,D5306,,chrome generic,
ALE-L21 Build/HuaweiALE-L21|UNK|chrome generic|UNK,ALE-L21 Build/HuaweiALE-L21,,chrome generic,
SM-T377P Build/NMF26X|Android 7.1.1|chrome 64.0 for android|UNK,SM-T377P Build/NMF26X,Android 7.1.1,chrome 64.0 for android,
GT-P5113|Android|chrome 56.0 for android|1280x800,GT-P5113,Android,chrome 56.0 for android,1280x800
P5526A Build/NRD90M|UNK|chrome 56.0 for android|UNK,P5526A Build/NRD90M,,chrome 56.0 for android,
SM-J727T Build/NRD90M|Android 7.0|chrome generic for android|1280x720,SM-J727T Build/NRD90M,Android 7.0,chrome generic for android,1280x720
MacOS|Mac OS X 10_12_5|chrome generic|1440x900,MacOS,Mac OS X 10_12_5,chrome generic,1440x900
ILIUM|UNK|chrome|UNK,ILIUM,,chrome,
NX521J|UNK|chrome generic|UNK,NX521J,,chrome generic,
RCT6773W22B|UNK|chrome 64.0 for android|UNK,RCT6773W22B,,chrome 64.0 for android,
Y635-L03 Build/HuaweiY635-L03|UNK|chrome 60.0 for android|UNK,Y635-L03 Build/HuaweiY635-L03,,chrome 60.0 for android,
SM-A310F Build/NRD90M|UNK|chrome generic for android|UNK,SM-A310F Build/NRD90M,,chrome generic for android,
SM-G800F Build/MMB29K|UNK|chrome generic for android|UNK,SM-G800F Build/MMB29K,,chrome generic for android,
SAMSUNG SM-G900T Build/MMB29M|Android 6.0.1|samsung browser generic|1920x1080,SAMSUNG SM-G900T Build/MMB29M,Android 6.0.1,samsung browser generic,1920x1080
rv:14.0|UNK|Mozilla/Firefox|UNK,rv:14.0,,Mozilla/Firefox,
XT1572 Build/NPHS25.200-15-8|UNK|chrome generic for android|UNK,XT1572 Build/NPHS25.200-15-8,,chrome generic for android,
SAMSUNG SM-G935F Build/MMB29K|UNK|samsung browser 4.2|UNK,SAMSUNG SM-G935F Build/MMB29K,,samsung browser 4.2,
XT1650 Build/NCLS26.118-23-13-6-5|Android 7.1.1|chrome generic for android|2560x1440,XT1650 Build/NCLS26.118-23-13-6-5,Android 7.1.1,chrome generic for android,2560x1440
MacOS|Mac OS X 10_10_5|chrome generic|UNK,MacOS,Mac OS X 10_10_5,chrome generic,
UNK|Linux|chrome 55.0|1920x1080,,Linux,chrome 55.0,1920x1080
Nexus|Android 5.1.1|chrome generic|UNK,Nexus,Android 5.1.1,chrome generic,
UNK|Android|chrome generic|855x480,,Android,chrome generic,855x480
MacOS|Mac OS X 10_13_4|safari generic|1920x1080,MacOS,Mac OS X 10_13_4,safari generic,1920x1080
Windows|Windows 10|firefox 59.0|3840x1600,Windows,Windows 10,firefox 59.0,3840x1600
SAMSUNG SM-A310F Build/NRD90M|UNK|samsung browser 6.4|UNK,SAMSUNG SM-A310F Build/NRD90M,,samsung browser 6.4,
Windows|UNK|chrome 65.0|UNK,Windows,,chrome 65.0,
SM-G930V Build/NRD90M|Android 7.0|chrome 65.0 for android|1280x720,SM-G930V Build/NRD90M,Android 7.0,chrome 65.0 for android,1280x720
Windows|Windows 7|chrome 51.0|1680x1050,Windows,Windows 7,chrome 51.0,1680x1050
UNK|UNK|chrome 65.0|UNK,,,chrome 65.0,
iOS Device|iOS 11.2.6|chrome 65.0 for ios|2048x1536,iOS Device,iOS 11.2.6,chrome 65.0 for ios,2048x1536
Windows|Windows 10|chrome 65.0|1920x1080,Windows,Windows 10,chrome 65.0,1920x1080
Windows|Windows 7|chrome 65.0|1920x1080,Windows,Windows 7,chrome 65.0,1920x1080
HTC6535LVW|Android 7.0|chrome 65.0 for android|1920x1080,HTC6535LVW,Android 7.0,chrome 65.0 for android,1920x1080
5012G Build/MRA58K|UNK|chrome 65.0 for android|UNK,5012G Build/MRA58K,,chrome 65.0 for android,
Windows|Windows 10|chrome 65.0|1280x1024,Windows,Windows 10,chrome 65.0,1280x1024
SM-T280 Build/LMY47V|Android 5.1.1|chrome 65.0 for android|UNK,SM-T280 Build/LMY47V,Android 5.1.1,chrome 65.0 for android,
HTC Desire 10 lifestyle Build/MMB29M|UNK|chrome 65.0 for android|UNK,HTC Desire 10 lifestyle Build/MMB29M,,chrome 65.0 for android,
SAMSUNG|UNK|samsung browser 6.4|UNK,SAMSUNG,,samsung browser 6.4,
SM-N950U Build/NMF26X|Android 7.1.1|chrome 65.0 for android|2961x1442,SM-N950U Build/NMF26X,Android 7.1.1,chrome 65.0 for android,2961x1442
Windows|Windows 10|chrome 64.0|3240x2160,Windows,Windows 10,chrome 64.0,3240x2160
SM-A310M Build/LMY47X|UNK|chrome 65.0 for android|UNK,SM-A310M Build/LMY47X,,chrome 65.0 for android,
LG-K200 Build/MXB48T|UNK|chrome 65.0 for android|UNK,LG-K200 Build/MXB48T,,chrome 65.0 for android,
SM-G570M Build/MMB29K|UNK|chrome 65.0 for android|UNK,SM-G570M Build/MMB29K,,chrome 65.0 for android,
Windows|Windows 10|chrome 65.0|3840x1600,Windows,Windows 10,chrome 65.0,3840x1600
MacOS|Mac OS X 10_13_3|safari generic|1280x1024,MacOS,Mac OS X 10_13_3,safari generic,1280x1024
HUAWEI|UNK|chrome 65.0 for android|UNK,HUAWEI,,chrome 65.0 for android,
SM-A510M Build/NRD90M|UNK|chrome 65.0 for android|UNK,SM-A510M Build/NRD90M,,chrome 65.0 for android,
SAMSUNG SM-G900I Build/MMB29M|UNK|samsung browser 4.0|UNK,SAMSUNG SM-G900I Build/MMB29M,,samsung browser 4.0,
UNK|Linux|chrome 65.0|1920x1080,,Linux,chrome 65.0,1920x1080
MacOS|Mac OS X 10_12_6|chrome 65.0|2880x1800,MacOS,Mac OS X 10_12_6,chrome 65.0,2880x1800
SAMSUNG-SM-G925A Build/MMB29K|Android 6.0.1|chrome 64.0 for android|2560x1440,SAMSUNG-SM-G925A Build/MMB29K,Android 6.0.1,chrome 64.0 for android,2560x1440
UNK|Linux|chrome 65.0|UNK,,Linux,chrome 65.0,
SM-G930P Build/NRD90M|Android 7.0|chrome 65.0 for android|1920x1080,SM-G930P Build/NRD90M,Android 7.0,chrome 65.0 for android,1920x1080
ALE-L23 Build/HuaweiALE-L23|UNK|chrome 65.0 for android|UNK,ALE-L23 Build/HuaweiALE-L23,,chrome 65.0 for android,
MacOS|Mac OS X 10_10_5|chrome 65.0|2880x1800,MacOS,Mac OS X 10_10_5,chrome 65.0,2880x1800
SAMSUNG SM-A520F Build/NRD90M|UNK|samsung browser 6.4|UNK,SAMSUNG SM-A520F Build/NRD90M,,samsung browser 6.4,
HUAWEI NXT-L09 Build/HUAWEINXT-L09|UNK|chrome 65.0 for android|UNK,HUAWEI NXT-L09 Build/HUAWEINXT-L09,,chrome 65.0 for android,
MacOS|Mac OS X 10_10_5|chrome 65.0|1280x800,MacOS,Mac OS X 10_10_5,chrome 65.0,1280x800
Windows|Windows 10|chrome 65.0|1366x768,Windows,Windows 10,chrome 65.0,1366x768
iOS Device|iOS 11.3.0|mobile safari generic|2732x2048,iOS Device,iOS 11.3.0,mobile safari generic,2732x2048
MacOS|Mac OS X 10_13_3|chrome 65.0|1680x1050,MacOS,Mac OS X 10_13_3,chrome 65.0,1680x1050
SM-A720F Build/NRD90M|UNK|chrome 65.0 for android|UNK,SM-A720F Build/NRD90M,,chrome 65.0 for android,
LG-K420|UNK|chrome 65.0 for android|UNK,LG-K420,,chrome 65.0 for android,
UNK|Android|chrome 65.0|1280x720,,Android,chrome 65.0,1280x720
A5002|Android 6.0|chrome 55.0 for android|855x480,A5002,Android 6.0,chrome 55.0 for android,855x480
SM-T550 Build/NMF26X|Android 7.1.1|chrome 65.0 for android|1024x768,SM-T550 Build/NMF26X,Android 7.1.1,chrome 65.0 for android,1024x768
SM-J200M Build/LMY47X|UNK|chrome 65.0 for android|UNK,SM-J200M Build/LMY47X,,chrome 65.0 for android,
SM-A300FU Build/MMB29M|UNK|chrome 65.0 for android|UNK,SM-A300FU Build/MMB29M,,chrome 65.0 for android,
SM-G935F Build/NRD90M|UNK|chrome 65.0 for android|UNK,SM-G935F Build/NRD90M,,chrome 65.0 for android,
M4 SS4453 Build/MMB29M|UNK|chrome 65.0 for android|UNK,M4 SS4453 Build/MMB29M,,chrome 65.0 for android,
SM-G950F Build/NRD90M|UNK|chrome 65.0 for android|UNK,SM-G950F Build/NRD90M,,chrome 65.0 for android,
SM-T280 Build/LMY47V|UNK|chrome 65.0 for android|UNK,SM-T280 Build/LMY47V,,chrome 65.0 for android,
LG-M153 Build/MXB48T|UNK|chrome 65.0 for android|UNK,LG-M153 Build/MXB48T,,chrome 65.0 for android,
Blade V6 Build/LRX22G|UNK|chrome 65.0 for android|UNK,Blade V6 Build/LRX22G,,chrome 65.0 for android,
FRD-L09 Build/HUAWEIFRD-L09|UNK|chrome 65.0 for android|UNK,FRD-L09 Build/HUAWEIFRD-L09,,chrome 65.0 for android,
SM-G531H Build/LMY48B|UNK|chrome 65.0 for android|UNK,SM-G531H Build/LMY48B,,chrome 65.0 for android,
RNE-L03 Build/HUAWEIRNE-L03|UNK|chrome 65.0 for android|UNK,RNE-L03 Build/HUAWEIRNE-L03,,chrome 65.0 for android,
rv:38.0|Mac OS X 10.10|firefox|1366x768,rv:38.0,Mac OS X 10.10,firefox,1366x768
XT1032 Build/LPBS23.13-56-2|UNK|chrome 65.0 for android|UNK,XT1032 Build/LPBS23.13-56-2,,chrome 65.0 for android,
PRA-LX3 Build/HUAWEIPRA-LX3|UNK|chrome 65.0 for android|UNK,PRA-LX3 Build/HUAWEIPRA-LX3,,chrome 65.0 for android,
SM-A300H Build/LRX22G|UNK|chrome 65.0 for android|UNK,SM-A300H Build/LRX22G,,chrome 65.0 for android,
Moto Z2 Play Build/NPSS26.118-19-14|UNK|chrome 65.0 for android|UNK,Moto Z2 Play Build/NPSS26.118-19-14,,chrome 65.0 for android,
LG-D331|UNK|chrome 65.0 for android|UNK,LG-D331,,chrome 65.0 for android,
SM-A530F Build/NMF26X|UNK|chrome 65.0 for android|UNK,SM-A530F Build/NMF26X,,chrome 65.0 for android,
MacOS|Mac OS X 10_13_1|chrome 65.0|1440x900,MacOS,Mac OS X 10_13_1,chrome 65.0,1440x900
MacOS|Mac OS X 10_9_5|chrome 65.0|1280x800,MacOS,Mac OS X 10_9_5,chrome 65.0,1280x800
SM-G925I Build/NRD90M|UNK|chrome 65.0 for android|UNK,SM-G925I Build/NRD90M,,chrome 65.0 for android,
Windows|Windows 7|chrome 60.0|1024x768,Windows,Windows 7,chrome 60.0,1024x768
Windows|Windows 7|chrome 65.0|1360x768,Windows,Windows 7,chrome 65.0,1360x768
MacOS|Mac OS X 10_13_3|chrome 65.0|2560x1600,MacOS,Mac OS X 10_13_3,chrome 65.0,2560x1600
EVA-L09 Build/HUAWEIEVA-L09|UNK|chrome 65.0 for android|UNK,EVA-L09 Build/HUAWEIEVA-L09,,chrome 65.0 for android,
HUAWEI RIO-L03 Build/HUAWEIRIO-L03|UNK|chrome 65.0 for android|UNK,HUAWEI RIO-L03 Build/HUAWEIRIO-L03,,chrome 65.0 for android,
GT-I9060M Build/KTU84P|UNK|chrome 65.0 for android|UNK,GT-I9060M Build/KTU84P,,chrome 65.0 for android,
TA-1038 Build/NMF26O|UNK|chrome 65.0 for android|UNK,TA-1038 Build/NMF26O,,chrome 65.0 for android,
SM-J510MN Build/MMB29M|UNK|chrome 65.0 for android|UNK,SM-J510MN Build/MMB29M,,chrome 65.0 for android,
LG-K240 Build/MXB48T|UNK|chrome 65.0 for android|UNK,LG-K240 Build/MXB48T,,chrome 65.0 for android,
rv:59.0|Mac OS X 10.13|firefox 59.0|3360x1890,rv:59.0,Mac OS X 10.13,firefox 59.0,3360x1890
CAM-L03 Build/HUAWEICAM-L03|UNK|chrome 65.0 for android|UNK,CAM-L03 Build/HUAWEICAM-L03,,chrome 65.0 for android,
XT1635-02 Build/NPN26.118-22-2|UNK|chrome 65.0 for android|UNK,XT1635-02 Build/NPN26.118-22-2,,chrome 65.0 for android,
Pixel 2 XL Build/OPM1.171019.021|Android 8.1.0|chrome 65.0 for android|UNK,Pixel 2 XL Build/OPM1.171019.021,Android 8.1.0,chrome 65.0 for android,
BLADE V8 SE Build/NRD90M|UNK|chrome 65.0 for android|UNK,BLADE V8 SE Build/NRD90M,,chrome 65.0 for android,
SAMSUNG-SM-J327A Build/NRD90M|Android 7.0|chrome 65.0 for android|UNK,SAMSUNG-SM-J327A Build/NRD90M,Android 7.0,chrome 65.0 for android,
Windows|Windows 7|chrome 65.0|1280x1025,Windows,Windows 7,chrome 65.0,1280x1025
HTC One_M8 Build/MRA58K|UNK|chrome 65.0 for android|UNK,HTC One_M8 Build/MRA58K,,chrome 65.0 for android,
Windows|Windows 10|firefox|1366x768,Windows,Windows 10,firefox,1366x768
SM-J700M Build/LMY48B|UNK|chrome 65.0 for android|UNK,SM-J700M Build/LMY48B,,chrome 65.0 for android,
SM-G610M Build/NRD90M|UNK|chrome 65.0 for android|UNK,SM-G610M Build/NRD90M,,chrome 65.0 for android,
MacOS|Mac OS X 10_12_6|chrome 65.0|1920x1200,MacOS,Mac OS X 10_12_6,chrome 65.0,1920x1200
5025G Build/LMY47I|UNK|chrome 58.0 for android|UNK,5025G Build/LMY47I,,chrome 58.0 for android,
SM-G930F Build/NRD90M|UNK|chrome 65.0 for android|UNK,SM-G930F Build/NRD90M,,chrome 65.0 for android,
SM-G935V Build/NRD90M|Android 7.0|chrome 65.0 for android|1920x1080,SM-G935V Build/NRD90M,Android 7.0,chrome 65.0 for android,1920x1080
SAMSUNG SM-N950F Build/NMF26X|UNK|samsung browser 6.4|UNK,SAMSUNG SM-N950F Build/NMF26X,,samsung browser 6.4,
Windows|Windows 10|chrome 65.0|1360x768,Windows,Windows 10,chrome 65.0,1360x768
LGLS775 Build/NRD90U|Android 7.0|chrome 65.0 for android|1280x720,LGLS775 Build/NRD90U,Android 7.0,chrome 65.0 for android,1280x720
MacOS|Mac OS X 10_13_1|chrome 65.0|2560x1600,MacOS,Mac OS X 10_13_1,chrome 65.0,2560x1600
MacOS|Mac OS X 10_13_3|chrome 65.0|2880x1800,MacOS,Mac OS X 10_13_3,chrome 65.0,2880x1800
rv:31.0|Windows 7|firefox|1366x768,rv:31.0,Windows 7,firefox,1366x768
MacOS|Mac OS X 10_11_6|chrome 65.0|1366x768,MacOS,Mac OS X 10_11_6,chrome 65.0,1366x768
HTC One Build/LRX22G|UNK|chrome 64.0 for android|UNK,HTC One Build/LRX22G,,chrome 64.0 for android,
SM-J701M Build/NRD90M|UNK|chrome 65.0 for android|UNK,SM-J701M Build/NRD90M,,chrome 65.0 for android,
SM-G935P Build/NRD90M|UNK|chrome 59.0 for android|UNK,SM-G935P Build/NRD90M,,chrome 59.0 for android,
SAMSUNG SM-N950U Build/NMF26X|Android 7.1.1|samsung browser 6.4|UNK,SAMSUNG SM-N950U Build/NMF26X,Android 7.1.1,samsung browser 6.4,
Windows|Windows 8.1|chrome 65.0|1920x1080,Windows,Windows 8.1,chrome 65.0,1920x1080
Windows|Windows 8.1|chrome 65.0|1366x768,Windows,Windows 8.1,chrome 65.0,1366x768
Windows|Windows 10|chrome 65.0|1920x1200,Windows,Windows 10,chrome 65.0,1920x1200
Windows|Windows 7|chrome 65.0|1600x900,Windows,Windows 7,chrome 65.0,1600x900
Windows|Windows 7|chrome 65.0|1366x768,Windows,Windows 7,chrome 65.0,1366x768
SAMSUNG-SM-N900A Build/LRX21V|Android 5.0|chrome 65.0 for android|1920x1080,SAMSUNG-SM-N900A Build/LRX21V,Android 5.0,chrome 65.0 for android,1920x1080
TRT-L53 Build/HUAWEITRT-L53|UNK|chrome 65.0 for android|UNK,TRT-L53 Build/HUAWEITRT-L53,,chrome 65.0 for android,
SAMSUNG-SM-T377A Build/MMB29K|Android 6.0.1|samsung browser 4.0|UNK,SAMSUNG-SM-T377A Build/MMB29K,Android 6.0.1,samsung browser 4.0,
5080A Build/MRA58K|UNK|chrome 65.0 for android|UNK,5080A Build/MRA58K,,chrome 65.0 for android,
SM-J710F Build/NRD90M|UNK|chrome 65.0 for android|UNK,SM-J710F Build/NRD90M,,chrome 65.0 for android,
SM-J730G Build/NRD90M|UNK|chrome 65.0 for android|UNK,SM-J730G Build/NRD90M,,chrome 65.0 for android,
UNK|Android|chrome 65.0|855x480,,Android,chrome 65.0,855x480
LG-M700 Build/NMF26X|UNK|chrome 65.0 for android|UNK,LG-M700 Build/NMF26X,,chrome 65.0 for android,
SM-N950U Build/NMF26X|Android 7.1.1|chrome 65.0 for android|UNK,SM-N950U Build/NMF26X,Android 7.1.1,chrome 65.0 for android,
Redmi 4X Build/N2G47H|UNK|chrome 65.0 for android|UNK,Redmi 4X Build/N2G47H,,chrome 65.0 for android,
Windows|Windows 10|chrome 65.0|2112x1188,Windows,Windows 10,chrome 65.0,2112x1188
5056A Build/MMB29M|UNK|chrome 65.0 for android|UNK,5056A Build/MMB29M,,chrome 65.0 for android,
MacOS|Mac OS X 10_13_3|chrome 65.0|3360x2100,MacOS,Mac OS X 10_13_3,chrome 65.0,3360x2100
UNK|Linux|chrome 65.0|2220x1080,,Linux,chrome 65.0,2220x1080
SM-G850M Build/LRX22G|UNK|chrome 65.0 for android|UNK,SM-G850M Build/LRX22G,,chrome 65.0 for android,
SM-T210|UNK|chrome 64.0 for android|UNK,SM-T210,,chrome 64.0 for android,
Blade V6 Plus Build/MRA58K|UNK|chrome 65.0 for android|UNK,Blade V6 Plus Build/MRA58K,,chrome 65.0 for android,
HUAWEI VNS-L23 Build/HUAWEIVNS-L23|UNK|chrome 65.0 for android|UNK,HUAWEI VNS-L23 Build/HUAWEIVNS-L23,,chrome 65.0 for android,
MacOS|Mac OS X 10_10_5|safari generic|1360x768,MacOS,Mac OS X 10_10_5,safari generic,1360x768
Windows|Windows 10|firefox 59.0|3200x1800,Windows,Windows 10,firefox 59.0,3200x1800
SM-G935V Build/NRD90M|UNK|chrome 65.0 for android|UNK,SM-G935V Build/NRD90M,,chrome 65.0 for android,
MacOS|Mac|chrome 65.0|2560x1600,MacOS,Mac,chrome 65.0,2560x1600
HUAWEI TAG-L13 Build/HUAWEITAG-L13|UNK|chrome 65.0 for android|UNK,HUAWEI TAG-L13 Build/HUAWEITAG-L13,,chrome 65.0 for android,
SM-J700M Build/MMB29K|UNK|chrome 65.0 for android|UNK,SM-J700M Build/MMB29K,,chrome 65.0 for android,
en-gb|UNK|samsung|UNK,en-gb,,samsung,
HTC Desire 530 Build/MMB29M|UNK|chrome 65.0 for android|UNK,HTC Desire 530 Build/MMB29M,,chrome 65.0 for android,
SM-N950U1 Build/NMF26X|Android 7.1.1|chrome 65.0 for android|UNK,SM-N950U1 Build/NMF26X,Android 7.1.1,chrome 65.0 for android,
NYX_A1|UNK|chrome 63.0 for android|UNK,NYX_A1,,chrome 63.0 for android,
LG-M154|UNK|chrome 65.0 for android|UNK,LG-M154,,chrome 65.0 for android,
SM-N910V Build/MMB29M|Android 6.0.1|chrome 65.0 for android|2560x1440,SM-N910V Build/MMB29M,Android 6.0.1,chrome 65.0 for android,2560x1440
XT1063 Build/MPB24.65-34-3|UNK|chrome 62.0 for android|UNK,XT1063 Build/MPB24.65-34-3,,chrome 62.0 for android,
Moto G Play Build/MPIS24.241-15.3-7|UNK|chrome 65.0 for android|UNK,Moto G Play Build/MPIS24.241-15.3-7,,chrome 65.0 for android,
WAS-LX3 Build/HUAWEIWAS-LX3|UNK|chrome 65.0 for android|UNK,WAS-LX3 Build/HUAWEIWAS-LX3,,chrome 65.0 for android,
SM-A520F Build/NRD90M|UNK|chrome 65.0 for android|UNK,SM-A520F Build/NRD90M,,chrome 65.0 for android,
Hisense F20 Build/MMB29M|UNK|chrome 65.0 for android|UNK,Hisense F20 Build/MMB29M,,chrome 65.0 for android,
SAMSUNG SM-G935F Build/NRD90M|UNK|samsung browser 6.4|UNK,SAMSUNG SM-G935F Build/NRD90M,,samsung browser 6.4,
SAMSUNG SM-G950F Build/NRD90M|UNK|samsung browser 6.4|UNK,SAMSUNG SM-G950F Build/NRD90M,,samsung browser 6.4,
F3311|UNK|chrome 65.0 for android|UNK,F3311,,chrome 65.0 for android,
SM-G920P Build/NRD90M|UNK|chrome 65.0 for android|UNK,SM-G920P Build/NRD90M,,chrome 65.0 for android,
SM-A500M Build/KTU84P|UNK|chrome 65.0 for android|UNK,SM-A500M Build/KTU84P,,chrome 65.0 for android,
Pixel 2 Build/OPM1.171019.021|Android 8.1.0|chrome 65.0 for android|UNK,Pixel 2 Build/OPM1.171019.021,Android 8.1.0,chrome 65.0 for android,
MI MAX 2 Build/NMF26F|UNK|chrome 65.0 for android|UNK,MI MAX 2 Build/NMF26F,,chrome 65.0 for android,
LGMP260 Build/NRD90U|Android 7.0|chrome 64.0 for android|1280x720,LGMP260 Build/NRD90U,Android 7.0,chrome 64.0 for android,1280x720
Windows|Windows 10|chrome 65.0|1680x1050,Windows,Windows 10,chrome 65.0,1680x1050
MacOS|Mac OS X 10_11_5|chrome 65.0|3840x2160,MacOS,Mac OS X 10_11_5,chrome 65.0,3840x2160
M4 SS4458 Build/MMB29M|UNK|chrome 65.0 for android|UNK,M4 SS4458 Build/MMB29M,,chrome 65.0 for android,
LG-K500 Build/MMB29M|UNK|chrome 65.0 for android|UNK,LG-K500 Build/MMB29M,,chrome 65.0 for android,
F5121 Build/34.3.A.0.252|UNK|chrome 65.0 for android|UNK,F5121 Build/34.3.A.0.252,,chrome 65.0 for android,
Windows|Windows 10|chrome 65.0|2160x1440,Windows,Windows 10,chrome 65.0,2160x1440
Windows|Windows 10|chrome 65.0|3200x1800,Windows,Windows 10,chrome 65.0,3200x1800
SM-G955F Build/NRD90M|UNK|chrome 65.0 for android|UNK,SM-G955F Build/NRD90M,,chrome 65.0 for android,
Windows|Windows 7|chrome 65.0|1440x900,Windows,Windows 7,chrome 65.0,1440x900
Windows|Windows 7|firefox 59.0|1680x1050,Windows,Windows 7,firefox 59.0,1680x1050
SM-J327T1 Build/NRD90M|UNK|chrome 65.0 for android|UNK,SM-J327T1 Build/NRD90M,,chrome 65.0 for android,
HUAWEI G7-L03 Build/HuaweiG7-L03|UNK|chrome 65.0 for android|UNK,HUAWEI G7-L03 Build/HuaweiG7-L03,,chrome 65.0 for android,
Android 7.0|UNK|android webview 4.0|UNK,Android 7.0,,android webview 4.0,
MacOS|Mac OS X 10_12_6|chrome 59.0|1280x800,MacOS,Mac OS X 10_12_6,chrome 59.0,1280x800
SM-G920F Build/NRD90M|UNK|chrome 65.0 for android|UNK,SM-G920F Build/NRD90M,,chrome 65.0 for android,
SM-A310F Build/MMB29K|UNK|chrome 59.0 for android|UNK,SM-A310F Build/MMB29K,,chrome 59.0 for android,
LG-X165g Build/LRX21M|UNK|chrome 60.0 for android|UNK,LG-X165g Build/LRX21M,,chrome 60.0 for android,
SM-G930F Build/MMB29K|UNK|chrome 65.0 for android|UNK,SM-G930F Build/MMB29K,,chrome 65.0 for android,
LG-K580 Build/MRA58K|UNK|chrome 65.0 for android|UNK,LG-K580 Build/MRA58K,,chrome 65.0 for android,
Linux x86_64|UNK|firefox 59.0|UNK,Linux x86_64,,firefox 59.0,
SM-G900M Build/LRX21T|UNK|chrome 65.0 for android|UNK,SM-G900M Build/LRX21T,,chrome 65.0 for android,
LG-K220 Build/MXB48T|UNK|chrome 58.0 for android|UNK,LG-K220 Build/MXB48T,,chrome 58.0 for android,
MacOS|Mac OS X 10_11_6|chrome 65.0|1280x800,MacOS,Mac OS X 10_11_6,chrome 65.0,1280x800
rv:59.0|Mac OS X 10.12|firefox 59.0|1440x900,rv:59.0,Mac OS X 10.12,firefox 59.0,1440x900
MacOS|Mac OS X 10_13_3|chrome 65.0|1440x900,MacOS,Mac OS X 10_13_3,chrome 65.0,1440x900
XT1064 Build/MPB24.65-34-3|UNK|chrome 65.0 for android|UNK,XT1064 Build/MPB24.65-34-3,,chrome 65.0 for android,
Trident/7.0|Windows 7|ie 11.0 for desktop|1120x700,Trident/7.0,Windows 7,ie 11.0 for desktop,1120x700
SPH-L720T|Android|chrome 65.0 for android|1920x1080,SPH-L720T,Android,chrome 65.0 for android,1920x1080
XT1021|UNK|chrome 63.0 for android|UNK,XT1021,,chrome 63.0 for android,
Windows|Windows 7|chrome 65.0|1280x1024,Windows,Windows 7,chrome 65.0,1280x1024
rv:59.0|Mac OS X 10.10|firefox 59.0|1920x1080,rv:59.0,Mac OS X 10.10,firefox 59.0,1920x1080
Windows|Windows 10|chrome 61.0|1920x1200,Windows,Windows 10,chrome 61.0,1920x1200
Windows|Windows 8.1|chrome 65.0|1600x900,Windows,Windows 8.1,chrome 65.0,1600x900
SM-G925F Build/NRD90M|UNK|chrome 65.0 for android|UNK,SM-G925F Build/NRD90M,,chrome 65.0 for android,
Lenovo|UNK|chrome 65.0 for android|UNK,Lenovo,,chrome 65.0 for android,
Windows|Windows 10|chrome 65.0|1024x768,Windows,Windows 10,chrome 65.0,1024x768
Nexus 6 Build/MOB30M|UNK|chrome 65.0 for android|UNK,Nexus 6 Build/MOB30M,,chrome 65.0 for android,
SM-G950U Build/R16NW|UNK|chrome 65.0 for android|UNK,SM-G950U Build/R16NW,,chrome 65.0 for android,
MacOS|Mac OS X 10_13_2|chrome 65.0|3360x2100,MacOS,Mac OS X 10_13_2,chrome 65.0,3360x2100
F3113 Build/33.3.A.1.97|UNK|chrome 65.0 for android|UNK,F3113 Build/33.3.A.1.97,,chrome 65.0 for android,
Windows|Windows 10|chrome 65.0|2560x1080,Windows,Windows 10,chrome 65.0,2560x1080
LG-H542 Build/LRX22G|UNK|chrome|UNK,LG-H542 Build/LRX22G,,chrome,
KIW-L24|UNK|chrome 65.0 for android|UNK,KIW-L24,,chrome 65.0 for android,
LG-K220 Build/MXB48T|UNK|chrome 65.0 for android|UNK,LG-K220 Build/MXB48T,,chrome 65.0 for android,
rv:59.0|Mac OS X 10.13|firefox 59.0|1920x1080,rv:59.0,Mac OS X 10.13,firefox 59.0,1920x1080
rv:55.0|Windows 7|firefox 55.0|1920x1080,rv:55.0,Windows 7,firefox 55.0,1920x1080
UNK|UNK|chrome 65.0 for ios|UNK,,,chrome 65.0 for ios,
XT1563 Build/MPDS24.107-52-5|UNK|chrome 65.0 for android|UNK,XT1563 Build/MPDS24.107-52-5,,chrome 65.0 for android,
Windows|Windows 10|chrome 65.0|1600x900,Windows,Windows 10,chrome 65.0,1600x900
SM-N920T|UNK|chrome 65.0 for android|UNK,SM-N920T,,chrome 65.0 for android,
MacOS|Mac OS X 10_11_6|chrome 65.0|1440x900,MacOS,Mac OS X 10_11_6,chrome 65.0,1440x900
UNK|Android|UNK|855x480,,Android,,855x480
B1-790|UNK|chrome 65.0 for android|UNK,B1-790,,chrome 65.0 for android,
SM-N900V Build/LRX21V|Android 5.0|chrome 59.0 for android|1920x1080,SM-N900V Build/LRX21V,Android 5.0,chrome 59.0 for android,1920x1080
VS995 Build/NRD90M|Android 7.0|chrome 65.0 for android|2560x1440,VS995 Build/NRD90M,Android 7.0,chrome 65.0 for android,2560x1440
UNK|Android|chrome 65.0|1920x1080,,Android,chrome 65.0,1920x1080
MacOS|Mac OS X 10_9_5|chrome 65.0|1920x1080,MacOS,Mac OS X 10_9_5,chrome 65.0,1920x1080
Windows|Windows 7|firefox|1280x800,Windows,Windows 7,firefox,1280x800
LG-H870 Build/NRD90U|UNK|chrome 65.0 for android|UNK,LG-H870 Build/NRD90U,,chrome 65.0 for android,
Windows|Windows 7|chrome 65.0|1280x720,Windows,Windows 7,chrome 65.0,1280x720
G527-U081|UNK|chrome 62.0 for android|UNK,G527-U081,,chrome 62.0 for android,
SAMSUNG-SGH-I337 Build/KOT49H|Android 4.4.2|chrome 65.0 for android|1920x1080,SAMSUNG-SGH-I337 Build/KOT49H,Android 4.4.2,chrome 65.0 for android,1920x1080
LG-X180g Build/LMY47I|UNK|chrome 65.0 for android|UNK,LG-X180g Build/LMY47I,,chrome 65.0 for android,
VS5012 Build/NRD90M|UNK|chrome 65.0 for android|UNK,VS5012 Build/NRD90M,,chrome 65.0 for android,
LG-M320 Build/NRD90U|UNK|chrome 65.0 for android|UNK,LG-M320 Build/NRD90U,,chrome 65.0 for android,
Lenovo A2016b30 Build/MRA58K|UNK|chrome 65.0 for android|UNK,Lenovo A2016b30 Build/MRA58K,,chrome 65.0 for android,
SM-J510MN Build/MMB29M|UNK|chrome 59.0 for android|UNK,SM-J510MN Build/MMB29M,,chrome 59.0 for android,
LG-H500 Build/LRX21Y|UNK|chrome 65.0 for android|UNK,LG-H500 Build/LRX21Y,,chrome 65.0 for android,
SM-G610M Build/MMB29K|UNK|chrome 65.0 for android|UNK,SM-G610M Build/MMB29K,,chrome 65.0 for android,
SM-G925I Build/MMB29K|UNK|chrome 65.0 for android|UNK,SM-G925I Build/MMB29K,,chrome 65.0 for android,
MotoG3|UNK|chrome 65.0 for android|UNK,MotoG3,,chrome 65.0 for android,
Moto X Play Build/NPD26.48-24-1|UNK|chrome 65.0 for android|UNK,Moto X Play Build/NPD26.48-24-1,,chrome 65.0 for android,
LG-M400 Build/NRD90U|UNK|chrome 65.0 for android|UNK,LG-M400 Build/NRD90U,,chrome 65.0 for android,
Y635-L03 Build/HuaweiY635-L03|UNK|chrome|UNK,Y635-L03 Build/HuaweiY635-L03,,chrome,
SM-J530F Build/NRD90M|Android 7.0|chrome 62.0 for android|1280x720,SM-J530F Build/NRD90M,Android 7.0,chrome 62.0 for android,1280x720
SM-J327T1 Build/NRD90M|UNK|chrome 63.0 for android|UNK,SM-J327T1 Build/NRD90M,,chrome 63.0 for android,
SAMSUNG SM-J327T1 Build/NRD90M|Android 7.0|samsung browser 6.4|1280x720,SAMSUNG SM-J327T1 Build/NRD90M,Android 7.0,samsung browser 6.4,1280x720
Linux x86_64|Linux|firefox 59.0|1280x800,Linux x86_64,Linux,firefox 59.0,1280x800
TA-1025|UNK|chrome 65.0 for android|UNK,TA-1025,,chrome 65.0 for android,
FRD-L04 Build/HUAWEIFRD-L04|UNK|chrome 65.0 for android|UNK,FRD-L04 Build/HUAWEIFRD-L04,,chrome 65.0 for android,
5017A|UNK|chrome 65.0 for android|UNK,5017A,,chrome 65.0 for android,
MacOS|Mac OS X 10_12_6|chrome 65.0|1280x800,MacOS,Mac OS X 10_12_6,chrome 65.0,1280x800
SM-G935V Build/NRD90M|Android 7.0|chrome 65.0 for android|2560x1440,SM-G935V Build/NRD90M,Android 7.0,chrome 65.0 for android,2560x1440
rv:59.0|Mac OS X 10.13|firefox 59.0|1280x800,rv:59.0,Mac OS X 10.13,firefox 59.0,1280x800
LG-H918 Build/NRD90M|Android 7.0|chrome 65.0 for android|2560x1440,LG-H918 Build/NRD90M,Android 7.0,chrome 65.0 for android,2560x1440
LG-D681|UNK|chrome 65.0 for android|UNK,LG-D681,,chrome 65.0 for android,
SAMSUNG SM-G570M Build/NRD90M|UNK|samsung browser 6.4|UNK,SAMSUNG SM-G570M Build/NRD90M,,samsung browser 6.4,
LG-H918 Build/NRD90M|Android 7.0|chrome 65.0 for android|UNK,LG-H918 Build/NRD90M,Android 7.0,chrome 65.0 for android,
MacOS|Mac OS X 10_13_3|chrome 65.0|2560x1440,MacOS,Mac OS X 10_13_3,chrome 65.0,2560x1440
Ilium LT500 Build/LMY47O|UNK|chrome 65.0 for android|UNK,Ilium LT500 Build/LMY47O,,chrome 65.0 for android,
Helix|UNK|chrome 65.0 for android|UNK,Helix,,chrome 65.0 for android,
Hisense U963 Build/MRA58K|UNK|chrome 65.0 for android|UNK,Hisense U963 Build/MRA58K,,chrome 65.0 for android,
F5121|UNK|chrome 65.0 for android|UNK,F5121,,chrome 65.0 for android,
LG-K410 Build/LRX22G|UNK|chrome 65.0 for android|UNK,LG-K410 Build/LRX22G,,chrome 65.0 for android,
4047G Build/NRD90M|UNK|chrome 64.0 for android|UNK,4047G Build/NRD90M,,chrome 64.0 for android,
LG-X220 Build/LMY47I|UNK|chrome 55.0 for android|UNK,LG-X220 Build/LMY47I,,chrome 55.0 for android,
UNK|Linux|chrome 65.0|2961x1442,,Linux,chrome 65.0,2961x1442
5025G Build/LMY47I|UNK|chrome 65.0 for android|UNK,5025G Build/LMY47I,,chrome 65.0 for android,
Windows|Windows 10|chrome 65.0|2736x1824,Windows,Windows 10,chrome 65.0,2736x1824
Windows|Windows 10|chrome 65.0|UNK,Windows,Windows 10,chrome 65.0,
BLADE A602 Build/MRA58K|UNK|chrome 65.0 for android|UNK,BLADE A602 Build/MRA58K,,chrome 65.0 for android,
SM-G935T Build/NRD90M|Android 7.0|chrome 65.0 for android|1920x1080,SM-G935T Build/NRD90M,Android 7.0,chrome 65.0 for android,1920x1080
SM-T827V Build/NRD90M|Android 7.0|chrome 58.0 for android|2048x1536,SM-T827V Build/NRD90M,Android 7.0,chrome 58.0 for android,2048x1536
XT890 Build/9.8.2I-50_SML-25|UNK|chrome 65.0 for android|UNK,XT890 Build/9.8.2I-50_SML-25,,chrome 65.0 for android,
TA-1039 Build/NMF26F|UNK|chrome 65.0 for android|UNK,TA-1039 Build/NMF26F,,chrome 65.0 for android,
XT1008 Build/LPBS23.13-56-2|UNK|chrome 65.0 for android|UNK,XT1008 Build/LPBS23.13-56-2,,chrome 65.0 for android,
SM-G950U Build/R16NW|Android 8.0.0|chrome 65.0 for android|2220x1080,SM-G950U Build/R16NW,Android 8.0.0,chrome 65.0 for android,2220x1080
SAMSUNG SM-G925I Build/NRD90M|UNK|samsung browser 6.4|UNK,SAMSUNG SM-G925I Build/NRD90M,,samsung browser 6.4,
SM-G920I|UNK|chrome 65.0 for android|UNK,SM-G920I,,chrome 65.0 for android,
MacOS|Mac|chrome 65.0|1280x800,MacOS,Mac,chrome 65.0,1280x800
6045I Build/LRX22G|UNK|chrome 63.0 for android|UNK,6045I Build/LRX22G,,chrome 63.0 for android,
P5046A|UNK|chrome 65.0 for android|UNK,P5046A,,chrome 65.0 for android,
SAMSUNG SM-T580 Build/NRD90M|UNK|samsung browser 6.4|UNK,SAMSUNG SM-T580 Build/NRD90M,,samsung browser 6.4,
SM-J327V Build/NRD90M|Android 7.0|chrome 61.0 for android|1280x720,SM-J327V Build/NRD90M,Android 7.0,chrome 61.0 for android,1280x720
SAMSUNG SM-G9600 Build/R16NW|UNK|other|UNK,SAMSUNG SM-G9600 Build/R16NW,,other,
SM-A710M Build/LMY47X|UNK|chrome 65.0 for android|UNK,SM-A710M Build/LMY47X,,chrome 65.0 for android,
SM-J710MN Build/MMB29K|UNK|chrome 65.0 for android|UNK,SM-J710MN Build/MMB29K,,chrome 65.0 for android,
SAMSUNG SM-G920F Build/NRD90M|UNK|samsung browser 6.4|UNK,SAMSUNG SM-G920F Build/NRD90M,,samsung browser 6.4,
SM-J700P|UNK|chrome 65.0 for android|UNK,SM-J700P,,chrome 65.0 for android,
LG-H840 Build/MMB29M|UNK|chrome 65.0 for android|UNK,LG-H840 Build/MMB29M,,chrome 65.0 for android,
SM-G800M Build/KOT49H|UNK|chrome 64.0 for android|UNK,SM-G800M Build/KOT49H,,chrome 64.0 for android,
LG-H840 Build/NRD90U|UNK|chrome 65.0 for android|UNK,LG-H840 Build/NRD90U,,chrome 65.0 for android,
E2306 Build/26.1.A.3.111|UNK|chrome 65.0 for android|UNK,E2306 Build/26.1.A.3.111,,chrome 65.0 for android,
Ilium LT520 Build/NRD90M|UNK|chrome 65.0 for android|UNK,Ilium LT520 Build/NRD90M,,chrome 65.0 for android,
M4 SS4451 Build/LMY47D|UNK|chrome 62.0 for android|UNK,M4 SS4451 Build/LMY47D,,chrome 62.0 for android,
Moto G Play Build/MPIS24.241-15.3-26|UNK|chrome 65.0 for android|UNK,Moto G Play Build/MPIS24.241-15.3-26,,chrome 65.0 for android,
XT1650|UNK|chrome 65.0 for android|UNK,XT1650,,chrome 65.0 for android,
MotoG3-TE Build/MPDS24.65-33-1-3|UNK|chrome 63.0 for android|UNK,MotoG3-TE Build/MPDS24.65-33-1-3,,chrome 63.0 for android,
SAMSUNG SM-G532M Build/MMB29T|UNK|samsung browser 6.4|UNK,SAMSUNG SM-G532M Build/MMB29T,,samsung browser 6.4,
LenovoA3300-GV Build/JDQ39|UNK|chrome 65.0 for android|UNK,LenovoA3300-GV Build/JDQ39,,chrome 65.0 for android,
SAMSUNG SM-G930F Build/NRD90M|UNK|samsung browser 6.4|UNK,SAMSUNG SM-G930F Build/NRD90M,,samsung browser 6.4,
SM-T350 Build/NMF26X|UNK|chrome 65.0 for android|UNK,SM-T350 Build/NMF26X,,chrome 65.0 for android,
ONEPLUS|Android 7.1.1|chrome 65.0 for android|UNK,ONEPLUS,Android 7.1.1,chrome 65.0 for android,
XT1650 Build/NPLS26.118-20-5-11|UNK|chrome 65.0 for android|UNK,XT1650 Build/NPLS26.118-20-5-11,,chrome 65.0 for android,
MacOS|Mac OS X 10_11_4|safari generic|1920x1080,MacOS,Mac OS X 10_11_4,safari generic,1920x1080
MacOS|Mac OS X 10_10_5|chrome 65.0|1920x1080,MacOS,Mac OS X 10_10_5,chrome 65.0,1920x1080
PRA-LX1 Build/HUAWEIPRA-LX1|UNK|chrome 65.0 for android|UNK,PRA-LX1 Build/HUAWEIPRA-LX1,,chrome 65.0 for android,
SM-T113NU Build/KTU84P|UNK|chrome 65.0 for android|UNK,SM-T113NU Build/KTU84P,,chrome 65.0 for android,
SAMSUNG SM-G950U Build/NRD90M|Android 7.0|samsung browser 6.4|2220x1080,SAMSUNG SM-G950U Build/NRD90M,Android 7.0,samsung browser 6.4,2220x1080
MacOS|Mac OS X 10_11_6|chrome 65.0|1680x1050,MacOS,Mac OS X 10_11_6,chrome 65.0,1680x1050
SM-J530GM Build/NRD90M|UNK|chrome 65.0 for android|UNK,SM-J530GM Build/NRD90M,,chrome 65.0 for android,
LG-LS993 Build/NRD90U|Android 7.0|chrome 65.0 for android|2672x1440,LG-LS993 Build/NRD90U,Android 7.0,chrome 65.0 for android,2672x1440
rv:59.0|Mac OS X 10.13|firefox 59.0|1680x1050,rv:59.0,Mac OS X 10.13,firefox 59.0,1680x1050
BLL-L23 Build/HUAWEIBLL-L23|UNK|chrome 65.0 for android|UNK,BLL-L23 Build/HUAWEIBLL-L23,,chrome 65.0 for android,
HTCD160LVWPP|UNK|chrome 65.0 for android|UNK,HTCD160LVWPP,,chrome 65.0 for android,
rv:59.0|Mac OS X 10.13|firefox 59.0|1366x768,rv:59.0,Mac OS X 10.13,firefox 59.0,1366x768
SAMSUNG-SM-G935A Build/NRD90M|Android 7.0|chrome 65.0 for android|1920x1080,SAMSUNG-SM-G935A Build/NRD90M,Android 7.0,chrome 65.0 for android,1920x1080
SM-G925T Build/LMY47X|UNK|chrome 65.0 for android|UNK,SM-G925T Build/LMY47X,,chrome 65.0 for android,
TA-1044 Build/NMF26F|UNK|chrome 65.0 for android|UNK,TA-1044 Build/NMF26F,,chrome 65.0 for android,
SAMSUNG SM-G920T Build/NRD90M|Android 7.0|samsung browser 6.4|2560x1440,SAMSUNG SM-G920T Build/NRD90M,Android 7.0,samsung browser 6.4,2560x1440
SM-G950U1 Build/NRD90M|Android 7.0|chrome 60.0 for android|2220x1080,SM-G950U1 Build/NRD90M,Android 7.0,chrome 60.0 for android,2220x1080
SM-G900M Build/KOT49H|UNK|chrome 65.0 for android|UNK,SM-G900M Build/KOT49H,,chrome 65.0 for android,
SM-J500M Build/MMB29M|UNK|chrome 65.0 for android|UNK,SM-J500M Build/MMB29M,,chrome 65.0 for android,
Windows|Windows 10|chrome 65.0|1280x768,Windows,Windows 10,chrome 65.0,1280x768
SM-G955U Build/R16NW|Android 8.0.0|chrome 65.0 for android|2961x1442,SM-G955U Build/R16NW,Android 8.0.0,chrome 65.0 for android,2961x1442
Windows|Windows 7|chrome 65.0|1680x1050,Windows,Windows 7,chrome 65.0,1680x1050
SM-J320M Build/LMY47V|UNK|chrome 65.0 for android|UNK,SM-J320M Build/LMY47V,,chrome 65.0 for android,
SM-G920R4|UNK|chrome 65.0 for android|UNK,SM-G920R4,,chrome 65.0 for android,
Pixel XL Build/OPM1.171019.021|Android 8.1.0|chrome 65.0 for android|2562x1442,Pixel XL Build/OPM1.171019.021,Android 8.1.0,chrome 65.0 for android,2562x1442
UNK|Android|chrome 65.0|UNK,,Android,chrome 65.0,
ALCATEL ONE TOUCH 7042A Build/JDQ39|UNK|chrome 60.0 for android|UNK,ALCATEL ONE TOUCH 7042A Build/JDQ39,,chrome 60.0 for android,
Neffos C5 Build/LMY47D|UNK|chrome 65.0 for android|UNK,Neffos C5 Build/LMY47D,,chrome 65.0 for android,
Moto G (5) Plus Build/NPN25.137-15|UNK|chrome generic|UNK,Moto G (5) Plus Build/NPN25.137-15,,chrome generic,
HUAWEI VNS-L53 Build/HUAWEIVNS-L53|UNK|chrome 65.0 for android|UNK,HUAWEI VNS-L53 Build/HUAWEIVNS-L53,,chrome 65.0 for android,
PH-1|UNK|chrome 65.0 for android|UNK,PH-1,,chrome 65.0 for android,
SM-J105B Build/LMY47V|UNK|chrome 65.0 for android|UNK,SM-J105B Build/LMY47V,,chrome 65.0 for android,
SAMSUNG-SM-G935A Build/NRD90M|Android 7.0|chrome 65.0 for android|2560x1440,SAMSUNG-SM-G935A Build/NRD90M,Android 7.0,chrome 65.0 for android,2560x1440
LG-X165g Build/LRX21M|UNK|other|UNK,LG-X165g Build/LRX21M,,other,
Lenovo PB2-650Y Build/MRA58K|UNK|chrome 65.0 for android|UNK,Lenovo PB2-650Y Build/MRA58K,,chrome 65.0 for android,
SLA-L03 Build/HUAWEISLA-L03|UNK|chrome 65.0 for android|UNK,SLA-L03 Build/HUAWEISLA-L03,,chrome 65.0 for android,
SM-G920I Build/NRD90M|UNK|chrome 65.0 for android|UNK,SM-G920I Build/NRD90M,,chrome 65.0 for android,
LG-K430 Build/MRA58K|UNK|chrome 65.0 for android|UNK,LG-K430 Build/MRA58K,,chrome 65.0 for android,
SM-N950F Build/NMF26X|UNK|chrome 61.0 for android|UNK,SM-N950F Build/NMF26X,,chrome 61.0 for android,
HTC U11 Build/NMF26X|UNK|chrome 65.0 for android|UNK,HTC U11 Build/NMF26X,,chrome 65.0 for android,
BLU|UNK|android webview 4.0|UNK,BLU,,android webview 4.0,
ALE-L21 Build/HuaweiALE-L21|UNK|chrome 65.0 for android|UNK,ALE-L21 Build/HuaweiALE-L21,,chrome 65.0 for android,
MacOS|Mac OS X 10_11_6|chrome 65.0|1920x1080,MacOS,Mac OS X 10_11_6,chrome 65.0,1920x1080
SM-J727T1 Build/NRD90M|Android 7.0|chrome 65.0 for android|1280x720,SM-J727T1 Build/NRD90M,Android 7.0,chrome 65.0 for android,1280x720
SAMSUNG SM-G950U Build/R16NW|Android 8.0.0|samsung browser 7.0|2960x1440,SAMSUNG SM-G950U Build/R16NW,Android 8.0.0,samsung browser 7.0,2960x1440
MacOS|Mac OS X 10_12_3|chrome 64.0|2560x1440,MacOS,Mac OS X 10_12_3,chrome 64.0,2560x1440
HTC Desire 650 Build/MMB29M|UNK|chrome 65.0 for android|UNK,HTC Desire 650 Build/MMB29M,,chrome 65.0 for android,
4047G Build/NRD90M|UNK|chrome 65.0 for android|UNK,4047G Build/NRD90M,,chrome 65.0 for android,
Windows|Windows 7|chrome 65.0|1920x1200,Windows,Windows 7,chrome 65.0,1920x1200
G3123|UNK|chrome 56.0 for android|UNK,G3123,,chrome 56.0 for android,
SM-T230 Build/KOT49H|UNK|chrome 65.0 for android|UNK,SM-T230 Build/KOT49H,,chrome 65.0 for android,
SM-A710M Build/NRD90M|UNK|chrome 65.0 for android|UNK,SM-A710M Build/NRD90M,,chrome 65.0 for android,
PSPC550 Build/LMY47D|UNK|chrome 65.0 for android|UNK,PSPC550 Build/LMY47D,,chrome 65.0 for android,
Ilium X710 Build/MRA58K|UNK|chrome 65.0 for android|UNK,Ilium X710 Build/MRA58K,,chrome 65.0 for android,
SM-E500M Build/KTU84P|UNK|chrome 65.0 for android|UNK,SM-E500M Build/KTU84P,,chrome 65.0 for android,
SM-J327P Build/MMB29M|Android 6.0.1|chrome 65.0 for android|1280x720,SM-J327P Build/MMB29M,Android 6.0.1,chrome 65.0 for android,1280x720
Pixel 2 Build/OPM1.171019.021|Android 8.1.0|chrome 65.0 for android|1921x1081,Pixel 2 Build/OPM1.171019.021,Android 8.1.0,chrome 65.0 for android,1921x1081
F3313 Build/37.0.A.2.248|UNK|chrome 65.0 for android|UNK,F3313 Build/37.0.A.2.248,,chrome 65.0 for android,
rv:59.0|Mac OS X 10.12|firefox 59.0|2560x1600,rv:59.0,Mac OS X 10.12,firefox 59.0,2560x1600
MacOS|Mac OS X 10_13_3|chrome 65.0|1280x800,MacOS,Mac OS X 10_13_3,chrome 65.0,1280x800
Windows|Windows 10|edge 16.0|1280x1023,Windows,Windows 10,edge 16.0,1280x1023
MacOS|Mac OS X 10_13_2|chrome 65.0|1280x800,MacOS,Mac OS X 10_13_2,chrome 65.0,1280x800
SM-G928T Build/NRD90M|UNK|chrome 64.0 for android|UNK,SM-G928T Build/NRD90M,,chrome 64.0 for android,
rv:48.0|Mac OS X 10.11|firefox 48.0|1920x1080,rv:48.0,Mac OS X 10.11,firefox 48.0,1920x1080
XT1710-02|Android 7.1.1|chrome 64.0 for android|1920x1080,XT1710-02,Android 7.1.1,chrome 64.0 for android,1920x1080
Windows|Windows 10|edge 16.0|1279x1023,Windows,Windows 10,edge 16.0,1279x1023
TRT-L53 Build/HUAWEITRT-L53|UNK|samsung browser 6.2|UNK,TRT-L53 Build/HUAWEITRT-L53,,samsung browser 6.2,
LG-H810|UNK|chrome 65.0 for android|UNK,LG-H810,,chrome 65.0 for android,
LG-D693n Build/LRX22G|UNK|chrome 65.0 for android|UNK,LG-D693n Build/LRX22G,,chrome 65.0 for android,
Nexus 6 Build/N6F27M|UNK|chrome 65.0 for android|UNK,Nexus 6 Build/N6F27M,,chrome 65.0 for android,
SAMSUNG SM-J701M Build/NRD90M|UNK|samsung browser 6.4|UNK,SAMSUNG SM-J701M Build/NRD90M,,samsung browser 6.4,
iOS Device|iOS 10.2.0|mobile safari generic|1136x640,iOS Device,iOS 10.2.0,mobile safari generic,1136x640
SM-N950U1 Build/NMF26X|Android 7.1.1|chrome 65.0 for android|2220x1080,SM-N950U1 Build/NMF26X,Android 7.1.1,chrome 65.0 for android,2220x1080
MacOS|Mac OS X 10_11_6|chrome 65.0|2560x1600,MacOS,Mac OS X 10_11_6,chrome 65.0,2560x1600
E5306 Build/27.3.A.0.129|UNK|chrome 65.0 for android|UNK,E5306 Build/27.3.A.0.129,,chrome 65.0 for android,
SM-J730GM Build/NRD90M|UNK|chrome 65.0 for android|UNK,SM-J730GM Build/NRD90M,,chrome 65.0 for android,
F8331 Build/41.2.A.7.76|UNK|chrome 65.0 for android|UNK,F8331 Build/41.2.A.7.76,,chrome 65.0 for android,
Windows|Windows 7|chrome 65.0|1441x901,Windows,Windows 7,chrome 65.0,1441x901
Lenovo K33b36 Build/NRD90N|UNK|chrome 65.0 for android|UNK,Lenovo K33b36 Build/NRD90N,,chrome 65.0 for android,
rv:11.0|Windows 7|ie 11.0 for desktop|1679x1049,rv:11.0,Windows 7,ie 11.0 for desktop,1679x1049
Pixel 2 XL Build/OPM1.171019.021|UNK|chrome 65.0 for android|UNK,Pixel 2 XL Build/OPM1.171019.021,,chrome 65.0 for android,
LG-K373|UNK|chrome 65.0 for android|UNK,LG-K373,,chrome 65.0 for android,
Windows|Windows 8.1|chrome 65.0|1440x810,Windows,Windows 8.1,chrome 65.0,1440x810
LG-X230 Build/MRA58K|UNK|chrome 65.0 for android|UNK,LG-X230 Build/MRA58K,,chrome 65.0 for android,
SAMSUNG SM-N900T Build/LRX21V|UNK|chrome generic|UNK,SAMSUNG SM-N900T Build/LRX21V,,chrome generic,
G8141|UNK|chrome 65.0 for android|UNK,G8141,,chrome 65.0 for android,
F5321 Build/34.3.A.0.238|UNK|chrome 65.0 for android|UNK,F5321 Build/34.3.A.0.238,,chrome 65.0 for android,
E5823 Build/32.4.A.1.54|UNK|chrome 65.0 for android|UNK,E5823 Build/32.4.A.1.54,,chrome 65.0 for android,
XT1063 Build/MPB24.65-34|UNK|chrome|UNK,XT1063 Build/MPB24.65-34,,chrome,
SAMSUNG SM-J701M Build/NRD90M|UNK|samsung browser 5.2|UNK,SAMSUNG SM-J701M Build/NRD90M,,samsung browser 5.2,
rv:52.0|Windows 8.1|firefox 52.0|1440x900,rv:52.0,Windows 8.1,firefox 52.0,1440x900
SM-G9600 Build/R16NW|UNK|chrome 65.0 for android|UNK,SM-G9600 Build/R16NW,,chrome 65.0 for android,
STELLAR|UNK|chrome 65.0 for android|UNK,STELLAR,,chrome 65.0 for android,
4047A Build/NRD90M|UNK|chrome 65.0 for android|UNK,4047A Build/NRD90M,,chrome 65.0 for android,
UNK|Linux|chrome 65.0|2562x1442,,Linux,chrome 65.0,2562x1442
SM-G930T Build/NRD90M|Android 7.0|chrome 65.0 for android|1920x1080,SM-G930T Build/NRD90M,Android 7.0,chrome 65.0 for android,1920x1080
BLADE V8 Build/NRD90M|UNK|chrome 55.0 for android|UNK,BLADE V8 Build/NRD90M,,chrome 55.0 for android,
SM-G935P Build/NRD90M|Android 7.0|chrome 65.0 for android|1920x1080,SM-G935P Build/NRD90M,Android 7.0,chrome 65.0 for android,1920x1080
SAMSUNG SM-J700M Build/MMB29K|UNK|samsung browser 6.4|UNK,SAMSUNG SM-J700M Build/MMB29K,,samsung browser 6.4,
ZUR70016|UNK|chrome 65.0 for android|UNK,ZUR70016,,chrome 65.0 for android,
MotoG3 Build/MPIS24.65-33.1-2-16|UNK|chrome 65.0 for android|UNK,MotoG3 Build/MPIS24.65-33.1-2-16,,chrome 65.0 for android,
SM-G900M Build/KOT49H|UNK|chrome generic|UNK,SM-G900M Build/KOT49H,,chrome generic,
NEM-L51 Build/HONORNEM-L51|UNK|chrome 65.0 for android|UNK,NEM-L51 Build/HONORNEM-L51,,chrome 65.0 for android,
D6603 Build/23.5.A.1.291|UNK|chrome 65.0 for android|UNK,D6603 Build/23.5.A.1.291,,chrome 65.0 for android,
STV100-1|UNK|chrome 65.0 for android|UNK,STV100-1,,chrome 65.0 for android,
SM-N920V Build/NRD90M|UNK|chrome 65.0 for android|UNK,SM-N920V Build/NRD90M,,chrome 65.0 for android,
C6906|UNK|chrome 65.0 for android|UNK,C6906,,chrome 65.0 for android,
SM-G928G|UNK|chrome 65.0 for android|UNK,SM-G928G,,chrome 65.0 for android,
SAMSUNG SM-A310M Build/LMY47X|UNK|chrome generic|UNK,SAMSUNG SM-A310M Build/LMY47X,,chrome generic,
SM-J530G|UNK|chrome 65.0 for android|UNK,SM-J530G,,chrome 65.0 for android,
Star|UNK|chrome generic|UNK,Star,,chrome generic,
Z813 Build/LMY47O|UNK|chrome 65.0 for android|UNK,Z813 Build/LMY47O,,chrome 65.0 for android,
G8341|UNK|chrome 65.0 for android|UNK,G8341,,chrome 65.0 for android,
Windows|Windows 8|chrome 65.0|1920x1080,Windows,Windows 8,chrome 65.0,1920x1080
VS988 Build/NRD90U|Android 7.0|chrome 65.0 for android|2672x1440,VS988 Build/NRD90U,Android 7.0,chrome 65.0 for android,2672x1440
rv:51.0|Linux|Generic/Android 7.0|2392x1440,rv:51.0,Linux,Generic/Android 7.0,2392x1440
SAMSUNG-SM-G925A Build/MMB29K|UNK|chrome 64.0 for android|UNK,SAMSUNG-SM-G925A Build/MMB29K,,chrome 64.0 for android,
KIW-L24|UNK|chrome 56.0 for android|UNK,KIW-L24,,chrome 56.0 for android,
SM-G950F Build/R16NW|UNK|android webview 4.0|UNK,SM-G950F Build/R16NW,,android webview 4.0,
Windows|Windows 10|firefox 52.0|1600x900,Windows,Windows 10,firefox 52.0,1600x900
MacOS|Mac OS X 10_12_6|chrome 65.0|1920x1080,MacOS,Mac OS X 10_12_6,chrome 65.0,1920x1080
Windows|Windows Vista|aol|1600x900,Windows,Windows Vista,aol,1600x900
rv:11.0|Windows 7|ie 11.0 for desktop|1280x1023,rv:11.0,Windows 7,ie 11.0 for desktop,1280x1023
Lenovo PB2-650Y Build/MRA58K|UNK|chrome 52.0 for android|UNK,Lenovo PB2-650Y Build/MRA58K,,chrome 52.0 for android,
Windows|Windows 10|chrome 65.0|1680x1051,Windows,Windows 10,chrome 65.0,1680x1051
SM-N950U Build/NMF26X|Android 7.1.1|chrome 65.0 for android|2220x1081,SM-N950U Build/NMF26X,Android 7.1.1,chrome 65.0 for android,2220x1081
SM-G900F Build/MMB29M|UNK|chrome 65.0 for android|UNK,SM-G900F Build/MMB29M,,chrome 65.0 for android,
Windows|Windows 10|chrome 65.0|1920x1281,Windows,Windows 10,chrome 65.0,1920x1281
Blade A510 Build/MRA58K|UNK|chrome 60.0 for android|UNK,Blade A510 Build/MRA58K,,chrome 60.0 for android,
RNE-L03 Build/HUAWEIRNE-L03|UNK|chrome 59.0 for android|UNK,RNE-L03 Build/HUAWEIRNE-L03,,chrome 59.0 for android,
SM-J327T1 Build/NRD90M|Android 7.0|chrome 60.0 for android|1280x720,SM-J327T1 Build/NRD90M,Android 7.0,chrome 60.0 for android,1280x720
Windows|Windows 10|edge 15.0|1920x1079,Windows,Windows 10,edge 15.0,1920x1079
SM-A320Y Build/NRD90M|UNK|chrome 65.0 for android|UNK,SM-A320Y Build/NRD90M,,chrome 65.0 for android,
Windows|Windows 10|edge 16.0|4500x3000,Windows,Windows 10,edge 16.0,4500x3000
SM-G950F Build/R16NW|UNK|chrome 65.0 for android|UNK,SM-G950F Build/R16NW,,chrome 65.0 for android,
Windows|Windows 10|chrome 65.0|1921x1081,Windows,Windows 10,chrome 65.0,1921x1081
rv:58.0|Mac OS X 10.11|firefox 58.0|3440x1440,rv:58.0,Mac OS X 10.11,firefox 58.0,3440x1440
XT1580 Build/NPKS25.200-17-8|UNK|chrome 65.0 for android|UNK,XT1580 Build/NPKS25.200-17-8,,chrome 65.0 for android,
ALCATEL|UNK|chrome 63.0 for android|UNK,ALCATEL,,chrome 63.0 for android,
UNK|Linux|chrome 65.0|2560x1440,,Linux,chrome 65.0,2560x1440
MacOS|Mac OS X 10_11_4|chrome 65.0|2560x1600,MacOS,Mac OS X 10_11_4,chrome 65.0,2560x1600
SM-G930V Build/NRD90M|Android 7.0|chrome 65.0 for android|1920x1080,SM-G930V Build/NRD90M,Android 7.0,chrome 65.0 for android,1920x1080
GT-I9060L Build/JDQ39|UNK|chrome 65.0 for android|UNK,GT-I9060L Build/JDQ39,,chrome 65.0 for android,
Trident/7.0|Windows 7|ie 11.0 for desktop|1280x1023,Trident/7.0,Windows 7,ie 11.0 for desktop,1280x1023
SM-G550T1 Build/MMB29K|UNK|chrome 50.0 for android|UNK,SM-G550T1 Build/MMB29K,,chrome 50.0 for android,
MacOS|Mac OS X 10_12_6|chrome 65.0|1366x768,MacOS,Mac OS X 10_12_6,chrome 65.0,1366x768
LEX829|UNK|chrome 65.0 for android|UNK,LEX829,,chrome 65.0 for android,
SM-N950U1 Build/NMF26X|Android 7.1.1|chrome 65.0 for android|2961x1442,SM-N950U1 Build/NMF26X,Android 7.1.1,chrome 65.0 for android,2961x1442
SM-T710 Build/NRD90M|UNK|chrome 65.0 for android|UNK,SM-T710 Build/NRD90M,,chrome 65.0 for android,
TA-1027|UNK|chrome 65.0 for android|UNK,TA-1027,,chrome 65.0 for android,
E5606|UNK|chrome 65.0 for android|UNK,E5606,,chrome 65.0 for android,
SM-A310F Build/NRD90M|UNK|chrome 65.0 for android|UNK,SM-A310F Build/NRD90M,,chrome 65.0 for android,
MacOS|Mac OS X 10_12_6|safari generic|1152x648,MacOS,Mac OS X 10_12_6,safari generic,1152x648
SM-G570M Build/NRD90M|UNK|chrome 65.0 for android|UNK,SM-G570M Build/NRD90M,,chrome 65.0 for android,
SM-G355M Build/KOT49H|UNK|chrome 54.0 for android|UNK,SM-G355M Build/KOT49H,,chrome 54.0 for android,
TA-1027 Build/OPR1.170623.026|UNK|UNK|UNK,TA-1027 Build/OPR1.170623.026,,,
SAMSUNG|Android 7.0|samsung browser 6.4|2220x1081,SAMSUNG,Android 7.0,samsung browser 6.4,2220x1081
LG-K410 Build/LRX22G|UNK|chrome 60.0 for android|UNK,LG-K410 Build/LRX22G,,chrome 60.0 for android,
8050G Build/LMY47I|UNK|chrome 65.0 for android|UNK,8050G Build/LMY47I,,chrome 65.0 for android,
Tmovi Build/Vision|UNK|chrome 65.0 for android|UNK,Tmovi Build/Vision,,chrome 65.0 for android,
SM-G930V Build/NRD90M|UNK|android webview 4.0|UNK,SM-G930V Build/NRD90M,,android webview 4.0,
Moto Z2 Play Build/NPS26.74-16-1|UNK|chrome 61.0 for android|UNK,Moto Z2 Play Build/NPS26.74-16-1,,chrome 61.0 for android,
SM-J510MN Build/MMB29M|UNK|chrome 55.0 for android|UNK,SM-J510MN Build/MMB29M,,chrome 55.0 for android,
SM-P580 Build/NRD90M|UNK|chrome 65.0 for android|UNK,SM-P580 Build/NRD90M,,chrome 65.0 for android,
SM-T560 Build/KTU84P|UNK|chrome 65.0 for android|UNK,SM-T560 Build/KTU84P,,chrome 65.0 for android,
Ilium|UNK|chrome 65.0 for android|UNK,Ilium,,chrome 65.0 for android,
Y635-L03 Build/HuaweiY635-L03|UNK|chrome 65.0 for android|UNK,Y635-L03 Build/HuaweiY635-L03,,chrome 65.0 for android,
Windows|Windows 8.1|chrome 65.0|1152x864,Windows,Windows 8.1,chrome 65.0,1152x864
Mi A1 Build/N2G47H|UNK|chrome 65.0 for android|UNK,Mi A1 Build/N2G47H,,chrome 65.0 for android,
SAMSUNG SM-J727T1 Build/NRD90M|UNK|samsung browser 5.2|UNK,SAMSUNG SM-J727T1 Build/NRD90M,,samsung browser 5.2,
M4 SS4456 Build/LMY47V|UNK|chrome 65.0 for android|UNK,M4 SS4456 Build/LMY47V,,chrome 65.0 for android,
TA-1027 Build/N2G47H|UNK|chrome 65.0 for android|UNK,TA-1027 Build/N2G47H,,chrome 65.0 for android,
Trident/7.0|Windows 10|ie 11.0 for desktop|1919x1199,Trident/7.0,Windows 10,ie 11.0 for desktop,1919x1199
LG-M250 Build/NRD90U|UNK|chrome 65.0 for android|UNK,LG-M250 Build/NRD90U,,chrome 65.0 for android,
SM-G920V Build/NRD90M|Android 7.0|chrome 65.0 for android|2560x1440,SM-G920V Build/NRD90M,Android 7.0,chrome 65.0 for android,2560x1440
SAMSUNG SM-G955U Build/NRD90M|UNK|samsung browser 6.4|UNK,SAMSUNG SM-G955U Build/NRD90M,,samsung browser 6.4,
SM-J710MN Build/NRD90M|UNK|chrome 64.0 for android|UNK,SM-J710MN Build/NRD90M,,chrome 64.0 for android,
TA-1020|UNK|chrome 65.0 for android|UNK,TA-1020,,chrome 65.0 for android,
Trident/7.0|Windows 7|ie 11.0 for desktop|1680x1049,Trident/7.0,Windows 7,ie 11.0 for desktop,1680x1049
HT0703K16|UNK|chrome 64.0 for android|UNK,HT0703K16,,chrome 64.0 for android,
Windows|Windows 10|chrome 65.0|1440x900,Windows,Windows 10,chrome 65.0,1440x900
Windows|Windows 10|firefox 59.0|1280x1024,Windows,Windows 10,firefox 59.0,1280x1024
SM-G930T Build/NRD90M|UNK|chrome 65.0 for android|UNK,SM-G930T Build/NRD90M,,chrome 65.0 for android,
LG-M210 Build/NRD90U|Android 7.0|chrome 65.0 for android|1280x720,LG-M210 Build/NRD90U,Android 7.0,chrome 65.0 for android,1280x720
MacOS|Mac OS X 10_11_6|chrome 65.0|4096x2304,MacOS,Mac OS X 10_11_6,chrome 65.0,4096x2304
MacOS|Mac OS X 10_12_6|chrome 65.0|1440x900,MacOS,Mac OS X 10_12_6,chrome 65.0,1440x900
HUAWEI CAN-L11 Build/HUAWEICAN-L11|UNK|chrome 65.0 for android|UNK,HUAWEI CAN-L11 Build/HUAWEICAN-L11,,chrome 65.0 for android,
Windows|Windows 7|chrome 65.0|1600x1200,Windows,Windows 7,chrome 65.0,1600x1200
rv:59.0|Mac OS X 10.11|firefox 59.0|2880x1800,rv:59.0,Mac OS X 10.11,firefox 59.0,2880x1800
SM-T580 Build/NRD90M|UNK|chrome 65.0 for android|UNK,SM-T580 Build/NRD90M,,chrome 65.0 for android,
XT1063 Build/MPB24.65-34-3|UNK|chrome 65.0 for android|UNK,XT1063 Build/MPB24.65-34-3,,chrome 65.0 for android,
Windows|Windows 10|edge 16.0|1365x768,Windows,Windows 10,edge 16.0,1365x768
FP2|UNK|chrome 65.0 for android|UNK,FP2,,chrome 65.0 for android,
Windows|Windows 10|chrome 65.0|2400x1350,Windows,Windows 10,chrome 65.0,2400x1350
MHA-L09 Build/HUAWEIMHA-L09|UNK|chrome 65.0 for android|UNK,MHA-L09 Build/HUAWEIMHA-L09,,chrome 65.0 for android,
Windows|Windows 10|chrome 65.0|2560x1440,Windows,Windows 10,chrome 65.0,2560x1440
Aquaris V Build/N2G47H|UNK|chrome 65.0 for android|UNK,Aquaris V Build/N2G47H,,chrome 65.0 for android,
SAMSUNG SM-A510M Build/NRD90M|UNK|samsung browser 6.4|UNK,SAMSUNG SM-A510M Build/NRD90M,,samsung browser 6.4,
SM-G350M|UNK|chrome 63.0 for android|UNK,SM-G350M,,chrome 63.0 for android,
SAMSUNG SM-J730GM Build/NRD90M|UNK|samsung browser 6.4|UNK,SAMSUNG SM-J730GM Build/NRD90M,,samsung browser 6.4,
F3213 Build/36.0.A.2.146|UNK|chrome 65.0 for android|UNK,F3213 Build/36.0.A.2.146,,chrome 65.0 for android,
F3213 Build/36.1.A.1.86|UNK|chrome 65.0 for android|UNK,F3213 Build/36.1.A.1.86,,chrome 65.0 for android,
Windows|Windows 10|edge 16.0|1919x1079,Windows,Windows 10,edge 16.0,1919x1079
G3313 Build/43.0.A.5.79|UNK|chrome 65.0 for android|UNK,G3313 Build/43.0.A.5.79,,chrome 65.0 for android,
SM-G950U Build/NRD90M|Android 7.0|chrome 65.0 for android|2220x1080,SM-G950U Build/NRD90M,Android 7.0,chrome 65.0 for android,2220x1080
SM-J111M Build/LMY47V|UNK|chrome 65.0 for android|UNK,SM-J111M Build/LMY47V,,chrome 65.0 for android,
Infinix|UNK|chrome 65.0 for android|UNK,Infinix,,chrome 65.0 for android,
Touch|UNK|ie 11.0 for tablet|UNK,Touch,,ie 11.0 for tablet,
E6603 Build/32.4.A.1.54|UNK|chrome 65.0 for android|UNK,E6603 Build/32.4.A.1.54,,chrome 65.0 for android,
SM-T530NU Build/LRX22G|Android 5.0.2|chrome 65.0 for android|1280x800,SM-T530NU Build/LRX22G,Android 5.0.2,chrome 65.0 for android,1280x800
SM-G928P Build/NRD90M|UNK|chrome 65.0 for android|UNK,SM-G928P Build/NRD90M,,chrome 65.0 for android,
5011A Build/NRD90M|UNK|chrome 65.0 for android|UNK,5011A Build/NRD90M,,chrome 65.0 for android,
WAS-LX1A Build/HUAWEIWAS-LX1A|UNK|chrome 65.0 for android|UNK,WAS-LX1A Build/HUAWEIWAS-LX1A,,chrome 65.0 for android,
SM-G928T Build/NRD90M|Android 7.0|chrome 65.0 for android|1921x1081,SM-G928T Build/NRD90M,Android 7.0,chrome 65.0 for android,1921x1081
Ilium X520 Build/NRD90M|UNK|chrome 65.0 for android|UNK,Ilium X520 Build/NRD90M,,chrome 65.0 for android,
SM-G532M Build/MMB29T|UNK|chrome 65.0 for android|UNK,SM-G532M Build/MMB29T,,chrome 65.0 for android,
MacOS|Mac OS X 10_12_5|chrome 65.0|2560x1600,MacOS,Mac OS X 10_12_5,chrome 65.0,2560x1600
MacOS|Mac OS X 10_11_6|chrome 65.0|2560x1440,MacOS,Mac OS X 10_11_6,chrome 65.0,2560x1440
SM-N950F Build/NMF26X|UNK|chrome 65.0 for android|UNK,SM-N950F Build/NMF26X,,chrome 65.0 for android,
MYA-L13 Build/HUAWEIMYA-L13|UNK|chrome 65.0 for android|UNK,MYA-L13 Build/HUAWEIMYA-L13,,chrome 65.0 for android,
Moto G Play Build/NPIS26.48-36-2|UNK|chrome 65.0 for android|UNK,Moto G Play Build/NPIS26.48-36-2,,chrome 65.0 for android,
LG-K530 Build/MMB29M|UNK|chrome 65.0 for android|UNK,LG-K530 Build/MMB29M,,chrome 65.0 for android,
Moto C Plus Build/NRD90M.05.034|UNK|chrome 65.0 for android|UNK,Moto C Plus Build/NRD90M.05.034,,chrome 65.0 for android,
Blade V580 Build/LMY47D|UNK|chrome 55.0 for android|UNK,Blade V580 Build/LMY47D,,chrome 55.0 for android,
SM-N910C Build/MMB29K|UNK|chrome 65.0 for android|UNK,SM-N910C Build/MMB29K,,chrome 65.0 for android,
PLUS|UNK|chrome 65.0 for android|UNK,PLUS,,chrome 65.0 for android,
LG-V410|UNK|chrome 65.0 for android|UNK,LG-V410,,chrome 65.0 for android,
H550|UNK|android webview 4.0|UNK,H550,,android webview 4.0,
SM-T825 Build/NRD90M|UNK|chrome 65.0 for android|UNK,SM-T825 Build/NRD90M,,chrome 65.0 for android,
M431|UNK|chrome 63.0 for android|UNK,M431,,chrome 63.0 for android,
moto x4 Build/OPWS27.57-40-6|UNK|chrome 65.0 for android|UNK,moto x4 Build/OPWS27.57-40-6,,chrome 65.0 for android,
AOC_U706G|UNK|chrome 64.0 for android|UNK,AOC_U706G,,chrome 64.0 for android,
G3223 Build/42.0.A.4.101|UNK|chrome 65.0 for android|UNK,G3223 Build/42.0.A.4.101,,chrome 65.0 for android,
SM-G928G Build/NRD90M|UNK|chrome 65.0 for android|UNK,SM-G928G Build/NRD90M,,chrome 65.0 for android,
Trident/7.0|Windows 7|ie 11.0 for desktop|1919x1200,Trident/7.0,Windows 7,ie 11.0 for desktop,1919x1200
SM-J500M Build/LMY48B|UNK|chrome 65.0 for android|UNK,SM-J500M Build/LMY48B,,chrome 65.0 for android,
EVA-L19 Build/HUAWEIEVA-L19|UNK|android webview 4.0|UNK,EVA-L19 Build/HUAWEIEVA-L19,,android webview 4.0,
ALP-L09 Build/HUAWEIALP-L09S|UNK|chrome 65.0 for android|UNK,ALP-L09 Build/HUAWEIALP-L09S,,chrome 65.0 for android,
Windows|Windows 10|edge 16.0|1919x1080,Windows,Windows 10,edge 16.0,1919x1080
rv:11.0|Windows 7|ie 11.0 for desktop|1919x1079,rv:11.0,Windows 7,ie 11.0 for desktop,1919x1079
SM-G930P Build/NRD90M|UNK|chrome 65.0 for android|UNK,SM-G930P Build/NRD90M,,chrome 65.0 for android,
LG-V410|Android 5.0.2|chrome 52.0 for android|1280x800,LG-V410,Android 5.0.2,chrome 52.0 for android,1280x800
Redmi Note 3 Build/MMB29M|UNK|chrome 63.0 for android|UNK,Redmi Note 3 Build/MMB29M,,chrome 63.0 for android,
SM-G928V Build/NRD90M|Android 7.0|chrome 65.0 for android|1921x1081,SM-G928V Build/NRD90M,Android 7.0,chrome 65.0 for android,1921x1081
SM-G355M Build/KOT49H|UNK|chrome 53.0 for android|UNK,SM-G355M Build/KOT49H,,chrome 53.0 for android,
rv:59.0|Windows 8.1|firefox 59.0|1366x768,rv:59.0,Windows 8.1,firefox 59.0,1366x768
SM-G955U Build/NRD90M|UNK|chrome 65.0 for android|UNK,SM-G955U Build/NRD90M,,chrome 65.0 for android,
Windows|Windows 8.1|chrome 65.0|1280x1024,Windows,Windows 8.1,chrome 65.0,1280x1024
rv:59.0|Mac OS X 10.12|firefox 59.0|1920x1080,rv:59.0,Mac OS X 10.12,firefox 59.0,1920x1080
MacOS|Mac OS X 10_13_3|chrome 65.0|5120x2880,MacOS,Mac OS X 10_13_3,chrome 65.0,5120x2880
Nexus|UNK|chrome 65.0 for android|UNK,Nexus,,chrome 65.0 for android,
Windows|Windows 10|chrome 64.0|2560x1600,Windows,Windows 10,chrome 64.0,2560x1600
SM-J327T1 Build/NRD90M|Android 7.0|chrome 65.0 for android|1280x720,SM-J327T1 Build/NRD90M,Android 7.0,chrome 65.0 for android,1280x720
SM-J110M Build/LMY48B|UNK|chrome 55.0 for android|UNK,SM-J110M Build/LMY48B,,chrome 55.0 for android,
Gigaset|UNK|chrome 65.0 for android|UNK,Gigaset,,chrome 65.0 for android,
LG-X240 Build/MRA58K|UNK|chrome 65.0 for android|UNK,LG-X240 Build/MRA58K,,chrome 65.0 for android,
Trident/7.0|Windows 7|ie 11.0 for desktop|1919x1080,Trident/7.0,Windows 7,ie 11.0 for desktop,1919x1080
MacOS|Mac OS X 10_12_4|chrome 64.0|2560x1600,MacOS,Mac OS X 10_12_4,chrome 64.0,2560x1600
moto x4 Build/NPW26.83-18-2-0-4|UNK|chrome 65.0 for android|UNK,moto x4 Build/NPW26.83-18-2-0-4,,chrome 65.0 for android,
SLA-L23|UNK|chrome 65.0 for android|UNK,SLA-L23,,chrome 65.0 for android,
rv:11.0|Windows 7|ie 11.0 for desktop|1919x1080,rv:11.0,Windows 7,ie 11.0 for desktop,1919x1080
UNK|UNK|samsung browser 7.0|UNK,,,samsung browser 7.0,
BAC-L03 Build/HUAWEIBAC-L03|UNK|chrome 65.0 for android|UNK,BAC-L03 Build/HUAWEIBAC-L03,,chrome 65.0 for android,
SAMSUNG SM-G955U Build/R16NW|Android 8.0.0|samsung browser 7.0|2220x1081,SAMSUNG SM-G955U Build/R16NW,Android 8.0.0,samsung browser 7.0,2220x1081
SM-G900W8|UNK|chrome 65.0 for android|UNK,SM-G900W8,,chrome 65.0 for android,
LG-H221|UNK|chrome|UNK,LG-H221,,chrome,
SAMSUNG SM-N950U Build/NMF26X|Android 7.1.1|samsung browser 6.4|2220x1081,SAMSUNG SM-N950U Build/NMF26X,Android 7.1.1,samsung browser 6.4,2220x1081
LG-H831 Build/NRD90U|Android 7.0|chrome 65.0 for android|2560x1440,LG-H831 Build/NRD90U,Android 7.0,chrome 65.0 for android,2560x1440
MacOS|Mac OS X 10_13_1|safari generic|1280x1024,MacOS,Mac OS X 10_13_1,safari generic,1280x1024
SAMSUNG SM-G570M Build/MMB29K|UNK|samsung browser 6.4|UNK,SAMSUNG SM-G570M Build/MMB29K,,samsung browser 6.4,
E2306 Build/26.3.A.1.33|UNK|chrome 65.0 for android|UNK,E2306 Build/26.3.A.1.33,,chrome 65.0 for android,
ILIUM|UNK|chrome 65.0 for android|UNK,ILIUM,,chrome 65.0 for android,
rv:37.0|Windows 7|firefox|1920x1080,rv:37.0,Windows 7,firefox,1920x1080
SM-G570M Build/NRD90M|UNK|chrome 58.0 for android|UNK,SM-G570M Build/NRD90M,,chrome 58.0 for android,
Trident/7.0|Windows 8.1|ie 11.0 for desktop|1366x767,Trident/7.0,Windows 8.1,ie 11.0 for desktop,1366x767
LG-H850 Build/MMB29M|UNK|chrome 65.0 for android|UNK,LG-H850 Build/MMB29M,,chrome 65.0 for android,
G3123 Build/40.0.A.6.189|UNK|chrome 65.0 for android|UNK,G3123 Build/40.0.A.6.189,,chrome 65.0 for android,
VS987 Build/NRD90U|Android 7.0|chrome 65.0 for android|2560x1440,VS987 Build/NRD90U,Android 7.0,chrome 65.0 for android,2560x1440
MacOS|Mac OS X 10_10_5|chrome 65.0|1920x1200,MacOS,Mac OS X 10_10_5,chrome 65.0,1920x1200
MacOS|Mac OS X 10_10_5|chrome 65.0|1440x900,MacOS,Mac OS X 10_10_5,chrome 65.0,1440x900
Blade A510 Build/MRA58K|UNK|chrome 65.0 for android|UNK,Blade A510 Build/MRA58K,,chrome 65.0 for android,
LG-D855 Build/LRX21R|UNK|chrome 65.0 for android|UNK,LG-D855 Build/LRX21R,,chrome 65.0 for android,
SM-P350 Build/MMB29M|UNK|chrome 65.0 for android|UNK,SM-P350 Build/MMB29M,,chrome 65.0 for android,
SM-A320FL Build/NRD90M|UNK|chrome 65.0 for android|UNK,SM-A320FL Build/NRD90M,,chrome 65.0 for android,
Linux x86_64|Linux|firefox 59.0|1920x1080,Linux x86_64,Linux,firefox 59.0,1920x1080
XT1635-02|UNK|chrome 65.0 for android|UNK,XT1635-02,,chrome 65.0 for android,
SM-J500M Build/MMB29M|UNK|chrome 60.0 for android|UNK,SM-J500M Build/MMB29M,,chrome 60.0 for android,
SAMSUNG SM-G610M Build/MMB29K|UNK|samsung browser 6.4|UNK,SAMSUNG SM-G610M Build/MMB29K,,samsung browser 6.4,
Redmi Note 3 Build/MMB29M|UNK|chrome 65.0 for android|UNK,Redmi Note 3 Build/MMB29M,,chrome 65.0 for android,
AX921 Build/MRA58K|UNK|chrome 64.0 for android|UNK,AX921 Build/MRA58K,,chrome 64.0 for android,
SM-G355M Build/KOT49H|UNK|chrome 65.0 for android|UNK,SM-G355M Build/KOT49H,,chrome 65.0 for android,
LG-X210 Build/LMY47I|UNK|chrome 60.0 for android|UNK,LG-X210 Build/LMY47I,,chrome 60.0 for android,
CHC-U03 Build/HuaweiCHC-U03|UNK|chrome 65.0 for android|UNK,CHC-U03 Build/HuaweiCHC-U03,,chrome 65.0 for android,
XT1068|UNK|chrome 62.0 for android|UNK,XT1068,,chrome 62.0 for android,
SAMSUNG SM-G950F Build/NRD90M|UNK|samsung browser 5.4|UNK,SAMSUNG SM-G950F Build/NRD90M,,samsung browser 5.4,
LG-M710 Build/NRD90U|UNK|chrome 65.0 for android|UNK,LG-M710 Build/NRD90U,,chrome 65.0 for android,
SAMSUNG-SM-G530AZ Build/LMY48B|UNK|chrome 65.0 for android|UNK,SAMSUNG-SM-G530AZ Build/LMY48B,,chrome 65.0 for android,
SAMSUNG SM-J327A Build/NRD90M|Android 7.0|samsung browser 6.4|1281x721,SAMSUNG SM-J327A Build/NRD90M,Android 7.0,samsung browser 6.4,1281x721
GRACE|UNK|chrome 65.0 for android|UNK,GRACE,,chrome 65.0 for android,
MacOS|Mac OS X 10_13_4|safari generic|5120x2880,MacOS,Mac OS X 10_13_4,safari generic,5120x2880
Le X520 Build/IEXCNFN5902303111S|UNK|chrome 65.0 for android|UNK,Le X520 Build/IEXCNFN5902303111S,,chrome 65.0 for android,
Hisense|UNK|chrome 65.0 for android|UNK,Hisense,,chrome 65.0 for android,
MacOS|Mac OS X 10_13_3|chrome 65.0|1920x1080,MacOS,Mac OS X 10_13_3,chrome 65.0,1920x1080
PMID7102DC|UNK|chrome 64.0 for android|UNK,PMID7102DC,,chrome 64.0 for android,
SM-J500H|UNK|chrome 58.0 for android|UNK,SM-J500H,,chrome 58.0 for android,
Moto G (4) Build/NPJS25.93-14-15|UNK|chrome generic|UNK,Moto G (4) Build/NPJS25.93-14-15,,chrome generic,
SAMSUNG SM-A720F Build/NRD90M|UNK|samsung browser 6.4|UNK,SAMSUNG SM-A720F Build/NRD90M,,samsung browser 6.4,
XT1650 Build/NPLS26.118-20-5-3|UNK|chrome 65.0 for android|UNK,XT1650 Build/NPLS26.118-20-5-3,,chrome 65.0 for android,
MacOS|Mac OS X 10_8_5|chrome 49.0|2560x1600,MacOS,Mac OS X 10_8_5,chrome 49.0,2560x1600
Windows|Windows 7|chrome 65.0|1280x800,Windows,Windows 7,chrome 65.0,1280x800
Windows|Windows Vista|chrome 49.0|1408x880,Windows,Windows Vista,chrome 49.0,1408x880
Windows|Windows 7|chrome 65.0|1024x768,Windows,Windows 7,chrome 65.0,1024x768
LG-LS777 Build/NRD90U|Android 7.0|chrome 65.0 for android|1280x720,LG-LS777 Build/NRD90U,Android 7.0,chrome 65.0 for android,1280x720
LG-SP320|Android 7.1.1|chrome 65.0 for android|1280x720,LG-SP320,Android 7.1.1,chrome 65.0 for android,1280x720
Windows|Windows 7|chrome 65.0|1584x990,Windows,Windows 7,chrome 65.0,1584x990
SM-J327P Build/MMB29M|UNK|chrome 65.0 for android|UNK,SM-J327P Build/MMB29M,,chrome 65.0 for android,
LG-X210 Build/LMY47I|UNK|chrome 65.0 for android|UNK,LG-X210 Build/LMY47I,,chrome 65.0 for android,
SAMSUNG SM-G955F Build/NRD90M|UNK|samsung browser 6.4|UNK,SAMSUNG SM-G955F Build/NRD90M,,samsung browser 6.4,
SAMSUNG SM-P580 Build/NRD90M|UNK|samsung browser 6.4|UNK,SAMSUNG SM-P580 Build/NRD90M,,samsung browser 6.4,
Windows|Windows 10|ie 11.0 for tablet|1920x1080,Windows,Windows 10,ie 11.0 for tablet,1920x1080
UNK|Linux|chrome 65.0|1921x1081,,Linux,chrome 65.0,1921x1081
SM-T330NU Build/LMY47X|UNK|chrome 65.0 for android|UNK,SM-T330NU Build/LMY47X,,chrome 65.0 for android,
Ilium L910 Build/MRA58K|UNK|chrome 65.0 for android|UNK,Ilium L910 Build/MRA58K,,chrome 65.0 for android,
HTC One A9 Build/NRD90M|UNK|chrome 65.0 for android|UNK,HTC One A9 Build/NRD90M,,chrome 65.0 for android,
SAMSUNG|Android 6.0.1|samsung browser 6.4|2560x1440,SAMSUNG,Android 6.0.1,samsung browser 6.4,2560x1440
Ilium L1120 Build/NRD90M|UNK|chrome 65.0 for android|UNK,Ilium L1120 Build/NRD90M,,chrome 65.0 for android,
Windows|Windows 7|chrome 65.0|3440x1440,Windows,Windows 7,chrome 65.0,3440x1440
Windows|Windows 10|edge 16.0|1366x767,Windows,Windows 10,edge 16.0,1366x767
MacOS|Mac OS X 10_13_2|chrome 65.0|1920x1080,MacOS,Mac OS X 10_13_2,chrome 65.0,1920x1080
Windows|Windows 10|chrome 65.0|3000x2000,Windows,Windows 10,chrome 65.0,3000x2000
MacOS|Mac OS X 10_13_3|chrome 59.0|2560x1440,MacOS,Mac OS X 10_13_3,chrome 59.0,2560x1440
MacOS|Mac OS X 10_12_6|chrome 65.0|2112x1188,MacOS,Mac OS X 10_12_6,chrome 65.0,2112x1188
Moto|UNK|chrome 65.0 for android|UNK,Moto,,chrome 65.0 for android,
iOS Device|iOS 10.3.3|chrome 65.0 for ios|2732x2048,iOS Device,iOS 10.3.3,chrome 65.0 for ios,2732x2048
SM-N950U Build/NMF26X|UNK|chrome 65.0 for android|UNK,SM-N950U Build/NMF26X,,chrome 65.0 for android,
SAMSUNG SM-G610M Build/NRD90M|UNK|samsung browser 6.4|UNK,SAMSUNG SM-G610M Build/NRD90M,,samsung browser 6.4,
Hisense F23 Build/NRD90M|UNK|chrome 65.0 for android|UNK,Hisense F23 Build/NRD90M,,chrome 65.0 for android,
MacOS|Mac OS X 10_13_2|chrome 65.0|1440x900,MacOS,Mac OS X 10_13_2,chrome 65.0,1440x900
Build/OPR1.170623.032|UNK|UNK|UNK,Build/OPR1.170623.032,,,
SM-G532M Build/MMB29T|UNK|chrome 57.0 for android|UNK,SM-G532M Build/MMB29T,,chrome 57.0 for android,
E6853|UNK|chrome 65.0 for android|UNK,E6853,,chrome 65.0 for android,
LG-D680 Build/KOT49I|UNK|chrome 52.0 for android|UNK,LG-D680 Build/KOT49I,,chrome 52.0 for android,
BLADE L7 Build/MRA58K|UNK|chrome 65.0 for android|UNK,BLADE L7 Build/MRA58K,,chrome 65.0 for android,
SAMSUNG SM-J727T1 Build/NRD90M|UNK|samsung browser 6.4|UNK,SAMSUNG SM-J727T1 Build/NRD90M,,samsung browser 6.4,
VKY-L09 Build/HUAWEIVKY-L09|UNK|chrome 65.0 for android|UNK,VKY-L09 Build/HUAWEIVKY-L09,,chrome 65.0 for android,
Windows|Windows 10|firefox 59.0|2560x1440,Windows,Windows 10,firefox 59.0,2560x1440
LG-H500 Build/LRX21Y|UNK|chrome 51.0 for android|UNK,LG-H500 Build/LRX21Y,,chrome 51.0 for android,
SM-A310M Build/NRD90M|UNK|chrome 65.0 for android|UNK,SM-A310M Build/NRD90M,,chrome 65.0 for android,
V502015|UNK|Cherry|UNK,V502015,,Cherry,
ZTE BLADE A6 Build/NMF26F|UNK|chrome 65.0 for android|UNK,ZTE BLADE A6 Build/NMF26F,,chrome 65.0 for android,
SAMSUNG SM-G610M Build/MMB29K|UNK|samsung browser 5.4|UNK,SAMSUNG SM-G610M Build/MMB29K,,samsung browser 5.4,
Ilium LT500 Build/LMY47O|UNK|chrome 51.0 for android|UNK,Ilium LT500 Build/LMY47O,,chrome 51.0 for android,
Moto|Android 6.0.1|chrome 65.0 for android|1280x720,Moto,Android 6.0.1,chrome 65.0 for android,1280x720
rv:59.0|Android 7.0|Generic/Android 7.0|1920x1080,rv:59.0,Android 7.0,Generic/Android 7.0,1920x1080
AERIAL Build/NRD90M|UNK|chrome 65.0 for android|UNK,AERIAL Build/NRD90M,,chrome 65.0 for android,
rv:57.0|Windows 10|icedragon|1920x1080,rv:57.0,Windows 10,icedragon,1920x1080
Trident/7.0|Windows 10|ie 11.0 for desktop|1280x1023,Trident/7.0,Windows 10,ie 11.0 for desktop,1280x1023
rv:59.0|Mac OS X 10.13|firefox 59.0|2880x1800,rv:59.0,Mac OS X 10.13,firefox 59.0,2880x1800
Pixel XL Build/OPM1.171019.016|Android 8.1.0|chrome 65.0 for android|2562x1442,Pixel XL Build/OPM1.171019.016,Android 8.1.0,chrome 65.0 for android,2562x1442
MacOS|Mac OS X 10_13_1|chrome 65.0|2880x1800,MacOS,Mac OS X 10_13_1,chrome 65.0,2880x1800
MacOS|Mac OS X 10_13_4|safari generic|1440x900,MacOS,Mac OS X 10_13_4,safari generic,1440x900
rv:50.0|Mac OS X 10.13|firefox|2880x1800,rv:50.0,Mac OS X 10.13,firefox,2880x1800
iOS Device|iOS 11.3.0|mobile safari generic|1334x750,iOS Device,iOS 11.3.0,mobile safari generic,1334x750
Trident/7.0|Windows 10|ie 11.0 for desktop|1366x767,Trident/7.0,Windows 10,ie 11.0 for desktop,1366x767
MacOS|Mac OS X 10_11_5|chrome 65.0|2560x1600,MacOS,Mac OS X 10_11_5,chrome 65.0,2560x1600
4047G Build/NRD90M|UNK|chrome 56.0 for android|UNK,4047G Build/NRD90M,,chrome 56.0 for android,
VS980 4G Build/LRX22G|Android 5.0.2|chrome 63.0 for android|1920x1080,VS980 4G Build/LRX22G,Android 5.0.2,chrome 63.0 for android,1920x1080
Windows|Windows 10|firefox 59.0|2560x1080,Windows,Windows 10,firefox 59.0,2560x1080
SM-N920C Build/NRD90M|UNK|chrome 65.0 for android|UNK,SM-N920C Build/NRD90M,,chrome 65.0 for android,
UNK|Linux|chrome 60.0|1536x864,,Linux,chrome 60.0,1536x864
rv:59.0|Mac OS X 10.9|firefox 59.0|1920x1200,rv:59.0,Mac OS X 10.9,firefox 59.0,1920x1200
iOS Device|iOS 11.3.0|chrome 65.0 for ios|2048x1536,iOS Device,iOS 11.3.0,chrome 65.0 for ios,2048x1536
MotoG3 Build/MPI24.65-25|UNK|chrome 64.0 for android|UNK,MotoG3 Build/MPI24.65-25,,chrome 64.0 for android,
T1|UNK|chrome 64.0 for android|UNK,T1,,chrome 64.0 for android,
SAMSUNG-SM-G935A Build/NRD90M|Android 7.0|chrome 65.0 for android|1921x1081,SAMSUNG-SM-G935A Build/NRD90M,Android 7.0,chrome 65.0 for android,1921x1081
MacOS|Mac OS X 10_12_4|chrome 64.0|1280x800,MacOS,Mac OS X 10_12_4,chrome 64.0,1280x800
LG-H542 Build/LRX22G|UNK|chrome 64.0 for android|UNK,LG-H542 Build/LRX22G,,chrome 64.0 for android,
SM-T377T|Android 7.1.1|chrome 65.0 for android|1280x800,SM-T377T,Android 7.1.1,chrome 65.0 for android,1280x800
MacOS|Mac OS X 10_12_6|chrome 65.0|2560x1600,MacOS,Mac OS X 10_12_6,chrome 65.0,2560x1600
ALP-L09 Build/HUAWEIALP-L09|UNK|chrome 65.0 for android|UNK,ALP-L09 Build/HUAWEIALP-L09,,chrome 65.0 for android,
XT1053 Build/LPAS23.12-21.7-1|UNK|chrome 65.0 for android|UNK,XT1053 Build/LPAS23.12-21.7-1,,chrome 65.0 for android,
KFGIWI Build/LVY48F|UNK|chrome generic|UNK,KFGIWI Build/LVY48F,,chrome generic,
MacOS|Mac OS X 10_13_4|safari generic|3360x2100,MacOS,Mac OS X 10_13_4,safari generic,3360x2100
MacOS|Mac OS X 10_9_5|chrome 64.0|1920x1080,MacOS,Mac OS X 10_9_5,chrome 64.0,1920x1080
Pixel 2 XL Build/OPM1.171019.021|Android 8.1.0|chrome 65.0 for android|2880x1442,Pixel 2 XL Build/OPM1.171019.021,Android 8.1.0,chrome 65.0 for android,2880x1442
E5606 Build/30.2.A.1.21|UNK|chrome 65.0 for android|UNK,E5606 Build/30.2.A.1.21,,chrome 65.0 for android,
Lenovo TB3-710F Build/LRX21M|UNK|opera|UNK,Lenovo TB3-710F Build/LRX21M,,opera,
GRANT|UNK|chrome 65.0 for android|UNK,GRANT,,chrome 65.0 for android,
STV100-1|Android 6.0.1|chrome 64.0 for android|2562x1442,STV100-1,Android 6.0.1,chrome 64.0 for android,2562x1442
MacOS|Mac|chrome 65.0|1440x900,MacOS,Mac,chrome 65.0,1440x900
Windows|Windows 8|chrome 65.0|1366x768,Windows,Windows 8,chrome 65.0,1366x768
Moto C Build/NRD90M.057|UNK|android webview 4.0|UNK,Moto C Build/NRD90M.057,,android webview 4.0,
Windows|Windows 8|chrome 61.0|1366x768,Windows,Windows 8,chrome 61.0,1366x768
MacOS|Mac OS X 10_9_5|chrome 65.0|2880x1800,MacOS,Mac OS X 10_9_5,chrome 65.0,2880x1800
SM-N900W8 Build/LRX21V|UNK|chrome 65.0 for android|UNK,SM-N900W8 Build/LRX21V,,chrome 65.0 for android,
SM-J320FN Build/LMY47V|UNK|chrome 65.0 for android|UNK,SM-J320FN Build/LMY47V,,chrome 65.0 for android,
SAMSUNG-SM-J120A|Android 6.0.1|chrome 64.0 for android|801x480,SAMSUNG-SM-J120A,Android 6.0.1,chrome 64.0 for android,801x480
iOS Device|iOS 11.3.0|mobile safari generic|1136x640,iOS Device,iOS 11.3.0,mobile safari generic,1136x640
moto|Android 8.0.0|chrome 65.0 for android|1920x1080,moto,Android 8.0.0,chrome 65.0 for android,1920x1080
SM-T560NU Build/NMF26X|Android 7.1.1|chrome 65.0 for android|1281x800,SM-T560NU Build/NMF26X,Android 7.1.1,chrome 65.0 for android,1281x800
Windows|Windows 10|edge 15.0|1366x767,Windows,Windows 10,edge 15.0,1366x767
MacOS|Mac|chrome 65.0|2880x1800,MacOS,Mac,chrome 65.0,2880x1800
SM-T807V|Android 6.0.1|chrome 65.0 for android|2560x1600,SM-T807V,Android 6.0.1,chrome 65.0 for android,2560x1600
MacOS|Mac OS X 10_13_3|chrome 65.0|1366x768,MacOS,Mac OS X 10_13_3,chrome 65.0,1366x768
Lenovo TB3-710F Build/LRX21M|UNK|chrome 65.0 for android|UNK,Lenovo TB3-710F Build/LRX21M,,chrome 65.0 for android,
Alcatel_5098O Build/MMB29M|UNK|chrome 65.0 for android|UNK,Alcatel_5098O Build/MMB29M,,chrome 65.0 for android,
LGL84VL Build/NRD90U|Android 7.0|chrome 65.0 for android|1280x720,LGL84VL Build/NRD90U,Android 7.0,chrome 65.0 for android,1280x720
SM-G965U Build/R16NW|Android 8.0.0|chrome 65.0 for android|2220x1081,SM-G965U Build/R16NW,Android 8.0.0,chrome 65.0 for android,2220x1081
Windows|Windows 10|chrome 58.0|3840x2160,Windows,Windows 10,chrome 58.0,3840x2160
Windows|Windows 10|chrome 64.0|1229x691,Windows,Windows 10,chrome 64.0,1229x691
HUAWEI CUN-L03 Build/HUAWEICUN-L03|UNK|chrome 65.0 for android|UNK,HUAWEI CUN-L03 Build/HUAWEICUN-L03,,chrome 65.0 for android,
SM-G9600 Build/R16NW|UNK|chrome 63.0 for android|UNK,SM-G9600 Build/R16NW,,chrome 63.0 for android,
SAMSUNG SM-A310F/A310FXXU4CRB1 Build/NRD90M|UNK|samsung browser 6.4|UNK,SAMSUNG SM-A310F/A310FXXU4CRB1 Build/NRD90M,,samsung browser 6.4,
Android|UNK|android browser 4.0|UNK,Android,,android browser 4.0,
SM-J700P|Android 7.1.1|chrome 65.0 for android|1280x720,SM-J700P,Android 7.1.1,chrome 65.0 for android,1280x720
COVET Build/NRD90M|UNK|chrome 65.0 for android|UNK,COVET Build/NRD90M,,chrome 65.0 for android,
SGH-M919 Build/KTU84P|UNK|chrome 65.0 for android|UNK,SGH-M919 Build/KTU84P,,chrome 65.0 for android,
SM-J327T Build/NRD90M|Android 7.0|chrome 64.0 for android|1280x720,SM-J327T Build/NRD90M,Android 7.0,chrome 64.0 for android,1280x720
ALCATEL|UNK|chrome 62.0 for android|UNK,ALCATEL,,chrome 62.0 for android,
UNK|Android|chrome 65.0|1366x768,,Android,chrome 65.0,1366x768
8062 Build/MRA58K|UNK|chrome 55.0 for android|UNK,8062 Build/MRA58K,,chrome 55.0 for android,
SM-T813 Build/NRD90M|UNK|chrome 65.0 for android|UNK,SM-T813 Build/NRD90M,,chrome 65.0 for android,
SM-J700H Build/MMB29K|UNK|chrome 65.0 for android|UNK,SM-J700H Build/MMB29K,,chrome 65.0 for android,
XT1064|UNK|chrome 54.0 for android|UNK,XT1064,,chrome 54.0 for android,
SAMSUNG SM-G955U Build/R16NW|UNK|samsung browser 7.0|UNK,SAMSUNG SM-G955U Build/R16NW,,samsung browser 7.0,
Hisense L675 Build/MRA58K|UNK|chrome 65.0 for android|UNK,Hisense L675 Build/MRA58K,,chrome 65.0 for android,
Blade V580 Build/LMY47D|UNK|chrome 61.0 for android|UNK,Blade V580 Build/LMY47D,,chrome 61.0 for android,
SM-T810 Build/NRD90M|Android 7.0|chrome 65.0 for android|2048x1536,SM-T810 Build/NRD90M,Android 7.0,chrome 65.0 for android,2048x1536
LG-H812|UNK|chrome 65.0 for android|UNK,LG-H812,,chrome 65.0 for android,
XT1225|UNK|chrome 65.0 for android|UNK,XT1225,,chrome 65.0 for android,
MI|UNK|chrome 65.0 for android|UNK,MI,,chrome 65.0 for android,
SM-T350 Build/NMF26X|Android 7.1.1|chrome 65.0 for android|1024x768,SM-T350 Build/NMF26X,Android 7.1.1,chrome 65.0 for android,1024x768
E6633|UNK|chrome 65.0 for android|UNK,E6633,,chrome 65.0 for android,
M4 SS4457-R Build/NRD90M|UNK|chrome 65.0 for android|UNK,M4 SS4457-R Build/NRD90M,,chrome 65.0 for android,
SM-J710MN Build/NRD90M|UNK|chrome 65.0 for android|UNK,SM-J710MN Build/NRD90M,,chrome 65.0 for android,
HUAWEI CAN-L01 Build/HUAWEICAN-L01|UNK|chrome 65.0 for android|UNK,HUAWEI CAN-L01 Build/HUAWEICAN-L01,,chrome 65.0 for android,
LG-D680 Build/KOT49I|UNK|chrome 65.0 for android|UNK,LG-D680 Build/KOT49I,,chrome 65.0 for android,
SM-G955U Build/NRD90M|Android 7.0|chrome 65.0 for android|2220x1081,SM-G955U Build/NRD90M,Android 7.0,chrome 65.0 for android,2220x1081
Hisense F102 Build/NRD90M|UNK|chrome 65.0 for android|UNK,Hisense F102 Build/NRD90M,,chrome 65.0 for android,
SM-G925I Build/LMY47X|UNK|chrome 65.0 for android|UNK,SM-G925I Build/LMY47X,,chrome 65.0 for android,
MYA-L03 Build/HUAWEIMYA-L03|UNK|chrome 65.0 for android|UNK,MYA-L03 Build/HUAWEIMYA-L03,,chrome 65.0 for android,
Windows|Windows 7|firefox 57.0|1600x1024,Windows,Windows 7,firefox 57.0,1600x1024
Windows|Windows 10|edge 16.0|1600x899,Windows,Windows 10,edge 16.0,1600x899
SM-A500FU Build/MMB29M|UNK|chrome 64.0 for android|UNK,SM-A500FU Build/MMB29M,,chrome 64.0 for android,
MacOS|Mac OS X 10_9_5|chrome 65.0|2560x1600,MacOS,Mac OS X 10_9_5,chrome 65.0,2560x1600
Redmi|UNK|chrome 65.0 for android|UNK,Redmi,,chrome 65.0 for android,
SAMSUNG SM-G930A Build/NRD90M|Android 7.0|samsung browser 6.4|1920x1080,SAMSUNG SM-G930A Build/NRD90M,Android 7.0,samsung browser 6.4,1920x1080
SAMSUNG SM-N950U Build/R16NW|Android 8.0.0|samsung browser 7.0|2220x1081,SAMSUNG SM-N950U Build/R16NW,Android 8.0.0,samsung browser 7.0,2220x1081
R831L|UNK|chrome 65.0 for android|UNK,R831L,,chrome 65.0 for android,
Lenovo K33b36 Build/MMB29M|UNK|chrome 65.0 for android|UNK,Lenovo K33b36 Build/MMB29M,,chrome 65.0 for android,
Windows|Windows 10|chrome 65.0|1280x720,Windows,Windows 10,chrome 65.0,1280x720
LG-H650 Build/MRA58K|UNK|chrome 65.0 for android|UNK,LG-H650 Build/MRA58K,,chrome 65.0 for android,
Windows|Windows 7|chrome 64.0|1536x960,Windows,Windows 7,chrome 64.0,1536x960
SM-T310 Build/KOT49H|UNK|chrome 65.0 for android|UNK,SM-T310 Build/KOT49H,,chrome 65.0 for android,
SM-T550 Build/NMF26X|UNK|chrome 65.0 for android|UNK,SM-T550 Build/NMF26X,,chrome 65.0 for android,
Trident/7.0|Windows 7|ie 11.0 for desktop|1366x767,Trident/7.0,Windows 7,ie 11.0 for desktop,1366x767
Windows|Windows 7|firefox 52.0|1680x1050,Windows,Windows 7,firefox 52.0,1680x1050
CRO-L03 Build/HUAWEICRO-L03|UNK|chrome 65.0 for android|UNK,CRO-L03 Build/HUAWEICRO-L03,,chrome 65.0 for android,
MacOS|Mac OS X 10_11_6|safari generic|1600x1000,MacOS,Mac OS X 10_11_6,safari generic,1600x1000
iOS Device|iOS 11.3.0|mobile safari generic|2048x1536,iOS Device,iOS 11.3.0,mobile safari generic,2048x1536
SAMSUNG-SM-G928A Build/NRD90M|UNK|chrome 65.0 for android|UNK,SAMSUNG-SM-G928A Build/NRD90M,,chrome 65.0 for android,
rv:59.0|Android 7.0|Generic/Android 7.0|1280x720,rv:59.0,Android 7.0,Generic/Android 7.0,1280x720
SM-G930U Build/NRD90M|Android 7.0|chrome 65.0 for android|1920x1080,SM-G930U Build/NRD90M,Android 7.0,chrome 65.0 for android,1920x1080
M4|UNK|chrome 65.0 for android|UNK,M4,,chrome 65.0 for android,
Nexus|UNK|chrome generic|UNK,Nexus,,chrome generic,
SAMSUNG SM-A510M Build/MMB29K|UNK|samsung browser 6.4|UNK,SAMSUNG SM-A510M Build/MMB29K,,samsung browser 6.4,
Windows|Windows 7|firefox 58.0|2560x1600,Windows,Windows 7,firefox 58.0,2560x1600
ASUS_Z017D|UNK|UNK|UNK,ASUS_Z017D,,,
SAMSUNG-SM-G900A Build/LMY47X|UNK|chrome 65.0 for android|UNK,SAMSUNG-SM-G900A Build/LMY47X,,chrome 65.0 for android,
SM-N920V Build/NRD90M|Android 7.0|chrome 65.0 for android|1921x1081,SM-N920V Build/NRD90M,Android 7.0,chrome 65.0 for android,1921x1081
SM-T580 Build/NRD90M|Android 7.0|chrome 65.0 for android|1920x1200,SM-T580 Build/NRD90M,Android 7.0,chrome 65.0 for android,1920x1200
SAMSUNG|Android 7.1.1|samsung browser 6.4|1280x800,SAMSUNG,Android 7.1.1,samsung browser 6.4,1280x800
iOS Device|iOS 11.2.5|chrome 65.0 for ios|2048x1536,iOS Device,iOS 11.2.5,chrome 65.0 for ios,2048x1536
Blade L2 Plus Build/KOT49H|UNK|chrome 65.0 for android|UNK,Blade L2 Plus Build/KOT49H,,chrome 65.0 for android,
KFDOWI Build/LVY48F|Android 5.1.1|chrome generic|1280x800,KFDOWI Build/LVY48F,Android 5.1.1,chrome generic,1280x800
XT1585 Build/NCK25.118-10.5|Android 7.0|chrome 65.0 for android|2560x1440,XT1585 Build/NCK25.118-10.5,Android 7.0,chrome 65.0 for android,2560x1440
SM-J500FN Build/MMB29M|UNK|chrome 65.0 for android|UNK,SM-J500FN Build/MMB29M,,chrome 65.0 for android,
Lenovo A6020l37 Build/LMY47V|UNK|chrome 65.0 for android|UNK,Lenovo A6020l37 Build/LMY47V,,chrome 65.0 for android,
Windows|Windows 10|chrome 65.0|1502x844,Windows,Windows 10,chrome 65.0,1502x844
SM-J727V Build/NRD90M|Android 7.0|chrome 65.0 for android|1280x720,SM-J727V Build/NRD90M,Android 7.0,chrome 65.0 for android,1280x720
MacOS|Mac OS X 10_11_3|chrome 65.0|1440x900,MacOS,Mac OS X 10_11_3,chrome 65.0,1440x900
HTC Desire 650 Build/MMB29M|UNK|chrome 56.0 for android|UNK,HTC Desire 650 Build/MMB29M,,chrome 56.0 for android,
Moto G Play Build/NPIS26.48-36-2|UNK|chrome 57.0 for android|UNK,Moto G Play Build/NPIS26.48-36-2,,chrome 57.0 for android,
Swift|UNK|chrome 65.0 for android|UNK,Swift,,chrome 65.0 for android,
SM-G935F Build/MMB29K|UNK|chrome 65.0 for android|UNK,SM-G935F Build/MMB29K,,chrome 65.0 for android,
MotoG3|UNK|chrome|UNK,MotoG3,,chrome,
Windows|Windows 7|chrome 65.0|1920x1201,Windows,Windows 7,chrome 65.0,1920x1201
MacOS|Mac OS X 10_13_4|chrome 65.0|2560x1600,MacOS,Mac OS X 10_13_4,chrome 65.0,2560x1600
HUAWEI Y560-L03 Build/HUAWEIY560-L03|UNK|chrome 65.0 for android|UNK,HUAWEI Y560-L03 Build/HUAWEIY560-L03,,chrome 65.0 for android,
UNK|Linux|chrome 65.0|2220x1081,,Linux,chrome 65.0,2220x1081
MacOS|Mac OS X 10_11_5|chrome 65.0|5120x2880,MacOS,Mac OS X 10_11_5,chrome 65.0,5120x2880
PRA507|UNK|chrome 65.0 for android|UNK,PRA507,,chrome 65.0 for android,
LGUS215 Build/NRD90U|Android 7.0|chrome 65.0 for android|1280x720,LGUS215 Build/NRD90U,Android 7.0,chrome 65.0 for android,1280x720
iOS Device|iOS 11.0.3|chrome 65.0 for ios|2048x1536,iOS Device,iOS 11.0.3,chrome 65.0 for ios,2048x1536
LG-H320 Build/LRX21Y|UNK|other|UNK,LG-H320 Build/LRX21Y,,other,
Windows|Windows 7|firefox 59.0|800x600,Windows,Windows 7,firefox 59.0,800x600
F8131|UNK|chrome 65.0 for android|UNK,F8131,,chrome 65.0 for android,
SM-A500M Build/LRX22G|UNK|chrome 52.0 for android|UNK,SM-A500M Build/LRX22G,,chrome 52.0 for android,
ASUS_X008DC Build/NRD90M|UNK|chrome 65.0 for android|UNK,ASUS_X008DC Build/NRD90M,,chrome 65.0 for android,
SM-G955U Build/R16NW|Android 8.0.0|chrome 65.0 for android|2220x1081,SM-G955U Build/R16NW,Android 8.0.0,chrome 65.0 for android,2220x1081
UNK|Linux|chrome 65.0|1366x768,,Linux,chrome 65.0,1366x768
BLU|UNK|chrome 65.0 for android|UNK,BLU,,chrome 65.0 for android,
LG-X180g Build/LMY47I|UNK|chrome 55.0 for android|UNK,LG-X180g Build/LMY47I,,chrome 55.0 for android,
MacOS|Mac|chrome 65.0|1920x1200,MacOS,Mac,chrome 65.0,1920x1200
MacOS|Mac OS X 10_7_5|chrome 49.0|1439x809,MacOS,Mac OS X 10_7_5,chrome 49.0,1439x809
SAMSUNG SM-N920T Build/NRD90M|UNK|samsung browser 6.4|UNK,SAMSUNG SM-N920T Build/NRD90M,,samsung browser 6.4,
Trident/7.0|Windows 7|ie 11.0 for desktop|1600x899,Trident/7.0,Windows 7,ie 11.0 for desktop,1600x899
iris50|UNK|chrome 65.0 for android|UNK,iris50,,chrome 65.0 for android,
LG-M327 Build/NRD90U|Android 7.0|chrome 65.0 for android|1280x720,LG-M327 Build/NRD90U,Android 7.0,chrome 65.0 for android,1280x720
Trident/7.0|Windows 10|ie 11.0 for desktop|1365x768,Trident/7.0,Windows 10,ie 11.0 for desktop,1365x768
M10/Q1010|UNK|chrome 65.0 for android|UNK,M10/Q1010,,chrome 65.0 for android,
Windows|Windows 10|chrome 65.0|3840x2160,Windows,Windows 10,chrome 65.0,3840x2160
SM-G930F Build/NRD90M|Android 7.0|chrome 65.0 for android|1920x1080,SM-G930F Build/NRD90M,Android 7.0,chrome 65.0 for android,1920x1080
HUAWEI VNS-L53 Build/HUAWEIVNS-L53|UNK|other|UNK,HUAWEI VNS-L53 Build/HUAWEIVNS-L53,,other,
XT1650 Build/NCLS26.118-23-13-6-5|Android 7.1.1|chrome 65.0 for android|2560x1440,XT1650 Build/NCLS26.118-23-13-6-5,Android 7.1.1,chrome 65.0 for android,2560x1440
Windows|Windows 10|edge 16.0|1920x1079,Windows,Windows 10,edge 16.0,1920x1079
MotoE2 Build/LPCS23.13-56-5|UNK|chrome 52.0 for android|UNK,MotoE2 Build/LPCS23.13-56-5,,chrome 52.0 for android,
SM-G920P Build/NRD90M|Android 7.0|chrome 65.0 for android|2560x1440,SM-G920P Build/NRD90M,Android 7.0,chrome 65.0 for android,2560x1440
BLU ENERGY X PLUS Build/LRX21M|UNK|chrome 65.0 for android|UNK,BLU ENERGY X PLUS Build/LRX21M,,chrome 65.0 for android,
MacOS|Mac|safari generic|1280x720,MacOS,Mac,safari generic,1280x720
LG-LS993 Build/NRD90U|UNK|chrome 65.0 for android|UNK,LG-LS993 Build/NRD90U,,chrome 65.0 for android,
HUAWEI Y360-U23 Build/HUAWEIY360-U23|UNK|other|UNK,HUAWEI Y360-U23 Build/HUAWEIY360-U23,,other,
MacOS|Mac OS X 10_11_6|chrome 65.0|2880x1800,MacOS,Mac OS X 10_11_6,chrome 65.0,2880x1800
AX705|UNK|chrome 65.0 for android|UNK,AX705,,chrome 65.0 for android,
MacOS|Mac OS X 10_12_6|chrome 65.0|3360x2100,MacOS,Mac OS X 10_12_6,chrome 65.0,3360x2100
MacOS|Mac OS X 10_13_1|chrome 64.0|1680x1050,MacOS,Mac OS X 10_13_1,chrome 64.0,1680x1050
SAMSUNG SM-G965U1 Build/R16NW|UNK|samsung browser 7.0|UNK,SAMSUNG SM-G965U1 Build/R16NW,,samsung browser 7.0,
SM-G800F Build/MMB29K|UNK|chrome 65.0 for android|UNK,SM-G800F Build/MMB29K,,chrome 65.0 for android,
Windows|Windows 10|chrome 65.0|1408x792,Windows,Windows 10,chrome 65.0,1408x792
LG-D855|UNK|chrome 65.0 for android|UNK,LG-D855,,chrome 65.0 for android,
Windows|Windows 8|chrome 65.0|1440x900,Windows,Windows 8,chrome 65.0,1440x900
Trident/7.0|Windows 10|ie 11.0 for tablet|1679x1049,Trident/7.0,Windows 10,ie 11.0 for tablet,1679x1049
MacOS|Mac OS X 10_13_2|chrome 65.0|4096x2304,MacOS,Mac OS X 10_13_2,chrome 65.0,4096x2304
Windows|Windows 7|firefox 59.0|1440x900,Windows,Windows 7,firefox 59.0,1440x900
MacOS|Mac OS X 10_7_5|chrome 49.0|1600x1200,MacOS,Mac OS X 10_7_5,chrome 49.0,1600x1200
HTCD100LVWPP|Android|chrome 65.0 for android|960x540,HTCD100LVWPP,Android,chrome 65.0 for android,960x540
HTC One A9s Build/MRA58K|UNK|chrome 52.0 for android|UNK,HTC One A9s Build/MRA58K,,chrome 52.0 for android,
iOS Device|iOS 9.3.5|chrome|1024x768,iOS Device,iOS 9.3.5,chrome,1024x768
P01M|Android 6.0.1|chrome 55.0 for android|2048x1536,P01M,Android 6.0.1,chrome 55.0 for android,2048x1536
XT1565|Android 7.1.1|android webview 4.0|1920x1080,XT1565,Android 7.1.1,android webview 4.0,1920x1080
SM-J700M Build/MMB29K|UNK|chrome 56.0 for android|UNK,SM-J700M Build/MMB29K,,chrome 56.0 for android,
MacOS|Mac OS X 10_13_4|safari generic|2560x1600,MacOS,Mac OS X 10_13_4,safari generic,2560x1600
XT1021 Build/LPCS23.13-34.8-3|UNK|chrome 65.0 for android|UNK,XT1021 Build/LPCS23.13-34.8-3,,chrome 65.0 for android,
P00A|Android 7.0|chrome 65.0 for android|1280x800,P00A,Android 7.0,chrome 65.0 for android,1280x800
F3111 Build/33.3.A.1.97|UNK|chrome 65.0 for android|UNK,F3111 Build/33.3.A.1.97,,chrome 65.0 for android,
SM-G360T1 Build/LMY47X|UNK|chrome 57.0 for android|UNK,SM-G360T1 Build/LMY47X,,chrome 57.0 for android,
SGH-I337M Build/LRX22C|UNK|chrome 65.0 for android|UNK,SGH-I337M Build/LRX22C,,chrome 65.0 for android,
Z971|UNK|chrome 61.0 for android|UNK,Z971,,chrome 61.0 for android,
SM-P550 Build/NMF26X|UNK|chrome 65.0 for android|UNK,SM-P550 Build/NMF26X,,chrome 65.0 for android,
Windows|Windows 10|chrome 65.0|1229x691,Windows,Windows 10,chrome 65.0,1229x691
Trident/7.0|Windows 10|ie 11.0 for tablet|1919x1080,Trident/7.0,Windows 10,ie 11.0 for tablet,1919x1080
Windows|Windows 7|firefox 59.0|1280x960,Windows,Windows 7,firefox 59.0,1280x960
SM-J120FN Build/LMY47X|UNK|chrome 64.0 for android|UNK,SM-J120FN Build/LMY47X,,chrome 64.0 for android,
Windows|Windows 8.1|chrome 65.0|1440x900,Windows,Windows 8.1,chrome 65.0,1440x900
SAMSUNG SM-G920I Build/NRD90M|UNK|samsung browser 6.4|UNK,SAMSUNG SM-G920I Build/NRD90M,,samsung browser 6.4,
Trident/7.0|Windows 7|ie 11.0 for desktop|1279x1024,Trident/7.0,Windows 7,ie 11.0 for desktop,1279x1024
Windows|Windows 10|edge 16.0|1599x900,Windows,Windows 10,edge 16.0,1599x900
Windows|Windows 7|chrome 59.0|1024x768,Windows,Windows 7,chrome 59.0,1024x768
Windows|Windows 7|chrome 65.0|1280x768,Windows,Windows 7,chrome 65.0,1280x768
MacOS|Mac OS X 10_13_4|chrome 65.0|2560x1440,MacOS,Mac OS X 10_13_4,chrome 65.0,2560x1440
E5306 Build/27.3.A.0.165|UNK|chrome 65.0 for android|UNK,E5306 Build/27.3.A.0.165,,chrome 65.0 for android,
Trident/7.0|Windows 7|ie 11.0 for desktop|1920x1079,Trident/7.0,Windows 7,ie 11.0 for desktop,1920x1079
Windows|Windows 8|chrome 65.0|1680x1050,Windows,Windows 8,chrome 65.0,1680x1050
7055A Build/KVT49L|UNK|chrome 65.0 for android|UNK,7055A Build/KVT49L,,chrome 65.0 for android,
MacOS|Mac OS X 10_13_4|chrome 65.0|3440x1440,MacOS,Mac OS X 10_13_4,chrome 65.0,3440x1440
SM-J530GM Build/NRD90M|UNK|chrome 58.0 for android|UNK,SM-J530GM Build/NRD90M,,chrome 58.0 for android,
LG-V522|Android 7.0|chrome 65.0 for android|1920x1200,LG-V522,Android 7.0,chrome 65.0 for android,1920x1200
SAMSUNG-SM-G900A Build/KOT49H|UNK|chrome 65.0 for android|UNK,SAMSUNG-SM-G900A Build/KOT49H,,chrome 65.0 for android,
Pixel 2 Build/OPM1.171019.021|Android 8.1.0|chrome 65.0 for android|1920x1081,Pixel 2 Build/OPM1.171019.021,Android 8.1.0,chrome 65.0 for android,1920x1081
hi6210sft Build/MRA58K|UNK|chrome 65.0 for android|UNK,hi6210sft Build/MRA58K,,chrome 65.0 for android,
SM-G930T Build/NRD90M|Android 7.0|chrome 65.0 for android|2560x1440,SM-G930T Build/NRD90M,Android 7.0,chrome 65.0 for android,2560x1440
SM-G920T Build/NRD90M|UNK|chrome 65.0 for android|UNK,SM-G920T Build/NRD90M,,chrome 65.0 for android,
MacOS|Mac OS X 10_9_5|safari generic|2048x1280,MacOS,Mac OS X 10_9_5,safari generic,2048x1280
F5321|UNK|chrome 65.0 for android|UNK,F5321,,chrome 65.0 for android,
MacOS|Mac OS X 10_13_4|chrome 65.0|2880x1800,MacOS,Mac OS X 10_13_4,chrome 65.0,2880x1800
Pixel|Android 8.1.0|chrome 65.0 for android|2562x1442,Pixel,Android 8.1.0,chrome 65.0 for android,2562x1442
SM-T380|UNK|chrome 65.0 for android|UNK,SM-T380,,chrome 65.0 for android,
RNE-L21 Build/HUAWEIRNE-L21|UNK|chrome 65.0 for android|UNK,RNE-L21 Build/HUAWEIRNE-L21,,chrome 65.0 for android,
HTCD200LVW|Android 6.0.1|chrome 58.0 for android|1280x720,HTCD200LVW,Android 6.0.1,chrome 58.0 for android,1280x720
Ilium X510 Build/MRA58K|UNK|chrome 65.0 for android|UNK,Ilium X510 Build/MRA58K,,chrome 65.0 for android,
SM-N950U Build/R16NW|Android 8.0.0|chrome 65.0 for android|2220x1081,SM-N950U Build/R16NW,Android 8.0.0,chrome 65.0 for android,2220x1081
MacOS|Mac OS X 10_13_4|safari generic|4096x2304,MacOS,Mac OS X 10_13_4,safari generic,4096x2304
rv:52.0|Mac OS X 10.13|firefox 52.0|2880x1800,rv:52.0,Mac OS X 10.13,firefox 52.0,2880x1800
Pixel|Android 7.1.2|chrome 65.0 for android|2560x1800,Pixel,Android 7.1.2,chrome 65.0 for android,2560x1800
HTC|UNK|chrome 65.0 for android|UNK,HTC,,chrome 65.0 for android,
SAMSUNG SM-G955U Build/NRD90M|Android 7.0|samsung browser 6.4|2220x1081,SAMSUNG SM-G955U Build/NRD90M,Android 7.0,samsung browser 6.4,2220x1081
SM-N910P|Android 6.0.1|chrome 65.0 for android|2560x1440,SM-N910P,Android 6.0.1,chrome 65.0 for android,2560x1440
SAMSUNG SM-G950U Build/R16NW|Android 8.0.0|samsung browser 7.0|2220x1080,SAMSUNG SM-G950U Build/R16NW,Android 8.0.0,samsung browser 7.0,2220x1080
FIG-LX3 Build/HUAWEIFIG-LX3|UNK|chrome 65.0 for android|UNK,FIG-LX3 Build/HUAWEIFIG-LX3,,chrome 65.0 for android,
F5121 Build/34.3.A.0.252|UNK|chrome 61.0 for android|UNK,F5121 Build/34.3.A.0.252,,chrome 61.0 for android,
SAMSUNG SM-J510MN Build/MMB29M|UNK|samsung browser 6.4|UNK,SAMSUNG SM-J510MN Build/MMB29M,,samsung browser 6.4,
Moto E (4) Build/NDQS26.69-64-2|UNK|chrome generic|UNK,Moto E (4) Build/NDQS26.69-64-2,,chrome generic,
SM-T560 Build/KTU84P|UNK|chrome 52.0 for android|UNK,SM-T560 Build/KTU84P,,chrome 52.0 for android,
SM-P600|UNK|chrome 65.0 for android|UNK,SM-P600,,chrome 65.0 for android,
SM-J700M Build/LMY48B|UNK|chrome 51.0 for android|UNK,SM-J700M Build/LMY48B,,chrome 51.0 for android,
SM-G900P Build/LRX21T|Android 5.0|chrome 59.0 for android|1920x1080,SM-G900P Build/LRX21T,Android 5.0,chrome 59.0 for android,1920x1080
VS995 Build/NRD90M|UNK|chrome 65.0 for android|UNK,VS995 Build/NRD90M,,chrome 65.0 for android,
Nexus|Android 8.1.0|chrome 65.0 for android|2562x1442,Nexus,Android 8.1.0,chrome 65.0 for android,2562x1442
SM-A510M Build/LMY47X|UNK|chrome 65.0 for android|UNK,SM-A510M Build/LMY47X,,chrome 65.0 for android,
HUAWEI Build/MMB28B|UNK|chrome 65.0 for android|UNK,HUAWEI Build/MMB28B,,chrome 65.0 for android,
HUAWEI CUN-L03 Build/HUAWEICUN-L03|UNK|chrome 55.0 for android|UNK,HUAWEI CUN-L03 Build/HUAWEICUN-L03,,chrome 55.0 for android,
Windows|Windows Vista|chrome 49.0|921x691,Windows,Windows Vista,chrome 49.0,921x691
M4 SS4458 Build/MMB29M|UNK|chrome 50.0 for android|UNK,M4 SS4458 Build/MMB29M,,chrome 50.0 for android,
SAMSUNG-SM-G900A Build/LRX21T|UNK|chrome 64.0 for android|UNK,SAMSUNG-SM-G900A Build/LRX21T,,chrome 64.0 for android,
MacOS|Mac OS X 10_12_4|chrome 65.0|2560x1600,MacOS,Mac OS X 10_12_4,chrome 65.0,2560x1600
SAMSUNG|Android 6.0.1|samsung browser 6.4|1280x800,SAMSUNG,Android 6.0.1,samsung browser 6.4,1280x800
SM-T520|Android 4.4.2|chrome 65.0 for android|2560x1600,SM-T520,Android 4.4.2,chrome 65.0 for android,2560x1600
G3123 Build/40.0.A.6.135|UNK|chrome 65.0 for android|UNK,G3123 Build/40.0.A.6.135,,chrome 65.0 for android,
B1-750|UNK|chrome 65.0 for android|UNK,B1-750,,chrome 65.0 for android,
5010G Build/MRA58K|UNK|chrome 65.0 for android|UNK,5010G Build/MRA58K,,chrome 65.0 for android,
MacOS|Mac OS X 10_10_5|chrome 65.0|2560x1600,MacOS,Mac OS X 10_10_5,chrome 65.0,2560x1600
XT1565|Android 7.1.1|chrome 65.0 for android|1920x1080,XT1565,Android 7.1.1,chrome 65.0 for android,1920x1080
ASUS_Z00AD Build/LRX21V|UNK|chrome 65.0 for android|UNK,ASUS_Z00AD Build/LRX21V,,chrome 65.0 for android,
GT-S7582L|UNK|chrome 64.0 for android|UNK,GT-S7582L,,chrome 64.0 for android,
LG-H500 Build/LRX21Y|UNK|other|UNK,LG-H500 Build/LRX21Y,,other,
Moto C Build/NRD90M.063|UNK|chrome 65.0 for android|UNK,Moto C Build/NRD90M.063,,chrome 65.0 for android,
MacOS|Mac OS X 10_13_4|chrome 65.0|1440x900,MacOS,Mac OS X 10_13_4,chrome 65.0,1440x900
SM-G955U Build/R16NW|Android 8.0.0|chrome 65.0 for android|2220x1080,SM-G955U Build/R16NW,Android 8.0.0,chrome 65.0 for android,2220x1080
LG-H820|UNK|chrome 65.0 for android|UNK,LG-H820,,chrome 65.0 for android,
Windows|Windows 10|chrome 65.0|2560x1600,Windows,Windows 10,chrome 65.0,2560x1600
M4 SS4451 Build/LMY47D|UNK|android browser 4.0|UNK,M4 SS4451 Build/LMY47D,,android browser 4.0,
SAMSUNG-SM-T377A|Android 7.1.1|chrome 65.0 for android|1280x800,SAMSUNG-SM-T377A,Android 7.1.1,chrome 65.0 for android,1280x800
MacOS|Mac OS X 10_13_5|chrome 65.0|1440x900,MacOS,Mac OS X 10_13_5,chrome 65.0,1440x900
SM-T587P|Android 6.0.1|chrome 63.0 for android|1920x1200,SM-T587P,Android 6.0.1,chrome 63.0 for android,1920x1200
Windows|Windows 8|chrome 64.0|1366x768,Windows,Windows 8,chrome 64.0,1366x768
Windows|Windows 7|chrome 57.0|1366x768,Windows,Windows 7,chrome 57.0,1366x768
SAMSUNG SM-T587P Build/NRD90M|Android 7.0|samsung browser 6.4|1920x1200,SAMSUNG SM-T587P Build/NRD90M,Android 7.0,samsung browser 6.4,1920x1200
SAMSUNG-SM-T377A Build/MMB29K|UNK|chrome 65.0 for android|UNK,SAMSUNG-SM-T377A Build/MMB29K,,chrome 65.0 for android,
LT30p|UNK|chrome 56.0 for android|UNK,LT30p,,chrome 56.0 for android,
SAMSUNG-SM-G920A Build/MMB29K|Android 6.0.1|chrome 65.0 for android|2560x1440,SAMSUNG-SM-G920A Build/MMB29K,Android 6.0.1,chrome 65.0 for android,2560x1440
SM-G531H Build/LMY48B|UNK|chrome 43.0 for android|UNK,SM-G531H Build/LMY48B,,chrome 43.0 for android,
SM-A510M Build/MMB29K|UNK|chrome 65.0 for android|UNK,SM-A510M Build/MMB29K,,chrome 65.0 for android,
SAMSUNG-SM-J320A Build/NMF26X|UNK|chrome 65.0 for android|UNK,SAMSUNG-SM-J320A Build/NMF26X,,chrome 65.0 for android,
SM-G530H Build/KTU84P|UNK|chrome 65.0 for android|UNK,SM-G530H Build/KTU84P,,chrome 65.0 for android,
Windows|Windows 10|edge 16.0|3841x2161,Windows,Windows 10,edge 16.0,3841x2161
E6853 Build/32.4.A.1.54|UNK|chrome 65.0 for android|UNK,E6853 Build/32.4.A.1.54,,chrome 65.0 for android,
Windows|Windows 7|chrome 65.0|2560x1440,Windows,Windows 7,chrome 65.0,2560x1440
LG-X230 Build/MRA58K|UNK|chrome 55.0 for android|UNK,LG-X230 Build/MRA58K,,chrome 55.0 for android,
LGMP260 Build/NRD90U|Android 7.0|chrome 65.0 for android|1280x720,LGMP260 Build/NRD90U,Android 7.0,chrome 65.0 for android,1280x720
SM-T350 Build/MMB29M|Android 6.0.1|chrome 56.0 for android|1024x768,SM-T350 Build/MMB29M,Android 6.0.1,chrome 56.0 for android,1024x768
Z557BL|Android 7.1.1|chrome 59.0 for android|855x480,Z557BL,Android 7.1.1,chrome 59.0 for android,855x480
XT1609 Build/MPIS24.241-2.35-1-17|UNK|chrome 65.0 for android|UNK,XT1609 Build/MPIS24.241-2.35-1-17,,chrome 65.0 for android,
XT1635-01|Android 7.1.1|chrome 65.0 for android|1920x1080,XT1635-01,Android 7.1.1,chrome 65.0 for android,1920x1080
SM-J500M Build/LMY48B|UNK|chrome 60.0 for android|UNK,SM-J500M Build/LMY48B,,chrome 60.0 for android,
SM-A520W Build/NRD90M|UNK|chrome 65.0 for android|UNK,SM-A520W Build/NRD90M,,chrome 65.0 for android,
Redmi 3S Build/MMB29M|UNK|chrome 65.0 for android|UNK,Redmi 3S Build/MMB29M,,chrome 65.0 for android,
SM-N920G Build/NRD90M|UNK|chrome 65.0 for android|UNK,SM-N920G Build/NRD90M,,chrome 65.0 for android,
SAMSUNG SM-G570M Build/NRD90M|UNK|samsung|UNK,SAMSUNG SM-G570M Build/NRD90M,,samsung,
SM-T230NU Build/KOT49H|UNK|chrome 65.0 for android|UNK,SM-T230NU Build/KOT49H,,chrome 65.0 for android,
rv:59.0|Mac OS X 10.11|firefox 59.0|1920x1080,rv:59.0,Mac OS X 10.11,firefox 59.0,1920x1080
UNK|Android|chrome 65.0|2560x1440,,Android,chrome 65.0,2560x1440
MacOS|Mac OS X 10_12_1|chrome 63.0|1920x1080,MacOS,Mac OS X 10_12_1,chrome 63.0,1920x1080
rv:59.0|Mac OS X 10.9|firefox 59.0|1280x800,rv:59.0,Mac OS X 10.9,firefox 59.0,1280x800
SM-G935P Build/NRD90M|UNK|chrome 65.0 for android|UNK,SM-G935P Build/NRD90M,,chrome 65.0 for android,
MacOS|Mac|safari generic|1920x1200,MacOS,Mac,safari generic,1920x1200
SM-J727VPP Build/NRD90M|Android 7.0|chrome 65.0 for android|1280x720,SM-J727VPP Build/NRD90M,Android 7.0,chrome 65.0 for android,1280x720
rv:59.0|Windows 10|firefox|1920x1080,rv:59.0,Windows 10,firefox,1920x1080
SGP511|UNK|chrome 65.0 for android|UNK,SGP511,,chrome 65.0 for android,
F3111 Build/33.3.A.1.115|UNK|chrome 65.0 for android|UNK,F3111 Build/33.3.A.1.115,,chrome 65.0 for android,
rv:59.0|Mac OS X 10.10|firefox 59.0|2560x1440,rv:59.0,Mac OS X 10.10,firefox 59.0,2560x1440
A577VL|Android 7.1.1|chrome 65.0 for android|1280x720,A577VL,Android 7.1.1,chrome 65.0 for android,1280x720
Windows|Windows 10|edge 15.0|2560x1080,Windows,Windows 10,edge 15.0,2560x1080
SM-G960U Build/R16NW|Android 8.0.0|chrome 65.0 for android|2960x1440,SM-G960U Build/R16NW,Android 8.0.0,chrome 65.0 for android,2960x1440
Lenovo YT3-850M Build/MMB29M|UNK|chrome 65.0 for android|UNK,Lenovo YT3-850M Build/MMB29M,,chrome 65.0 for android,
MacOS|Mac OS X 10_13_4|chrome 65.0|1152x720,MacOS,Mac OS X 10_13_4,chrome 65.0,1152x720
Windows|Windows 7|firefox 59.0|1920x1200,Windows,Windows 7,firefox 59.0,1920x1200
UNK|UNK|opera generic|UNK,,,opera generic,
SM-N920V|UNK|chrome 65.0 for android|UNK,SM-N920V,,chrome 65.0 for android,
MacOS|Mac OS X 10_12_4|chrome 65.0|1920x1080,MacOS,Mac OS X 10_12_4,chrome 65.0,1920x1080
HTC_One|UNK|UNK|UNK,HTC_One,,,
Lenovo PB2-670Y Build/MRA58K|UNK|chrome 61.0 for android|UNK,Lenovo PB2-670Y Build/MRA58K,,chrome 61.0 for android,
SM-T113 Build/KTU84P|UNK|chrome 65.0 for android|UNK,SM-T113 Build/KTU84P,,chrome 65.0 for android,
SM-G720AX|UNK|chrome 65.0 for android|UNK,SM-G720AX,,chrome 65.0 for android,
SAMSUNG SM-J710MN Build/MMB29K|UNK|samsung browser 6.4|UNK,SAMSUNG SM-J710MN Build/MMB29K,,samsung browser 6.4,
LGLS676 Build/MXB48T|Android 6.0.1|chrome 65.0 for android|1280x720,LGLS676 Build/MXB48T,Android 6.0.1,chrome 65.0 for android,1280x720
LG-M210 Build/NRD90U|UNK|chrome 65.0 for android|UNK,LG-M210 Build/NRD90U,,chrome 65.0 for android,
vivo|UNK|chrome 65.0 for android|UNK,vivo,,chrome 65.0 for android,
MacOS|Mac OS X 10_13_4|chrome 65.0|1920x1080,MacOS,Mac OS X 10_13_4,chrome 65.0,1920x1080
rv:59.0|Windows 7|firefox 59.0|1366x768,rv:59.0,Windows 7,firefox 59.0,1366x768
Trident/7.0|Windows 8.1|ie 11.0 for desktop|1919x1080,Trident/7.0,Windows 8.1,ie 11.0 for desktop,1919x1080
GT-P5210 Build/JDQ39|UNK|chrome 65.0 for android|UNK,GT-P5210 Build/JDQ39,,chrome 65.0 for android,
SM-G955F Build/R16NW|UNK|chrome 65.0 for android|UNK,SM-G955F Build/R16NW,,chrome 65.0 for android,
SM-T280 Build/LMY47V|Android 5.1.1|chrome 65.0 for android|1280x800,SM-T280 Build/LMY47V,Android 5.1.1,chrome 65.0 for android,1280x800
SM-G935T Build/NRD90M|UNK|chrome 65.0 for android|UNK,SM-G935T Build/NRD90M,,chrome 65.0 for android,
Windows|Windows 7|chrome 65.0|1440x810,Windows,Windows 7,chrome 65.0,1440x810
Hisense U963 Build/MRA58K|UNK|other|UNK,Hisense U963 Build/MRA58K,,other,
SM-J120H Build/LMY47V|UNK|chrome 65.0 for android|UNK,SM-J120H Build/LMY47V,,chrome 65.0 for android,
D2306|UNK|chrome generic|UNK,D2306,,chrome generic,
SM-G925R4|UNK|chrome 65.0 for android|UNK,SM-G925R4,,chrome 65.0 for android,
MacOS|Mac OS X 10_13_4|safari generic|2560x1440,MacOS,Mac OS X 10_13_4,safari generic,2560x1440
MacOS|Mac OS X 10_9_5|safari generic|1152x648,MacOS,Mac OS X 10_9_5,safari generic,1152x648
moto x4 Build/OPW27.57-40|UNK|chrome 65.0 for android|UNK,moto x4 Build/OPW27.57-40,,chrome 65.0 for android,
SAMSUNG SM-G920F Build/NRD90M|Android 7.0|samsung browser 6.4|2560x1440,SAMSUNG SM-G920F Build/NRD90M,Android 7.0,samsung browser 6.4,2560x1440
MacOS|Mac OS X 10_13_4|chrome 65.0|1280x800,MacOS,Mac OS X 10_13_4,chrome 65.0,1280x800
UNK|UNK|firefox 55.0|UNK,,,firefox 55.0,
G3223|UNK|chrome 65.0 for android|UNK,G3223,,chrome 65.0 for android,
ZA990|UNK|chrome 65.0 for android|UNK,ZA990,,chrome 65.0 for android,
4009F|UNK|chrome 65.0 for android|UNK,4009F,,chrome 65.0 for android,
MacOS|Mac OS X 10_13_4|safari generic|1152x720,MacOS,Mac OS X 10_13_4,safari generic,1152x720
MacOS|Mac OS X 10_13_2|chrome 65.0|2880x1800,MacOS,Mac OS X 10_13_2,chrome 65.0,2880x1800
LG-X165g Build/LRX21M|UNK|chrome 65.0 for android|UNK,LG-X165g Build/LRX21M,,chrome 65.0 for android,
SM-N950F Build/NMF26X|UNK|chrome 62.0 for android|UNK,SM-N950F Build/NMF26X,,chrome 62.0 for android,
Windows|Windows 8.1|firefox 59.0|1680x1050,Windows,Windows 8.1,firefox 59.0,1680x1050
LG-H990 Build/NRD90M|UNK|chrome 65.0 for android|UNK,LG-H990 Build/NRD90M,,chrome 65.0 for android,
SM-G900M Build/MMB29M|UNK|chrome 65.0 for android|UNK,SM-G900M Build/MMB29M,,chrome 65.0 for android,
LG-D373 Build/KOT49I.V10a|UNK|chrome 65.0 for android|UNK,LG-D373 Build/KOT49I.V10a,,chrome 65.0 for android,
Trident/7.0|Windows 7|ie 11.0 for desktop|1919x1079,Trident/7.0,Windows 7,ie 11.0 for desktop,1919x1079
Windows|Windows 7|chrome 65.0|2560x1080,Windows,Windows 7,chrome 65.0,2560x1080
SAMSUNG-SM-G930A Build/NRD90M|UNK|chrome 65.0 for android|UNK,SAMSUNG-SM-G930A Build/NRD90M,,chrome 65.0 for android,
WAS-LX2J|UNK|chrome 65.0 for android|UNK,WAS-LX2J,,chrome 65.0 for android,
Windows|Windows 7|chrome|1600x1200,Windows,Windows 7,chrome,1600x1200
SAMSUNG SM-J250M Build/NMF26X|UNK|samsung browser 6.4|UNK,SAMSUNG SM-J250M Build/NMF26X,,samsung browser 6.4,
Windows|Windows 7|firefox 59.0|2560x1080,Windows,Windows 7,firefox 59.0,2560x1080
Trident/7.0|Windows 10|ie 11.0 for desktop|1919x1079,Trident/7.0,Windows 10,ie 11.0 for desktop,1919x1079
GT-I9195L|UNK|chrome 65.0 for android|UNK,GT-I9195L,,chrome 65.0 for android,
Z|UNK|chrome 43.0 for android|UNK,Z,,chrome 43.0 for android,
HUAWEI VNS-L21 Build/HUAWEIVNS-L21|UNK|chrome 65.0 for android|UNK,HUAWEI VNS-L21 Build/HUAWEIVNS-L21,,chrome 65.0 for android,
WAS-LX1 Build/HUAWEIWAS-LX1|UNK|chrome 65.0 for android|UNK,WAS-LX1 Build/HUAWEIWAS-LX1,,chrome 65.0 for android,
SM-G900H Build/MMB29K|UNK|chrome 65.0 for android|UNK,SM-G900H Build/MMB29K,,chrome 65.0 for android,
MacOS|Mac OS X 10_9_5|chrome 65.0|1440x900,MacOS,Mac OS X 10_9_5,chrome 65.0,1440x900
S.N.O.W.4|UNK|ie 11.0 for desktop|UNK,S.N.O.W.4,,ie 11.0 for desktop,
SAMSUNG-SM-G935A|UNK|chrome 65.0 for android|UNK,SAMSUNG-SM-G935A,,chrome 65.0 for android,
M4|UNK|other|UNK,M4,,other,
GT-N5110 Build/JDQ39|UNK|chrome 65.0 for android|UNK,GT-N5110 Build/JDQ39,,chrome 65.0 for android,
Redmi Note 4 Build/NRD90M|UNK|chrome 65.0 for android|UNK,Redmi Note 4 Build/NRD90M,,chrome 65.0 for android,
Redmi Note 4 Build/NRD90M|UNK|opera|UNK,Redmi Note 4 Build/NRD90M,,opera,
HUAWEI VNS-L31 Build/HUAWEIVNS-L31|UNK|chrome 65.0 for android|UNK,HUAWEI VNS-L31 Build/HUAWEIVNS-L31,,chrome 65.0 for android,
Trident/7.0|Windows 10|ie 11.0 for tablet|1919x1079,Trident/7.0,Windows 10,ie 11.0 for tablet,1919x1079
Pixel Build/OPM2.171019.029|Android 8.1.0|chrome 65.0 for android|1921x1081,Pixel Build/OPM2.171019.029,Android 8.1.0,chrome 65.0 for android,1921x1081
Windows|Windows 10|opera generic|1366x768,Windows,Windows 10,opera generic,1366x768
Pixel 2 XL Build/OPM2.171019.029|Android 8.1.0|chrome 65.0 for android|2880x1442,Pixel 2 XL Build/OPM2.171019.029,Android 8.1.0,chrome 65.0 for android,2880x1442
rv:59.0|Mac OS X 10.13|firefox 59.0|5120x2880,rv:59.0,Mac OS X 10.13,firefox 59.0,5120x2880
MacOS|Mac|chrome 65.0|1920x1080,MacOS,Mac,chrome 65.0,1920x1080
rv:52.0|Mac OS X 10.12|firefox 52.0|2560x1600,rv:52.0,Mac OS X 10.12,firefox 52.0,2560x1600
SM-N950U Build/NMF26X|Android 7.1.1|android webview 4.0|2220x1081,SM-N950U Build/NMF26X,Android 7.1.1,android webview 4.0,2220x1081
Windows|Linux|chrome generic|1024x768,Windows,Linux,chrome generic,1024x768
Trident/7.0|Windows 10|ie 11.0 for desktop|1919x1080,Trident/7.0,Windows 10,ie 11.0 for desktop,1919x1080
SM-G901F|UNK|chrome 65.0 for android|UNK,SM-G901F,,chrome 65.0 for android,
SAMSUNG-SM-G920AZ|Android 6.0.1|chrome 55.0 for android|2560x1440,SAMSUNG-SM-G920AZ,Android 6.0.1,chrome 55.0 for android,2560x1440
Trident/7.0|Windows 7|ie 11.0 for desktop|1599x900,Trident/7.0,Windows 7,ie 11.0 for desktop,1599x900
GT-S7580L Build/JDQ39|UNK|other|UNK,GT-S7580L Build/JDQ39,,other,
rv:59.0|Windows 10|firefox|1360x768,rv:59.0,Windows 10,firefox,1360x768
MotoE2 Build/LPCS23.13-56-5|UNK|chrome 62.0 for android|UNK,MotoE2 Build/LPCS23.13-56-5,,chrome 62.0 for android,
SM-J110M Build/LMY48B|UNK|chrome 65.0 for android|UNK,SM-J110M Build/LMY48B,,chrome 65.0 for android,
SM-N950U Build/NMF26X|Android 7.1.1|chrome 63.0 for android|2220x1081,SM-N950U Build/NMF26X,Android 7.1.1,chrome 63.0 for android,2220x1081
E6833|UNK|chrome 65.0 for android|UNK,E6833,,chrome 65.0 for android,
SAMSUNG SM-G960U Build/R16NW|Android 8.0.0|other|2220x1080,SAMSUNG SM-G960U Build/R16NW,Android 8.0.0,other,2220x1080
rv:59.0|Mac OS X 10.11|firefox 59.0|2560x1600,rv:59.0,Mac OS X 10.11,firefox 59.0,2560x1600
SM-P605V|Android 5.1.1|chrome 65.0 for android|2560x1600,SM-P605V,Android 5.1.1,chrome 65.0 for android,2560x1600
Moto Z2 Play Build/NPSS26.118-19-4|UNK|chrome 65.0 for android|UNK,Moto Z2 Play Build/NPSS26.118-19-4,,chrome 65.0 for android,
SM-G9650 Build/R16NW|UNK|chrome 65.0 for android|UNK,SM-G9650 Build/R16NW,,chrome 65.0 for android,
SM-G920T Build/NRD90M|Android 7.0|chrome 65.0 for android|2562x1442,SM-G920T Build/NRD90M,Android 7.0,chrome 65.0 for android,2562x1442
LGMS428|UNK|chrome 65.0 for android|UNK,LGMS428,,chrome 65.0 for android,
Dream|UNK|chrome 65.0 for android|UNK,Dream,,chrome 65.0 for android,
LGMS395|Android 4.4.2|chrome 65.0 for android|801x480,LGMS395,Android 4.4.2,chrome 65.0 for android,801x480
BLADE V8 Build/NRD90M|UNK|chrome 65.0 for android|UNK,BLADE V8 Build/NRD90M,,chrome 65.0 for android,
SM-G950W|Android 8.0.0|chrome 65.0 for android|2220x1081,SM-G950W,Android 8.0.0,chrome 65.0 for android,2220x1081
UNK|Linux|samsung browser 6.4|2560x1440,,Linux,samsung browser 6.4,2560x1440
SAMSUNG SM-G900F Build/MMB29M|UNK|samsung browser 4.0|UNK,SAMSUNG SM-G900F Build/MMB29M,,samsung browser 4.0,
E5506 Build/29.1.A.0.101|UNK|chrome 65.0 for android|UNK,E5506 Build/29.1.A.0.101,,chrome 65.0 for android,
Moto C Build/NRD90M.070|UNK|chrome 65.0 for android|UNK,Moto C Build/NRD90M.070,,chrome 65.0 for android,
iOS Device|iOS 11.2.5|chrome 64.0 for ios|2224x1668,iOS Device,iOS 11.2.5,chrome 64.0 for ios,2224x1668
SM-G965F Build/R16NW|UNK|chrome 65.0 for android|UNK,SM-G965F Build/R16NW,,chrome 65.0 for android,
MacOS|Mac OS X 10_13_4|safari generic|6016x3384,MacOS,Mac OS X 10_13_4,safari generic,6016x3384
Lenovo YT3-850F Build/MMB29M|UNK|chrome 65.0 for android|UNK,Lenovo YT3-850F Build/MMB29M,,chrome 65.0 for android,
E6553|UNK|chrome 65.0 for android|UNK,E6553,,chrome 65.0 for android,
Windows|Windows 7|chrome 65.0|2400x1350,Windows,Windows 7,chrome 65.0,2400x1350
G3223 Build/42.0.A.4.167|UNK|chrome 65.0 for android|UNK,G3223 Build/42.0.A.4.167,,chrome 65.0 for android,
MacOS|Mac OS X 10_10_5|chrome 64.0|1366x768,MacOS,Mac OS X 10_10_5,chrome 64.0,1366x768
SAMSUNG SM-J710MN Build/NRD90M|UNK|samsung browser 6.4|UNK,SAMSUNG SM-J710MN Build/NRD90M,,samsung browser 6.4,
Windows|Windows 7|UNK|1919x1080,Windows,Windows 7,,1919x1080
5080A Build/MRA58K|UNK|chrome 60.0 for android|UNK,5080A Build/MRA58K,,chrome 60.0 for android,
Windows|Windows 7|opera generic|1364x768,Windows,Windows 7,opera generic,1364x768
SAMSUNG SM-G935A Build/NRD90M|Android 7.0|samsung browser 6.4|1920x1080,SAMSUNG SM-G935A Build/NRD90M,Android 7.0,samsung browser 6.4,1920x1080
LG-X220 Build/LMY47I|UNK|chrome 65.0 for android|UNK,LG-X220 Build/LMY47I,,chrome 65.0 for android,
Windows|Windows 7|chrome 65.0|1921x1080,Windows,Windows 7,chrome 65.0,1921x1080
GT-I9515|UNK|chrome 65.0 for android|UNK,GT-I9515,,chrome 65.0 for android,
MacOS|Mac OS X 10_13_4|safari generic|2880x1800,MacOS,Mac OS X 10_13_4,safari generic,2880x1800
SM-G800M Build/KOT49H|UNK|chrome 65.0 for android|UNK,SM-G800M Build/KOT49H,,chrome 65.0 for android,
SM-J200M Build/LMY47X|UNK|chrome 55.0 for android|UNK,SM-J200M Build/LMY47X,,chrome 55.0 for android,
UNK|Linux|chrome 65.0|1280x720,,Linux,chrome 65.0,1280x720
Windows|Windows 10|ie 11.0 for desktop|1600x900,Windows,Windows 10,ie 11.0 for desktop,1600x900
ALE-L23 Build/HuaweiALE-L23|UNK|chrome 52.0 for android|UNK,ALE-L23 Build/HuaweiALE-L23,,chrome 52.0 for android,
5015A Build/LMY47I|UNK|chrome 65.0 for android|UNK,5015A Build/LMY47I,,chrome 65.0 for android,
SAMSUNG SM-G935P Build/NRD90M|Android 7.0|samsung browser 6.4|1921x1081,SAMSUNG SM-G935P Build/NRD90M,Android 7.0,samsung browser 6.4,1921x1081
Windows|Windows 10|chrome 65.0|1728x972,Windows,Windows 10,chrome 65.0,1728x972
SAMSUNG SM-J530F Build/NRD90M|UNK|samsung browser 6.4|UNK,SAMSUNG SM-J530F Build/NRD90M,,samsung browser 6.4,
SM-J700T Build/NMF26X|UNK|chrome 65.0 for android|UNK,SM-J700T Build/NMF26X,,chrome 65.0 for android,
SM-G930P|UNK|chrome 65.0 for android|UNK,SM-G930P,,chrome 65.0 for android,
Windows|Windows 7|chrome 65.0|1152x864,Windows,Windows 7,chrome 65.0,1152x864
SM-G928G Build/NRD90M|Android 7.0|chrome 65.0 for android|1920x1080,SM-G928G Build/NRD90M,Android 7.0,chrome 65.0 for android,1920x1080
XT1097|Android|chrome 65.0 for android|1920x1080,XT1097,Android,chrome 65.0 for android,1920x1080
VS986 Build/MRA58K|Android 6.0|chrome 65.0 for android|2560x1440,VS986 Build/MRA58K,Android 6.0,chrome 65.0 for android,2560x1440
SM-A520W Build/NRD90M|Android 7.0|chrome 65.0 for android|1920x1080,SM-A520W Build/NRD90M,Android 7.0,chrome 65.0 for android,1920x1080
SM-J727T Build/NRD90M|Android 7.0|chrome 65.0 for android|1280x720,SM-J727T Build/NRD90M,Android 7.0,chrome 65.0 for android,1280x720
Blade L5 Build/LMY47I|UNK|chrome 65.0 for android|UNK,Blade L5 Build/LMY47I,,chrome 65.0 for android,
UNK|Android|chrome 65.0|1280x800,,Android,chrome 65.0,1280x800
KFFOWI Build/LVY48F|UNK|chrome generic|UNK,KFFOWI Build/LVY48F,,chrome generic,
SAMSUNG SM-A320FL Build/NRD90M|UNK|samsung browser 6.4|UNK,SAMSUNG SM-A320FL Build/NRD90M,,samsung browser 6.4,
rv:59.0|Mac OS X 10.11|firefox 59.0|1680x1050,rv:59.0,Mac OS X 10.11,firefox 59.0,1680x1050
AX1070|UNK|chrome 62.0 for android|UNK,AX1070,,chrome 62.0 for android,
SM-G965U Build/R16NW|Android 8.0.0|chrome generic for android|2961x1442,SM-G965U Build/R16NW,Android 8.0.0,chrome generic for android,2961x1442
SM-A730F Build/NMF26X|UNK|chrome 61.0 for android|UNK,SM-A730F Build/NMF26X,,chrome 61.0 for android,
LG-P714|UNK|chrome 59.0 for android|UNK,LG-P714,,chrome 59.0 for android,
SM-J200H|UNK|chrome 64.0 for android|UNK,SM-J200H,,chrome 64.0 for android,
SM-P355M Build/MMB29M|UNK|chrome 55.0 for android|UNK,SM-P355M Build/MMB29M,,chrome 55.0 for android,
SM-J500H|UNK|chrome 63.0 for android|UNK,SM-J500H,,chrome 63.0 for android,
A463BG|Android 4.4.2|chrome 56.0 for android|480x320,A463BG,Android 4.4.2,chrome 56.0 for android,480x320
MacOS|Mac OS X 10_13_4|chrome 65.0|3600x2250,MacOS,Mac OS X 10_13_4,chrome 65.0,3600x2250
GT-I8190N|UNK|chrome 65.0 for android|UNK,GT-I8190N,,chrome 65.0 for android,
Linux x86_64|Linux|firefox 59.0|1888x941,Linux x86_64,Linux,firefox 59.0,1888x941
SM-N950U Build/R16NW|Android 8.0.0|chrome 65.0 for android|2220x1080,SM-N950U Build/R16NW,Android 8.0.0,chrome 65.0 for android,2220x1080
9008A Build/NRD90M|UNK|chrome 65.0 for android|UNK,9008A Build/NRD90M,,chrome 65.0 for android,
SM-T377V Build/NMF26X|UNK|chrome 65.0 for android|UNK,SM-T377V Build/NMF26X,,chrome 65.0 for android,
F80'S+|UNK|android webview 4.0|UNK,F80'S+,,android webview 4.0,
SM-G955U Build/NRD90M|Android 7.0|chrome 65.0 for android|2220x1080,SM-G955U Build/NRD90M,Android 7.0,chrome 65.0 for android,2220x1080
SM-G930W8 Build/NRD90M|UNK|chrome 65.0 for android|UNK,SM-G930W8 Build/NRD90M,,chrome 65.0 for android,
P008 Build/NRD90M|Android 7.0|chrome 65.0 for android|2049x1536,P008 Build/NRD90M,Android 7.0,chrome 65.0 for android,2049x1536
LG-H700 Build/NRD90U|Android 7.0|chrome 65.0 for android|1920x1080,LG-H700 Build/NRD90U,Android 7.0,chrome 65.0 for android,1920x1080
EGO|UNK|chrome 65.0 for android|UNK,EGO,,chrome 65.0 for android,
SM-G950F Build/NRD90M|UNK|android webview 4.0|UNK,SM-G950F Build/NRD90M,,android webview 4.0,
rv:50.0|Mac OS X 10.10|firefox|1440x900,rv:50.0,Mac OS X 10.10,firefox,1440x900
iOS Device|iOS 11.2.6|mobile safari uiwebview|2436x1125,iOS Device,iOS 11.2.6,mobile safari uiwebview,2436x1125
Windows|Windows 10|edge 14.0|1365x768,Windows,Windows 10,edge 14.0,1365x768
XT1063 Build/MPB24.65-34|UNK|chrome 65.0 for android|UNK,XT1063 Build/MPB24.65-34,,chrome 65.0 for android,
Blade V580 Build/LMY47D|UNK|chrome 65.0 for android|UNK,Blade V580 Build/LMY47D,,chrome 65.0 for android,
Ilium LT510 Build/MRA58K|UNK|chrome 65.0 for android|UNK,Ilium LT510 Build/MRA58K,,chrome 65.0 for android,
rv:56.0|Mac OS X 10.13|firefox 56.0|4096x2304,rv:56.0,Mac OS X 10.13,firefox 56.0,4096x2304
SM-J500M Build/MMB29M|UNK|chrome 59.0 for android|UNK,SM-J500M Build/MMB29M,,chrome 59.0 for android,
47418|UNK|chrome 65.0 for android|UNK,47418,,chrome 65.0 for android,
SAMSUNG SM-G928G Build/NRD90M|UNK|samsung browser 6.4|UNK,SAMSUNG SM-G928G Build/NRD90M,,samsung browser 6.4,
SM-G955U Build/R16NW|UNK|chrome 65.0 for android|UNK,SM-G955U Build/R16NW,,chrome 65.0 for android,
BLU|Android 6.0|chrome 65.0 for android|1280x720,BLU,Android 6.0,chrome 65.0 for android,1280x720
Moto G Play Build/NPIS26.48-36-5|UNK|chrome 65.0 for android|UNK,Moto G Play Build/NPIS26.48-36-5,,chrome 65.0 for android,
HTC One mini Build/KOT49H|UNK|chrome 65.0 for android|UNK,HTC One mini Build/KOT49H,,chrome 65.0 for android,
rv:59.0|Mac OS X 10.12|firefox 59.0|2880x1800,rv:59.0,Mac OS X 10.12,firefox 59.0,2880x1800
UNK|Android|chrome 65.0|801x480,,Android,chrome 65.0,801x480
MacOS|Mac OS X 10_10_5|chrome 65.0|1680x1050,MacOS,Mac OS X 10_10_5,chrome 65.0,1680x1050
P4526A Build/NRD90M|UNK|chrome 65.0 for android|UNK,P4526A Build/NRD90M,,chrome 65.0 for android,
E5506|UNK|chrome 65.0 for android|UNK,E5506,,chrome 65.0 for android,
Windows|Windows 8.1|firefox 59.0|1280x1024,Windows,Windows 8.1,firefox 59.0,1280x1024
Windows|Windows 10|chrome 65.0|3440x1440,Windows,Windows 10,chrome 65.0,3440x1440
SAMSUNG SM-T580 Build/NRD90M|Android 7.0|samsung browser 6.4|1920x1200,SAMSUNG SM-T580 Build/NRD90M,Android 7.0,samsung browser 6.4,1920x1200
Redmi 5 Plus Build/N2G47H|UNK|chrome 65.0 for android|UNK,Redmi 5 Plus Build/N2G47H,,chrome 65.0 for android,
MacOS|Mac OS X 10_13_2|chrome 65.0|2520x1575,MacOS,Mac OS X 10_13_2,chrome 65.0,2520x1575
Lenovo PB1-750M Build/S100|UNK|chrome 65.0 for android|UNK,Lenovo PB1-750M Build/S100,,chrome 65.0 for android,
E6683|UNK|chrome 65.0 for android|UNK,E6683,,chrome 65.0 for android,
Windows|Windows 10|comodo|1920x1080,Windows,Windows 10,comodo,1920x1080
Windows|Windows 7|firefox 59.0|1366x767,Windows,Windows 7,firefox 59.0,1366x767
STK_Sync_5e|UNK|chrome 65.0 for android|UNK,STK_Sync_5e,,chrome 65.0 for android,
rv:61.0|UNK|Generic/Android|UNK,rv:61.0,,Generic/Android,
5051A Build/MMB29M|UNK|chrome 65.0 for android|UNK,5051A Build/MMB29M,,chrome 65.0 for android,
rv:38.0|Mac|firefox|1280x800,rv:38.0,Mac,firefox,1280x800
MacOS|Mac OS X 10_13_4|safari generic|1280x800,MacOS,Mac OS X 10_13_4,safari generic,1280x800
G3223|UNK|chrome 56.0 for android|UNK,G3223,,chrome 56.0 for android,
6055B|UNK|chrome 65.0 for android|UNK,6055B,,chrome 65.0 for android,
Z982 Build/NMF26V|UNK|chrome 65.0 for android|UNK,Z982 Build/NMF26V,,chrome 65.0 for android,
C6603|UNK|chrome 65.0 for android|UNK,C6603,,chrome 65.0 for android,
Redmi Note 5A Build/N2G47H|UNK|chrome 65.0 for android|UNK,Redmi Note 5A Build/N2G47H,,chrome 65.0 for android,
SMART|UNK|chrome 55.0 for android|UNK,SMART,,chrome 55.0 for android,
LG-K530 Build/NRD90U|UNK|chrome 65.0 for android|UNK,LG-K530 Build/NRD90U,,chrome 65.0 for android,
SM-E500M Build/KTU84P|UNK|chrome 49.0 for android|UNK,SM-E500M Build/KTU84P,,chrome 49.0 for android,
VTR-L29|UNK|chrome 55.0 for android|UNK,VTR-L29,,chrome 55.0 for android,
CHC-U03 Build/HuaweiCHC-U03|UNK|chrome 58.0 for android|UNK,CHC-U03 Build/HuaweiCHC-U03,,chrome 58.0 for android,
LGMS631 Build/MRA58K|UNK|other|UNK,LGMS631 Build/MRA58K,,other,
SM-T700 Build/MMB29K|UNK|chrome 65.0 for android|UNK,SM-T700 Build/MMB29K,,chrome 65.0 for android,
Kylin|UNK|chrome 65.0 for android|UNK,Kylin,,chrome 65.0 for android,
MacOS|Mac OS X 10_12_6|chrome 65.0|5120x2880,MacOS,Mac OS X 10_12_6,chrome 65.0,5120x2880
rv:45.0|Linux|firefox|1920x1200,rv:45.0,Linux,firefox,1920x1200
Windows|Windows 10|edge 16.0|2160x1439,Windows,Windows 10,edge 16.0,2160x1439
SM-G930VL Build/NRD90M|UNK|chrome 58.0 for android|UNK,SM-G930VL Build/NRD90M,,chrome 58.0 for android,
Windows|Windows 10|chrome 65.0|2000x1125,Windows,Windows 10,chrome 65.0,2000x1125
SAMSUNG-SM-N920A Build/NRD90M|Android 7.0|chrome 65.0 for android|1921x1081,SAMSUNG-SM-N920A Build/NRD90M,Android 7.0,chrome 65.0 for android,1921x1081
SAMSUNG SM-J327A Build/NRD90M|UNK|samsung browser 6.4|UNK,SAMSUNG SM-J327A Build/NRD90M,,samsung browser 6.4,
Windows|Windows 7|firefox 59.0|1280x1023,Windows,Windows 7,firefox 59.0,1280x1023
SM-T377V Build/NMF26X|Android 7.1.1|chrome 65.0 for android|1280x800,SM-T377V Build/NMF26X,Android 7.1.1,chrome 65.0 for android,1280x800
rv:45.0|Linux|firefox|1920x1080,rv:45.0,Linux,firefox,1920x1080
MacOS|Mac OS X 10_12_6|chrome 65.0|2400x1350,MacOS,Mac OS X 10_12_6,chrome 65.0,2400x1350
Windows|Windows 10|chrome 65.0|1707x960,Windows,Windows 10,chrome 65.0,1707x960
SM-J510MN Build/NMF26X|UNK|chrome 65.0 for android|UNK,SM-J510MN Build/NMF26X,,chrome 65.0 for android,
AM508|UNK|android webview 4.0|UNK,AM508,,android webview 4.0,
rv:33.0|UNK|firefox|UNK,rv:33.0,,firefox,
LG-H932|Android 7.1.2|chrome 65.0 for android|2880x1440,LG-H932,Android 7.1.2,chrome 65.0 for android,2880x1440
Windows|Windows 10|edge 16.0|1024x767,Windows,Windows 10,edge 16.0,1024x767
SAMSUNG-SM-J727AZ|Android 7.0|chrome 65.0 for android|1280x720,SAMSUNG-SM-J727AZ,Android 7.0,chrome 65.0 for android,1280x720
MacOS|Mac OS X 10_13_1|chrome 65.0|1280x800,MacOS,Mac OS X 10_13_1,chrome 65.0,1280x800
KFGIWI Build/LVY48F|Android 5.1.1|chrome generic|1280x800,KFGIWI Build/LVY48F,Android 5.1.1,chrome generic,1280x800
Nexus 5 Build/M4B30Z|UNK|chrome 65.0 for android|UNK,Nexus 5 Build/M4B30Z,,chrome 65.0 for android,
SM-J320V Build/MMB29M|UNK|chrome 65.0 for android|UNK,SM-J320V Build/MMB29M,,chrome 65.0 for android,
BLA-L29 Build/HUAWEIBLA-L29|UNK|chrome 65.0 for android|UNK,BLA-L29 Build/HUAWEIBLA-L29,,chrome 65.0 for android,
SAMSUNG SM-G935W8 Build/NRD90M|UNK|samsung browser 6.4|UNK,SAMSUNG SM-G935W8 Build/NRD90M,,samsung browser 6.4,
Windows|Windows 10|chrome generic|3000x2000,Windows,Windows 10,chrome generic,3000x2000
Windows|Windows 10|edge 15.0|1365x767,Windows,Windows 10,edge 15.0,1365x767
UNK|Linux|chrome 65.0|1536x864,,Linux,chrome 65.0,1536x864
rv:59.0|Mac OS X 10.10|firefox 59.0|2880x1800,rv:59.0,Mac OS X 10.10,firefox 59.0,2880x1800
STF-L09 Build/HUAWEISTF-L09|UNK|chrome 65.0 for android|UNK,STF-L09 Build/HUAWEISTF-L09,,chrome 65.0 for android,
Trident/7.0|Windows 7|ie 11.0 for desktop|1365x768,Trident/7.0,Windows 7,ie 11.0 for desktop,1365x768
Windows|Windows 10|chrome 65.0|3001x2000,Windows,Windows 10,chrome 65.0,3001x2000
SAMSUNG SM-G920A Build/NRD90M|Android 7.0|samsung browser 6.4|2560x1440,SAMSUNG SM-G920A Build/NRD90M,Android 7.0,samsung browser 6.4,2560x1440
rv:59.0|Mac OS X 10.9|firefox 59.0|2560x1440,rv:59.0,Mac OS X 10.9,firefox 59.0,2560x1440
5085B Build/MRA58K|UNK|chrome 65.0 for android|UNK,5085B Build/MRA58K,,chrome 65.0 for android,
rv:59.0|Mac OS X 10.12|firefox 59.0|2560x1440,rv:59.0,Mac OS X 10.12,firefox 59.0,2560x1440
MacOS|Mac OS X 10_13_4|chrome 65.0|3360x1890,MacOS,Mac OS X 10_13_4,chrome 65.0,3360x1890
SM-G955U Build/NRD90M|Android 7.0|android webview 4.0|2220x1080,SM-G955U Build/NRD90M,Android 7.0,android webview 4.0,2220x1080
Windows|Windows 8.1|firefox 59.0|1440x900,Windows,Windows 8.1,firefox 59.0,1440x900
SM-P355M Build/MMB29M|UNK|chrome 60.0 for android|UNK,SM-P355M Build/MMB29M,,chrome 60.0 for android,
XT1585 Build/NCK25.118-10.5|UNK|chrome 65.0 for android|2560x1440,XT1585 Build/NCK25.118-10.5,,chrome 65.0 for android,2560x1440
SM-G925T Build/NRD90M|Android 7.0|chrome 65.0 for android|2560x1440,SM-G925T Build/NRD90M,Android 7.0,chrome 65.0 for android,2560x1440
Windows|Windows 10|edge 16.0|3839x2160,Windows,Windows 10,edge 16.0,3839x2160
SAMSUNG-SM-G925A Build/MMB29K|UNK|chrome 65.0 for android|UNK,SAMSUNG-SM-G925A Build/MMB29K,,chrome 65.0 for android,
Windows|UNK|firefox 47.0|UNK,Windows,,firefox 47.0,
SM-G361F|UNK|chrome 63.0 for android|UNK,SM-G361F,,chrome 63.0 for android,
Windows|Windows 10|chrome 65.0|1280x800,Windows,Windows 10,chrome 65.0,1280x800
VTR-L09 Build/HUAWEIVTR-L09|UNK|chrome 65.0 for android|UNK,VTR-L09 Build/HUAWEIVTR-L09,,chrome 65.0 for android,
MacOS|Mac OS X 10_13_2|chrome 65.0|2560x1600,MacOS,Mac OS X 10_13_2,chrome 65.0,2560x1600
SM-G530H Build/LRX22G|UNK|chrome 65.0 for android|UNK,SM-G530H Build/LRX22G,,chrome 65.0 for android,
SM-P355M|UNK|chrome 60.0 for android|UNK,SM-P355M,,chrome 60.0 for android,
rv:59.0|Mac OS X 10.11|firefox 59.0|1600x900,rv:59.0,Mac OS X 10.11,firefox 59.0,1600x900
MotoG3 Build/MPI24.65-25|UNK|chrome 52.0 for android|UNK,MotoG3 Build/MPI24.65-25,,chrome 52.0 for android,
DASH|UNK|chrome 65.0 for android|UNK,DASH,,chrome 65.0 for android,
TA-1038 Build/O00623|UNK|chrome 65.0 for android|UNK,TA-1038 Build/O00623,,chrome 65.0 for android,
Moto G (5) Plus Build/NPNS25.137-92-8|UNK|chrome generic|UNK,Moto G (5) Plus Build/NPNS25.137-92-8,,chrome generic,
SM-T817V Build/NRD90M|Android 7.0|chrome 65.0 for android|2048x1536,SM-T817V Build/NRD90M,Android 7.0,chrome 65.0 for android,2048x1536
SAMSUNG SM-G930P Build/NRD90M|Android 7.0|samsung browser 6.4|1920x1080,SAMSUNG SM-G930P Build/NRD90M,Android 7.0,samsung browser 6.4,1920x1080
F3313 Build/37.0.A.2.248|UNK|chrome 56.0 for android|UNK,F3313 Build/37.0.A.2.248,,chrome 56.0 for android,
ALP-L09 Build/HUAWEIALP-L09S|UNK|samsung browser 6.4|UNK,ALP-L09 Build/HUAWEIALP-L09S,,samsung browser 6.4,
SM-G935F Build/NRD90M|Android 7.0|chrome 65.0 for android|1920x1080,SM-G935F Build/NRD90M,Android 7.0,chrome 65.0 for android,1920x1080
Windows|Windows 8.1|chrome 65.0|1680x1050,Windows,Windows 8.1,chrome 65.0,1680x1050
Windows|Windows 8.1|chrome 65.0|1280x768,Windows,Windows 8.1,chrome 65.0,1280x768
Trident/7.0|Windows 10|ie 11.0 for desktop|1599x900,Trident/7.0,Windows 10,ie 11.0 for desktop,1599x900
HTC Desire 526G Build/KOT49H|UNK|chrome 65.0 for android|UNK,HTC Desire 526G Build/KOT49H,,chrome 65.0 for android,
Grand|UNK|chrome 59.0 for android|UNK,Grand,,chrome 59.0 for android,
MacOS|Mac OS X 10_13_4|chrome 65.0|2048x1152,MacOS,Mac OS X 10_13_4,chrome 65.0,2048x1152
SM-G960F Build/R16NW|UNK|chrome 65.0 for android|UNK,SM-G960F Build/R16NW,,chrome 65.0 for android,
ONE A2003 Build/MMB29M|UNK|chrome 65.0 for android|UNK,ONE A2003 Build/MMB29M,,chrome 65.0 for android,
7048A Build/LRX22G|UNK|chrome 57.0 for android|UNK,7048A Build/LRX22G,,chrome 57.0 for android,
Trident/7.0|Windows 10|ie 11.0 for desktop|1920x1079,Trident/7.0,Windows 10,ie 11.0 for desktop,1920x1079
G3313 Build/43.0.A.7.25|UNK|chrome 65.0 for android|UNK,G3313 Build/43.0.A.7.25,,chrome 65.0 for android,
Redmi 4A Build/MMB29M|UNK|chrome 65.0 for android|UNK,Redmi 4A Build/MMB29M,,chrome 65.0 for android,
MacOS|Mac OS X 10_10_5|chrome 65.0|2560x1440,MacOS,Mac OS X 10_10_5,chrome 65.0,2560x1440
ASUS_X00ID|Android 7.1.1|chrome 65.0 for android|1280x720,ASUS_X00ID,Android 7.1.1,chrome 65.0 for android,1280x720
SAMSUNG SM-G935A Build/NRD90M|Android 7.0|samsung browser 6.4|1280x720,SAMSUNG SM-G935A Build/NRD90M,Android 7.0,samsung browser 6.4,1280x720
LG-LG870|UNK|chrome 64.0 for android|UNK,LG-LG870,,chrome 64.0 for android,
HTC One M9 Build/NRD90M|Android 7.0|chrome 65.0 for android|1920x1080,HTC One M9 Build/NRD90M,Android 7.0,chrome 65.0 for android,1920x1080
rv:59.0|Mac OS X 10.13|firefox 59.0|1440x900,rv:59.0,Mac OS X 10.13,firefox 59.0,1440x900
SM-G900T Build/MMB29M|Android 6.0.1|chrome 65.0 for android|1920x1080,SM-G900T Build/MMB29M,Android 6.0.1,chrome 65.0 for android,1920x1080
LG-M200 Build/NRD90U|UNK|chrome 64.0 for android|UNK,LG-M200 Build/NRD90U,,chrome 64.0 for android,
SP7731G|UNK|other|UNK,SP7731G,,other,
Aquaris_A4.5|UNK|chrome 65.0 for android|UNK,Aquaris_A4.5,,chrome 65.0 for android,
Alumini3 Build/MRA58K|UNK|chrome 51.0 for android|UNK,Alumini3 Build/MRA58K,,chrome 51.0 for android,
BLADE A602 Build/MRA58K|UNK|chrome 53.0 for android|UNK,BLADE A602 Build/MRA58K,,chrome 53.0 for android,
rv:11.0|Windows 7|ie 11.0 for desktop|1680x1049,rv:11.0,Windows 7,ie 11.0 for desktop,1680x1049
SAMSUNG SM-G892A Build/R16NW|Android 8.0.0|samsung browser 7.0|2220x1080,SAMSUNG SM-G892A Build/R16NW,Android 8.0.0,samsung browser 7.0,2220x1080
8080 Build/LRX21M|UNK|chrome 65.0 for android|UNK,8080 Build/LRX21M,,chrome 65.0 for android,
Windows|Windows 10|edge 15.0|1919x1080,Windows,Windows 10,edge 15.0,1919x1080
Windows|Windows 7|chrome 65.0|1916x901,Windows,Windows 7,chrome 65.0,1916x901
Trident/7.0|Windows 10|ie 11.0 for tablet|1365x768,Trident/7.0,Windows 10,ie 11.0 for tablet,1365x768
Windows|Windows 10|UNK|1365x768,Windows,Windows 10,,1365x768
SM-J700T1 Build/NMF26X|Android 7.1.1|chrome generic for android|1280x720,SM-J700T1 Build/NMF26X,Android 7.1.1,chrome generic for android,1280x720
Trident/7.0|Windows 10|ie 11.0 for desktop|3838x2158,Trident/7.0,Windows 10,ie 11.0 for desktop,3838x2158
SM-G950U Build/R16NW|Android 8.0.0|chrome 65.0 for android|2960x1440,SM-G950U Build/R16NW,Android 8.0.0,chrome 65.0 for android,2960x1440
SM-G928G Build/NRD90M|UNK|chrome 61.0 for android|UNK,SM-G928G Build/NRD90M,,chrome 61.0 for android,
Trident/7.0|Windows 10|ie 11.0 for desktop|1599x899,Trident/7.0,Windows 10,ie 11.0 for desktop,1599x899
Windows|Windows 10|edge 16.0|3199x1800,Windows,Windows 10,edge 16.0,3199x1800
Alcatel|Android 7.0|chrome 65.0 for android|1280x720,Alcatel,Android 7.0,chrome 65.0 for android,1280x720
F3311|UNK|chrome generic for android|UNK,F3311,,chrome generic for android,
ASUS_X00ID|UNK|chrome 65.0 for android|UNK,ASUS_X00ID,,chrome 65.0 for android,
Windows|Windows 8|chrome generic|1920x1080,Windows,Windows 8,chrome generic,1920x1080
SAMSUNG-SM-G925A Build/MMB29K|Android 6.0.1|chrome 65.0 for android|2560x1440,SAMSUNG-SM-G925A Build/MMB29K,Android 6.0.1,chrome 65.0 for android,2560x1440
UNK|Linux|chrome 65.0|2400x1600,,Linux,chrome 65.0,2400x1600
Windows|Windows 10|chrome 65.0|1511x944,Windows,Windows 10,chrome 65.0,1511x944
Windows|Windows 8.1|chrome 60.0|1600x900,Windows,Windows 8.1,chrome 60.0,1600x900
XT1032 Build/LPBS23.13-56-2|UNK|chrome 59.0 for android|UNK,XT1032 Build/LPBS23.13-56-2,,chrome 59.0 for android,
rv:58.0|Windows 8.1|firefox 58.0|1600x900,rv:58.0,Windows 8.1,firefox 58.0,1600x900
SM-A730F Build/NMF26X|UNK|chrome generic for android|UNK,SM-A730F Build/NMF26X,,chrome generic for android,
SM-G955F Build/R16NW|UNK|chrome generic for android|UNK,SM-G955F Build/R16NW,,chrome generic for android,
Moto G Play Build/NPIS26.48-36-5|UNK|chrome generic for android|UNK,Moto G Play Build/NPIS26.48-36-5,,chrome generic for android,
C6906 Build/14.6.A.1.236|UNK|chrome 62.0 for android|UNK,C6906 Build/14.6.A.1.236,,chrome 62.0 for android,
UNK|Linux|chrome generic|1366x768,,Linux,chrome generic,1366x768
F8331|UNK|chrome 65.0 for android|UNK,F8331,,chrome 65.0 for android,
Windows|Windows 10|chrome generic|3440x1440,Windows,Windows 10,chrome generic,3440x1440
Windows|Windows 10|chrome generic|2160x1440,Windows,Windows 10,chrome generic,2160x1440
SM-N910T Build/LMY47X|UNK|chrome 65.0 for android|UNK,SM-N910T Build/LMY47X,,chrome 65.0 for android,
SM-G965U Build/R16NW|Android 8.0.0|chrome generic for android|2220x1081,SM-G965U Build/R16NW,Android 8.0.0,chrome generic for android,2220x1081
SM-N950U1 Build/R16NW|Android 8.0.0|chrome 65.0 for android|2220x1081,SM-N950U1 Build/R16NW,Android 8.0.0,chrome 65.0 for android,2220x1081
D5316 Build/19.4.A.0.182|UNK|chrome 65.0 for android|UNK,D5316 Build/19.4.A.0.182,,chrome 65.0 for android,
P5006A Build/NRD90M|UNK|chrome 65.0 for android|UNK,P5006A Build/NRD90M,,chrome 65.0 for android,
E5506 Build/29.2.A.0.166|UNK|chrome generic for android|UNK,E5506 Build/29.2.A.0.166,,chrome generic for android,
SM-N920P Build/NRD90M|Android 7.0|chrome 65.0 for android|1921x1081,SM-N920P Build/NRD90M,Android 7.0,chrome 65.0 for android,1921x1081
Z982 Build/NMF26V|Android 7.1.1|chrome 65.0 for android|1920x1080,Z982 Build/NMF26V,Android 7.1.1,chrome 65.0 for android,1920x1080
A574BL Build/NMF26F|Android 7.1.1|chrome 55.0 for android|855x480,A574BL Build/NMF26F,Android 7.1.1,chrome 55.0 for android,855x480
Windows|Windows 10|chrome generic|1440x900,Windows,Windows 10,chrome generic,1440x900
BND-L34|UNK|chrome generic for android|UNK,BND-L34,,chrome generic for android,
SAMSUNG SM-N950U1 Build/R16NW|Android 8.0.0|samsung browser 7.0|2220x1081,SAMSUNG SM-N950U1 Build/R16NW,Android 8.0.0,samsung browser 7.0,2220x1081
HTC_One_M8/4.28.502.2|UNK|UNK|UNK,HTC_One_M8/4.28.502.2,,,
SM-P355M Build/MMB29M|UNK|chrome 65.0 for android|UNK,SM-P355M Build/MMB29M,,chrome 65.0 for android,
SAMSUNG SM-A320Y Build/NRD90M|UNK|samsung browser 6.4|UNK,SAMSUNG SM-A320Y Build/NRD90M,,samsung browser 6.4,
MacOS|Mac OS X 10_13_4|chrome 65.0|3840x2160,MacOS,Mac OS X 10_13_4,chrome 65.0,3840x2160
Windows|Windows 10|chrome 65.0|2737x1825,Windows,Windows 10,chrome 65.0,2737x1825
Windows|Windows 10|edge 15.0|1365x768,Windows,Windows 10,edge 15.0,1365x768
MacOS|Mac OS X 10_13_4|chrome 65.0|3360x2100,MacOS,Mac OS X 10_13_4,chrome 65.0,3360x2100
SM-G570F|UNK|chrome 65.0 for android|UNK,SM-G570F,,chrome 65.0 for android,
LG-LS993 Build/NRD90U|UNK|chrome generic for android|UNK,LG-LS993 Build/NRD90U,,chrome generic for android,
SM-G950U Build/R16NW|Android 8.0.0|chrome 65.0 for android|2961x1442,SM-G950U Build/R16NW,Android 8.0.0,chrome 65.0 for android,2961x1442
MacOS|Mac OS X 10_13_4|chrome generic|2880x1800,MacOS,Mac OS X 10_13_4,chrome generic,2880x1800
SM-N950U Build/R16NW|Android 8.0.0|chrome 65.0 for android|2961x1442,SM-N950U Build/R16NW,Android 8.0.0,chrome 65.0 for android,2961x1442
LG-K428 Build/MMB29M|Android 6.0.1|chrome 65.0 for android|1280x720,LG-K428 Build/MMB29M,Android 6.0.1,chrome 65.0 for android,1280x720
BLU|UNK|opera|UNK,BLU,,opera,
iOS Device|iOS 11.0.1|chrome 65.0 for ios|2048x1536,iOS Device,iOS 11.0.1,chrome 65.0 for ios,2048x1536
Windows|Windows 7|opera generic|3840x2160,Windows,Windows 7,opera generic,3840x2160
LG-M320 Build/NRD90U|UNK|chrome 55.0 for android|UNK,LG-M320 Build/NRD90U,,chrome 55.0 for android,
5085B Build/MRA58K|UNK|chrome 55.0 for android|UNK,5085B Build/MRA58K,,chrome 55.0 for android,
MacOS|Mac OS X 10_13_4|chrome 65.0|5120x2880,MacOS,Mac OS X 10_13_4,chrome 65.0,5120x2880
SM-J120M|UNK|chrome 64.0 for android|UNK,SM-J120M,,chrome 64.0 for android,
LG-H872 Build/NRD90U|Android 7.0|chrome 65.0 for android|2672x1440,LG-H872 Build/NRD90U,Android 7.0,chrome 65.0 for android,2672x1440
Lenovo TB3-710I Build/LMY47I|UNK|chrome 65.0 for android|UNK,Lenovo TB3-710I Build/LMY47I,,chrome 65.0 for android,
Hisense E51 Build/LMY47V|UNK|chrome 43.0 for android|UNK,Hisense E51 Build/LMY47V,,chrome 43.0 for android,
SM-N910T Build/LMY47X|UNK|chrome generic|UNK,SM-N910T Build/LMY47X,,chrome generic,
ALP-L09 Build/HUAWEIALP-L09|UNK|chrome 62.0 for android|UNK,ALP-L09 Build/HUAWEIALP-L09,,chrome 62.0 for android,
MYA-L03 Build/HUAWEIMYA-L03|UNK|chrome generic for android|UNK,MYA-L03 Build/HUAWEIMYA-L03,,chrome generic for android,
SM-S727VL Build/MMB29M|Android 6.0.1|chrome 65.0 for android|1280x720,SM-S727VL Build/MMB29M,Android 6.0.1,chrome 65.0 for android,1280x720
iOS Device|iOS 10.3.3|chrome 65.0 for ios|2048x1536,iOS Device,iOS 10.3.3,chrome 65.0 for ios,2048x1536
T08|Android 6.0|chrome 65.0 for android|1280x720,T08,Android 6.0,chrome 65.0 for android,1280x720
SGH-I747M|UNK|chrome generic|UNK,SGH-I747M,,chrome generic,
MacOS|Mac OS X 10_12_2|chrome 65.0|1920x1080,MacOS,Mac OS X 10_12_2,chrome 65.0,1920x1080
Redmi 4A Build/MMB29M|UNK|chrome generic for android|UNK,Redmi 4A Build/MMB29M,,chrome generic for android,
SM-J700T1|UNK|chrome 65.0 for android|UNK,SM-J700T1,,chrome 65.0 for android,
VS988 Build/NRD90U|Android 7.0|chrome generic for android|2672x1440,VS988 Build/NRD90U,Android 7.0,chrome generic for android,2672x1440
SM-A500M Build/LRX22G|UNK|chrome 65.0 for android|UNK,SM-A500M Build/LRX22G,,chrome 65.0 for android,
iOS Device|iOS 11.2.5|chrome|2048x1536,iOS Device,iOS 11.2.5,chrome,2048x1536
Windows|Windows 10|edge 16.0|2736x1823,Windows,Windows 10,edge 16.0,2736x1823
UNK|Android|chrome 65.0|1281x721,,Android,chrome 65.0,1281x721
SAMSUNG SM-G9650 Build/R16NW|UNK|samsung browser 7.0|UNK,SAMSUNG SM-G9650 Build/R16NW,,samsung browser 7.0,
SM-G900F Build/MMB29M|UNK|chrome generic for android|UNK,SM-G900F Build/MMB29M,,chrome generic for android,
TA-1028 Build/NRD90M|UNK|chrome 65.0 for android|UNK,TA-1028 Build/NRD90M,,chrome 65.0 for android,
rv:11.0|Windows 7|ie 11.0 for desktop|1599x899,rv:11.0,Windows 7,ie 11.0 for desktop,1599x899
MacOS|Mac OS X 10_13_4|chrome 65.0|1366x768,MacOS,Mac OS X 10_13_4,chrome 65.0,1366x768
Moto C Build/NRD90M.063|UNK|chrome generic for android|UNK,Moto C Build/NRD90M.063,,chrome generic for android,
SM-P600 Build/LMY47X|UNK|chrome 64.0 for android|UNK,SM-P600 Build/LMY47X,,chrome 64.0 for android,
BV8000Pro|UNK|chrome 65.0 for android|UNK,BV8000Pro,,chrome 65.0 for android,
LG-H872 Build/NRD90U|UNK|chrome 65.0 for android|UNK,LG-H872 Build/NRD90U,,chrome 65.0 for android,
M4 SS4457 Build/MRA58K|UNK|chrome 65.0 for android|UNK,M4 SS4457 Build/MRA58K,,chrome 65.0 for android,
Windows|Windows 10|firefox 59.0|3840x2160,Windows,Windows 10,firefox 59.0,3840x2160
MacOS|Mac OS X 10_13_1|chrome 65.0|1366x768,MacOS,Mac OS X 10_13_1,chrome 65.0,1366x768
MacOS|Mac OS X 10_12_6|chrome 65.0|2560x1440,MacOS,Mac OS X 10_12_6,chrome 65.0,2560x1440
Trident/7.0|Windows 10|ie 11.0 for tablet|1366x767,Trident/7.0,Windows 10,ie 11.0 for tablet,1366x767
iris 870 Build/MRA58K|UNK|chrome 65.0 for android|UNK,iris 870 Build/MRA58K,,chrome 65.0 for android,
SM-G950U Build/R16NW|Android 8.0.0|chrome generic for android|2220x1080,SM-G950U Build/R16NW,Android 8.0.0,chrome generic for android,2220x1080
SM-P607T|Android 5.1.1|chrome 54.0 for android|2560x1600,SM-P607T,Android 5.1.1,chrome 54.0 for android,2560x1600
MacOS|Mac|chrome 64.0|2560x1600,MacOS,Mac,chrome 64.0,2560x1600
LGLS992|Android 7.0|chrome 65.0 for android|2560x1440,LGLS992,Android 7.0,chrome 65.0 for android,2560x1440
MacOS|Mac OS X 10_12_6|chrome 65.0|1680x1050,MacOS,Mac OS X 10_12_6,chrome 65.0,1680x1050
Hisense F102 Build/NRD90M|UNK|chrome 54.0 for android|UNK,Hisense F102 Build/NRD90M,,chrome 54.0 for android,
SM-G930R4 Build/NRD90M|UNK|chrome 65.0 for android|UNK,SM-G930R4 Build/NRD90M,,chrome 65.0 for android,
XT1650|UNK|chrome generic for android|UNK,XT1650,,chrome generic for android,
Linux x86_64|Linux|chrome 65.0|1600x900,Linux x86_64,Linux,chrome 65.0,1600x900
ASUS_Z01BDC|UNK|chrome 65.0 for android|UNK,ASUS_Z01BDC,,chrome 65.0 for android,
Windows|Windows 10|edge 16.0|1365x767,Windows,Windows 10,edge 16.0,1365x767
SM-T810|UNK|chrome 65.0 for android|UNK,SM-T810,,chrome 65.0 for android,
MacOS|Mac OS X 10_13_4|chrome 62.0|2560x1440,MacOS,Mac OS X 10_13_4,chrome 62.0,2560x1440
Trident/7.0|Windows 7|ie 11.0 for desktop|1279x1023,Trident/7.0,Windows 7,ie 11.0 for desktop,1279x1023
rv:60.0|Mac OS X 10.13|firefox generic|3360x2100,rv:60.0,Mac OS X 10.13,firefox generic,3360x2100
MacOS|Mac OS X 10_10_5|chrome generic|1280x800,MacOS,Mac OS X 10_10_5,chrome generic,1280x800
Trident/7.0|Windows 7|ie 11.0 for desktop|1364x768,Trident/7.0,Windows 7,ie 11.0 for desktop,1364x768
rv:59.0|Mac OS X 10.13|firefox 59.0|3360x2100,rv:59.0,Mac OS X 10.13,firefox 59.0,3360x2100
Windows|Windows 10|chrome generic|1600x1200,Windows,Windows 10,chrome generic,1600x1200
LGL164VL Build/NRD90U|Android 7.0|chrome generic for android|1280x720,LGL164VL Build/NRD90U,Android 7.0,chrome generic for android,1280x720
Pixel 2 XL Build/OPM2.171019.029|Android 8.1.0|chrome generic for android|2880x1442,Pixel 2 XL Build/OPM2.171019.029,Android 8.1.0,chrome generic for android,2880x1442
Windows|Windows 7|ie 11.0 for desktop|1600x1200,Windows,Windows 7,ie 11.0 for desktop,1600x1200
MacOS|Mac|chrome generic|2880x1800,MacOS,Mac,chrome generic,2880x1800
Android 4.4.2|UNK|android|UNK,Android 4.4.2,,android,
Windows|Windows 10|chrome 65.0|1600x1200,Windows,Windows 10,chrome 65.0,1600x1200
GT-P5210 Build/JDQ39|UNK|chrome 52.0 for android|UNK,GT-P5210 Build/JDQ39,,chrome 52.0 for android,
MacOS|Mac OS X 10_10_5|chrome 65.0|1366x768,MacOS,Mac OS X 10_10_5,chrome 65.0,1366x768
Windows|Windows 7|chrome generic|2560x1440,Windows,Windows 7,chrome generic,2560x1440
moto x4 Build/OPW27.57-40|UNK|chrome generic for android|UNK,moto x4 Build/OPW27.57-40,,chrome generic for android,
iOS Device|iOS 11.3.0|chrome|2048x1536,iOS Device,iOS 11.3.0,chrome,2048x1536
SAMSUNG-SM-N910A|Android 5.1.1|chrome generic|2560x1440,SAMSUNG-SM-N910A,Android 5.1.1,chrome generic,2560x1440
E5306|UNK|chrome 65.0 for android|UNK,E5306,,chrome 65.0 for android,
SAMSUNG-SM-J320AZ Build/MMB29K|Android 6.0.1|chrome 59.0 for android|1280x720,SAMSUNG-SM-J320AZ Build/MMB29K,Android 6.0.1,chrome 59.0 for android,1280x720
MacOS|Mac OS X 10_13_5|safari generic|2560x1440,MacOS,Mac OS X 10_13_5,safari generic,2560x1440
MacOS|Mac OS X 10_12_3|chrome generic|1680x1050,MacOS,Mac OS X 10_12_3,chrome generic,1680x1050
Moto G (5) Plus Build/NPNS25.137-93-8|Android 7.0|chrome generic|1920x1081,Moto G (5) Plus Build/NPNS25.137-93-8,Android 7.0,chrome generic,1920x1081
Ilium X520 Build/NRD90M|UNK|Lanix/Ilium|UNK,Ilium X520 Build/NRD90M,,Lanix/Ilium,
Windows|Windows 10|edge 16.0|2735x1823,Windows,Windows 10,edge 16.0,2735x1823
G3123 Build/40.0.A.6.175|UNK|chrome generic for android|UNK,G3123 Build/40.0.A.6.175,,chrome generic for android,
SM-G615F|UNK|android webview 4.0|UNK,SM-G615F,,android webview 4.0,
ASUS_X018D|UNK|chrome generic for android|UNK,ASUS_X018D,,chrome generic for android,
Windows|Windows 8.1|UNK|1440x900,Windows,Windows 8.1,,1440x900
Trident/7.0|Windows 7|ie 11.0 for desktop|2559x1439,Trident/7.0,Windows 7,ie 11.0 for desktop,2559x1439
SM-G920V Build/NRD90M|UNK|chrome generic for android|UNK,SM-G920V Build/NRD90M,,chrome generic for android,
Windows|Windows 10|chrome generic|1920x1200,Windows,Windows 10,chrome generic,1920x1200
SAMSUNG SM-G925F Build/NRD90M|UNK|samsung browser 6.4|UNK,SAMSUNG SM-G925F Build/NRD90M,,samsung browser 6.4,
SM-G903F Build/MMB29K|UNK|chrome generic for android|UNK,SM-G903F Build/MMB29K,,chrome generic for android,
5056N|Android 6.0.1|chrome generic for android|1280x720,5056N,Android 6.0.1,chrome generic for android,1280x720
Windows|Windows 10|chrome generic|1024x768,Windows,Windows 10,chrome generic,1024x768
LG-H933|UNK|chrome generic for android|UNK,LG-H933,,chrome generic for android,
Moto C Build/NRD90M.070|UNK|chrome 58.0 for android|UNK,Moto C Build/NRD90M.070,,chrome 58.0 for android,
MTT|UNK|chrome generic for android|UNK,MTT,,chrome generic for android,
MacOS|Mac OS X 10_13_4|chrome 65.0|1280x1024,MacOS,Mac OS X 10_13_4,chrome 65.0,1280x1024
Windows|Windows 10|chrome generic|2736x1824,Windows,Windows 10,chrome generic,2736x1824
SAMSUNG SM-G965U Build/R16NW|Android 8.0.0|other|2220x1081,SAMSUNG SM-G965U Build/R16NW,Android 8.0.0,other,2220x1081
Ilium L610 Build/MRA58K|UNK|chrome generic for android|UNK,Ilium L610 Build/MRA58K,,chrome generic for android,
HUAWEI VNS-L31 Build/HUAWEIVNS-L31|UNK|chrome generic for android|UNK,HUAWEI VNS-L31 Build/HUAWEIVNS-L31,,chrome generic for android,
Moto G Play Build/NPI26.48-36|UNK|chrome 65.0 for android|UNK,Moto G Play Build/NPI26.48-36,,chrome 65.0 for android,
P5026A|UNK|chrome generic for android|UNK,P5026A,,chrome generic for android,
SM-N950U Build/R16NW|Android 8.0.0|chrome generic for android|2220x1081,SM-N950U Build/R16NW,Android 8.0.0,chrome generic for android,2220x1081
F5122|UNK|chrome generic for android|UNK,F5122,,chrome generic for android,
SM-A320Y Build/NRD90M|UNK|chrome generic for android|UNK,SM-A320Y Build/NRD90M,,chrome generic for android,
Blade A510 Build/MRA58K|UNK|chrome generic for android|UNK,Blade A510 Build/MRA58K,,chrome generic for android,
Trident/7.0|Windows 10|ie 11.0 for tablet|2735x1825,Trident/7.0,Windows 10,ie 11.0 for tablet,2735x1825
Trident/7.0|Windows 10|ie 11.0 for tablet|1599x900,Trident/7.0,Windows 10,ie 11.0 for tablet,1599x900
ZTE BLADE A6 Build/NMF26F|UNK|chrome generic for android|UNK,ZTE BLADE A6 Build/NMF26F,,chrome generic for android,
MacOS|Mac OS X 10_11_3|chrome 62.0|1366x768,MacOS,Mac OS X 10_11_3,chrome 62.0,1366x768
SM-G960U Build/R16NW|Android 8.0.0|chrome generic for android|2220x1080,SM-G960U Build/R16NW,Android 8.0.0,chrome generic for android,2220x1080
Windows|Windows 7|chrome 65.0|2400x1500,Windows,Windows 7,chrome 65.0,2400x1500
Pixel 2 XL Build/OPM2.171019.029|Android 8.1.0|chrome generic for android|2882x1442,Pixel 2 XL Build/OPM2.171019.029,Android 8.1.0,chrome generic for android,2882x1442
Windows|Windows 10|chrome generic|1729x973,Windows,Windows 10,chrome generic,1729x973
MacOS|Mac OS X 10_11_3|chrome 65.0|1920x1080,MacOS,Mac OS X 10_11_3,chrome 65.0,1920x1080
UNK|UNK|firefox 48.0|UNK,,,firefox 48.0,
Trident/7.0|Windows 10|ie 11.0 for desktop|1680x1049,Trident/7.0,Windows 10,ie 11.0 for desktop,1680x1049
HTC Desire 626s Build/LMY47O|UNK|chrome 65.0 for android|UNK,HTC Desire 626s Build/LMY47O,,chrome 65.0 for android,
SM-G955U Build/R16NW|Android 8.0.0|chrome generic for android|2220x1081,SM-G955U Build/R16NW,Android 8.0.0,chrome generic for android,2220x1081
Windows|Windows 10|chrome generic|1727x971,Windows,Windows 10,chrome generic,1727x971
SM-J327T1 Build/NRD90M|Android 7.0|chrome generic for android|1280x720,SM-J327T1 Build/NRD90M,Android 7.0,chrome generic for android,1280x720
SAMSUNG SM-G965F Build/R16NW|UNK|samsung browser 7.0|UNK,SAMSUNG SM-G965F Build/R16NW,,samsung browser 7.0,
Nexus|UNK|chrome 51.0 for android|UNK,Nexus,,chrome 51.0 for android,
SM-T560NU Build/NMF26X|Android 7.1.1|chrome generic for android|1280x800,SM-T560NU Build/NMF26X,Android 7.1.1,chrome generic for android,1280x800
Techpad|UNK|chrome generic for android|UNK,Techpad,,chrome generic for android,
Fusion5_u7|UNK|chrome generic for android|UNK,Fusion5_u7,,chrome generic for android,
MotoG3 Build/MPIS24.107-55-2-17|UNK|chrome generic for android|UNK,MotoG3 Build/MPIS24.107-55-2-17,,chrome generic for android,
SM-J110M Build/LMY48B|UNK|chrome 61.0 for android|UNK,SM-J110M Build/LMY48B,,chrome 61.0 for android,
SM-T800 Build/MMB29K|UNK|chrome 50.0 for android|UNK,SM-T800 Build/MMB29K,,chrome 50.0 for android,
VS425|Android 6.0.1|chrome generic for android|855x480,VS425,Android 6.0.1,chrome generic for android,855x480
SM-J120H Build/LMY47V|UNK|chrome 53.0 for android|UNK,SM-J120H Build/LMY47V,,chrome 53.0 for android,
SM-T825 Build/NRD90M|UNK|chrome generic for android|UNK,SM-T825 Build/NRD90M,,chrome generic for android,
R2|UNK|chrome 65.0 for android|UNK,R2,,chrome 65.0 for android,
Lenovo|UNK|chrome generic|UNK,Lenovo,,chrome generic,
G3313 Build/43.0.A.7.25|UNK|chrome generic for android|UNK,G3313 Build/43.0.A.7.25,,chrome generic for android,
G3223 Build/42.0.A.4.167|UNK|chrome generic for android|UNK,G3223 Build/42.0.A.4.167,,chrome generic for android,
UNK|Linux|chrome generic|2220x1081,,Linux,chrome generic,2220x1081
MacOS|Mac OS X 10_13_4|safari generic|1366x768,MacOS,Mac OS X 10_13_4,safari generic,1366x768
MacOS|Mac OS X 10_13_1|chrome 65.0|1920x1080,MacOS,Mac OS X 10_13_1,chrome 65.0,1920x1080
SM-G935P Build/NRD90M|Android 7.0|chrome generic for android|1920x1080,SM-G935P Build/NRD90M,Android 7.0,chrome generic for android,1920x1080
Redmi 4A Build/N2G47H|UNK|chrome 65.0 for android|UNK,Redmi 4A Build/N2G47H,,chrome 65.0 for android,
Windows|Windows 10|edge 14.0|1280x600,Windows,Windows 10,edge 14.0,1280x600
SAMSUNG SM-N950U Build/R16NW|Android 8.0.0|samsung browser 7.0|2961x1442,SAMSUNG SM-N950U Build/R16NW,Android 8.0.0,samsung browser 7.0,2961x1442
Lenovo TB3-710I Build/LMY47I|UNK|chrome generic|UNK,Lenovo TB3-710I Build/LMY47I,,chrome generic,
SAMSUNG-SM-G935A Build/NRD90M|Android 7.0|chrome generic for android|1920x1080,SAMSUNG-SM-G935A Build/NRD90M,Android 7.0,chrome generic for android,1920x1080
HTC Desire 530 Build/MMB29M|UNK|chrome generic for android|UNK,HTC Desire 530 Build/MMB29M,,chrome generic for android,
SM-G955W|UNK|chrome generic for android|UNK,SM-G955W,,chrome generic for android,
rv:11.0|Windows 7|ie 11.0 for desktop|1023x767,rv:11.0,Windows 7,ie 11.0 for desktop,1023x767
SM-G920V Build/MMB29K|Android 6.0.1|chrome generic for android|2560x1440,SM-G920V Build/MMB29K,Android 6.0.1,chrome generic for android,2560x1440
Windows|Windows 10|edge 16.0|1918x1080,Windows,Windows 10,edge 16.0,1918x1080
SM-N920G Build/NRD90M|UNK|chrome generic for android|UNK,SM-N920G Build/NRD90M,,chrome generic for android,
rv:59.0|Mac OS X 10.12|firefox 59.0|4096x2304,rv:59.0,Mac OS X 10.12,firefox 59.0,4096x2304
Hisense F20 Build/MMB29M|UNK|chrome generic for android|UNK,Hisense F20 Build/MMB29M,,chrome generic for android,
PULP 4G Build/LMY47V|UNK|chrome generic|UNK,PULP 4G Build/LMY47V,,chrome generic,
SM-G900M Build/KOT49H|UNK|chrome|UNK,SM-G900M Build/KOT49H,,chrome,
MacOS|Mac OS X 10_13_4|safari generic|1920x1200,MacOS,Mac OS X 10_13_4,safari generic,1920x1200
Pixel|Android 8.1.0|chrome 63.0 for android|2562x1442,Pixel,Android 8.1.0,chrome 63.0 for android,2562x1442
iOS Device|iOS 11.3.0|chrome|2224x1668,iOS Device,iOS 11.3.0,chrome,2224x1668
UNK|Android 8.0.0|android webview 4.0|2220x1080,,Android 8.0.0,android webview 4.0,2220x1080
SM-G920T Build/NRD90M|Android 7.0|chrome generic for android|2560x1440,SM-G920T Build/NRD90M,Android 7.0,chrome generic for android,2560x1440
Trident/7.0|Windows 8.1|ie 11.0 for desktop|1365x768,Trident/7.0,Windows 8.1,ie 11.0 for desktop,1365x768
Windows|Windows 7|opera generic|1680x1050,Windows,Windows 7,opera generic,1680x1050
SM-J727T1 Build/NRD90M|Android 7.0|chrome generic for android|1280x720,SM-J727T1 Build/NRD90M,Android 7.0,chrome generic for android,1280x720
X78|UNK|chrome generic|UNK,X78,,chrome generic,
GT-I8190L Build/JZO54K|UNK|chrome generic|UNK,GT-I8190L Build/JZO54K,,chrome generic,
rv:11.0|Windows 7|ie 11.0 for desktop|1366x767,rv:11.0,Windows 7,ie 11.0 for desktop,1366x767
Pixel Build/OPM2.171019.029|Android 8.1.0|chrome 64.0 for android|1921x1081,Pixel Build/OPM2.171019.029,Android 8.1.0,chrome 64.0 for android,1921x1081
iOS Device|iOS 11.4.0|mobile safari generic|2208x1242,iOS Device,iOS 11.4.0,mobile safari generic,2208x1242
Mi A1 Build/N2G47H|UNK|chrome generic for android|UNK,Mi A1 Build/N2G47H,,chrome generic for android,
SM-G900F Build/KOT49H|UNK|chrome 63.0 for android|UNK,SM-G900F Build/KOT49H,,chrome 63.0 for android,
SM-A710M Build/LMY47X|UNK|chrome generic|UNK,SM-A710M Build/LMY47X,,chrome generic,
rv:56.0|Android 6.0.1|firefox|1200x720,rv:56.0,Android 6.0.1,firefox,1200x720
Pixel Build/OPM2.171019.029|Android 8.1.0|chrome generic for android|1921x1081,Pixel Build/OPM2.171019.029,Android 8.1.0,chrome generic for android,1921x1081
ASUS_X00HD Build/NMF26F|UNK|chrome generic for android|UNK,ASUS_X00HD Build/NMF26F,,chrome generic for android,
Windows|Windows 10|chrome generic|960x640,Windows,Windows 10,chrome generic,960x640
AX821 Build/MRA58K|UNK|chrome generic for android|UNK,AX821 Build/MRA58K,,chrome generic for android,
REVVLPLUS|Android 7.1.1|chrome generic for android|1920x1080,REVVLPLUS,Android 7.1.1,chrome generic for android,1920x1080
MacOS|Mac OS X 10_11_4|chrome 65.0|1280x800,MacOS,Mac OS X 10_11_4,chrome 65.0,1280x800
LG-K500 Build/MMB29M|UNK|chrome 54.0 for android|UNK,LG-K500 Build/MMB29M,,chrome 54.0 for android,
SM-A530F Build/NMF26X|UNK|chrome generic for android|UNK,SM-A530F Build/NMF26X,,chrome generic for android,
Trident/7.0|Windows 7|ie 11.0 for desktop|1439x900,Trident/7.0,Windows 7,ie 11.0 for desktop,1439x900
Build/OPR6.170623.013|Android 8.0.0|UNK|1920x1080,Build/OPR6.170623.013,Android 8.0.0,,1920x1080
LG-D855 Build/LRX21R|UNK|chrome 60.0 for android|UNK,LG-D855 Build/LRX21R,,chrome 60.0 for android,
Ilium X710 Build/MRA58K|UNK|chrome 61.0 for android|UNK,Ilium X710 Build/MRA58K,,chrome 61.0 for android,
rv:47.0|Mac OS X 10.6|firefox 47.0|1920x1200,rv:47.0,Mac OS X 10.6,firefox 47.0,1920x1200
ALCATEL|UNK|chrome generic|UNK,ALCATEL,,chrome generic,
SM-G950F Build/R16NW|UNK|chrome generic for android|UNK,SM-G950F Build/R16NW,,chrome generic for android,
SM-A520W Build/NRD90M|UNK|chrome generic for android|UNK,SM-A520W Build/NRD90M,,chrome generic for android,
SM-G9600 Build/R16NW|UNK|chrome generic for android|UNK,SM-G9600 Build/R16NW,,chrome generic for android,
Windows|Windows 10|edge 16.0|4499x2999,Windows,Windows 10,edge 16.0,4499x2999
Redmi Note 4 Build/NRD90M|UNK|chrome generic for android|UNK,Redmi Note 4 Build/NRD90M,,chrome generic for android,
UNK|Linux|chrome generic|2220x1080,,Linux,chrome generic,2220x1080
MacOS|Mac OS X 10_13_4|chrome 65.0|3200x1800,MacOS,Mac OS X 10_13_4,chrome 65.0,3200x1800
LenovoA3300-GV Build/JDQ39|UNK|chrome generic|UNK,LenovoA3300-GV Build/JDQ39,,chrome generic,
Windows|Windows 10|firefox 59.0|2160x1440,Windows,Windows 10,firefox 59.0,2160x1440
Moto G Play Build/NPIS26.48-36-5|UNK|chrome 58.0 for android|UNK,Moto G Play Build/NPIS26.48-36-5,,chrome 58.0 for android,
SAMSUNG-SM-J327A Build/NRD90M|Android 7.0|chrome generic for android|1280x720,SAMSUNG-SM-J327A Build/NRD90M,Android 7.0,chrome generic for android,1280x720
rv:59.0|Mac OS X 10.9|firefox 59.0|1920x1080,rv:59.0,Mac OS X 10.9,firefox 59.0,1920x1080
Windows|Windows 10|edge 16.0|2560x1600,Windows,Windows 10,edge 16.0,2560x1600
MacOS|Mac OS X 10_13_4|safari generic|1280x720,MacOS,Mac OS X 10_13_4,safari generic,1280x720
Aquaris X Build/NMF26F|UNK|chrome generic for android|UNK,Aquaris X Build/NMF26F,,chrome generic for android,
rv:59.0|Mac OS X 10.11|firefox 59.0|2560x1440,rv:59.0,Mac OS X 10.11,firefox 59.0,2560x1440
Moto Z2 Play Build/NPSS26.118-19-11|UNK|chrome generic for android|UNK,Moto Z2 Play Build/NPSS26.118-19-11,,chrome generic for android,
SM-J327P Build/MMB29M|Android 6.0.1|chrome generic for android|1280x720,SM-J327P Build/MMB29M,Android 6.0.1,chrome generic for android,1280x720
Windows|Windows 8.1|chrome 65.0|1920x1200,Windows,Windows 8.1,chrome 65.0,1920x1200
SM-J700F|UNK|chrome generic for android|UNK,SM-J700F,,chrome generic for android,
BLADE V7 Build/MRA58K|UNK|chrome generic for android|UNK,BLADE V7 Build/MRA58K,,chrome generic for android,
LG-X180g Build/LMY47I|UNK|chrome 53.0 for android|UNK,LG-X180g Build/LMY47I,,chrome 53.0 for android,
SAMSUNG-SM-G891A Build/NRD90M|Android 7.0|chrome generic for android|1920x1080,SAMSUNG-SM-G891A Build/NRD90M,Android 7.0,chrome generic for android,1920x1080
rv:59.0|Mac OS X 10.13|firefox 59.0|1024x768,rv:59.0,Mac OS X 10.13,firefox 59.0,1024x768
LG-V410/V41020c|Android 5.0.2|chrome generic|1280x740,LG-V410/V41020c,Android 5.0.2,chrome generic,1280x740
BLADE V8Q Build/N2G47H|UNK|chrome generic for android|UNK,BLADE V8Q Build/N2G47H,,chrome generic for android,
Trident/7.0|Windows 7|ie 11.0 for desktop|1679x1049,Trident/7.0,Windows 7,ie 11.0 for desktop,1679x1049
5051A Build/MMB29M|UNK|chrome 58.0 for android|UNK,5051A Build/MMB29M,,chrome 58.0 for android,
LG-M710 Build/NRD90U|UNK|chrome generic for android|UNK,LG-M710 Build/NRD90U,,chrome generic for android,
Windows|Windows 10|firefox 59.0|1920x1200,Windows,Windows 10,firefox 59.0,1920x1200
XT1003|UNK|chrome generic|UNK,XT1003,,chrome generic,
iOS Device|iOS 11.3.0|mobile safari uiwebview|1136x640,iOS Device,iOS 11.3.0,mobile safari uiwebview,1136x640
HUAWEI CUN-L03 Build/HUAWEICUN-L03|UNK|chrome generic|UNK,HUAWEI CUN-L03 Build/HUAWEICUN-L03,,chrome generic,
Windows|Windows 10|edge 14.0|1919x1079,Windows,Windows 10,edge 14.0,1919x1079
Windows|Windows 7|chrome|1024x768,Windows,Windows 7,chrome,1024x768
D5503|UNK|chrome generic|UNK,D5503,,chrome generic,
SM-G925I Build/MMB29K|Android 6.0.1|chrome 65.0 for android|2560x1440,SM-G925I Build/MMB29K,Android 6.0.1,chrome 65.0 for android,2560x1440
XT1585 Build/NCK25.118-10.5|Android 7.0|chrome generic for android|2560x1440,XT1585 Build/NCK25.118-10.5,Android 7.0,chrome generic for android,2560x1440
SM-T350 Build/NMF26X|Android 7.1.1|chrome generic for android|1024x768,SM-T350 Build/NMF26X,Android 7.1.1,chrome generic for android,1024x768
ILIUM|UNK|chrome 57.0 for android|UNK,ILIUM,,chrome 57.0 for android,
EVA-L09 Build/HUAWEIEVA-L09|UNK|chrome generic for android|UNK,EVA-L09 Build/HUAWEIEVA-L09,,chrome generic for android,
moto x4 Build/OPWS27.57-40-14|UNK|chrome generic for android|UNK,moto x4 Build/OPWS27.57-40-14,,chrome generic for android,
Windows|Windows 7|chrome 65.0|1344x840,Windows,Windows 7,chrome 65.0,1344x840
MacOS|Mac OS X 10_9_5|chrome 56.0|2880x1800,MacOS,Mac OS X 10_9_5,chrome 56.0,2880x1800
UNK|Linux|chrome 65.0|2880x1620,,Linux,chrome 65.0,2880x1620
Ilium L910 Build/MRA58K|UNK|chrome generic for android|UNK,Ilium L910 Build/MRA58K,,chrome generic for android,
XT1225|UNK|chrome generic for android|UNK,XT1225,,chrome generic for android,
Build/OPM1.171019.011|UNK|chrome generic for android|UNK,Build/OPM1.171019.011,,chrome generic for android,
SM-A310F Build/MMB29K|UNK|chrome 65.0 for android|UNK,SM-A310F Build/MMB29K,,chrome 65.0 for android,
DOMOS|UNK|chrome 65.0 for android|UNK,DOMOS,,chrome 65.0 for android,
ZTE BLADE V8 MINI Build/NRD90M|UNK|chrome 56.0 for android|UNK,ZTE BLADE V8 MINI Build/NRD90M,,chrome 56.0 for android,
SM-N950U Build/R16NW|UNK|chrome generic for android|UNK,SM-N950U Build/R16NW,,chrome generic for android,
MacOS|Mac OS X 10_13_4|chrome generic|1920x1080,MacOS,Mac OS X 10_13_4,chrome generic,1920x1080
UNK|Android|chrome|1920x1080,,Android,chrome,1920x1080
BLADE A602 Build/MRA58K|UNK|chrome generic for android|UNK,BLADE A602 Build/MRA58K,,chrome generic for android,
Android 4.4.2|UNK|other|UNK,Android 4.4.2,,other,
LGLS676 Build/MXB48T|Android 6.0.1|chrome generic for android|1280x720,LGLS676 Build/MXB48T,Android 6.0.1,chrome generic for android,1280x720
SM-J500M Build/LMY48B|UNK|chrome 43.0 for android|UNK,SM-J500M Build/LMY48B,,chrome 43.0 for android,
SM-G935F Build/NRD90M|UNK|opera|UNK,SM-G935F Build/NRD90M,,opera,
BLN-L21 Build/HONORBLN-L21|UNK|chrome generic for android|UNK,BLN-L21 Build/HONORBLN-L21,,chrome generic for android,
Windows|Windows 10|edge 16.0|2999x2000,Windows,Windows 10,edge 16.0,2999x2000
SM-G950U Build/R16NW|Android 8.0.0|chrome generic for android|1480x720,SM-G950U Build/R16NW,Android 8.0.0,chrome generic for android,1480x720
SM-G955F Build/R16NW|UNK|other|UNK,SM-G955F Build/R16NW,,other,
GT-I9505 Build/LRX22C|UNK|opera|UNK,GT-I9505 Build/LRX22C,,opera,
TA-1028 Build/NMF26O|UNK|chrome generic for android|UNK,TA-1028 Build/NMF26O,,chrome generic for android,
iOS Device|iOS 11.4.0|mobile safari generic|1136x640,iOS Device,iOS 11.4.0,mobile safari generic,1136x640
SAMSUNG SM-J500FN Build/MMB29M|UNK|samsung browser 6.4|UNK,SAMSUNG SM-J500FN Build/MMB29M,,samsung browser 6.4,
Windows|other|opera|1280x720,Windows,other,opera,1280x720
Windows|other|chrome 61.0|1280x720,Windows,other,chrome 61.0,1280x720
Moto G (5) Build/NPPS25.137-93-8|UNK|chrome generic|UNK,Moto G (5) Build/NPPS25.137-93-8,,chrome generic,
UNK|Android|chrome 58.0|801x480,,Android,chrome 58.0,801x480
SM-T810 Build/NRD90M|UNK|chrome generic for android|UNK,SM-T810 Build/NRD90M,,chrome generic for android,
SM-G935F Build/MMB29K|UNK|chrome generic for android|UNK,SM-G935F Build/MMB29K,,chrome generic for android,
E5506 Build/29.2.A.0.166|UNK|chrome 56.0 for android|UNK,E5506 Build/29.2.A.0.166,,chrome 56.0 for android,
SM-G9650 Build/R16NW|UNK|chrome generic for android|UNK,SM-G9650 Build/R16NW,,chrome generic for android,
XT1040|UNK|chrome 63.0 for android|UNK,XT1040,,chrome 63.0 for android,
rv:48.0|Mac|firefox 48.0|1680x1050,rv:48.0,Mac,firefox 48.0,1680x1050
MYA-L03 Build/HUAWEIMYA-L03|UNK|chrome 52.0 for android|UNK,MYA-L03 Build/HUAWEIMYA-L03,,chrome 52.0 for android,
MacOS|Mac OS X 10_13_4|chrome generic|1440x900,MacOS,Mac OS X 10_13_4,chrome generic,1440x900
iOS Device|iOS 11.3.1|mobile safari generic|2048x1536,iOS Device,iOS 11.3.1,mobile safari generic,2048x1536
SM-N920V Build/NRD90M|Android 7.0|chrome 61.0 for android|2562x1442,SM-N920V Build/NRD90M,Android 7.0,chrome 61.0 for android,2562x1442
SAMSUNG|Android 6.0.1|samsung browser 6.4|1024x768,SAMSUNG,Android 6.0.1,samsung browser 6.4,1024x768
MacOS|Mac OS X 10_11_6|chrome 65.0|3360x2100,MacOS,Mac OS X 10_11_6,chrome 65.0,3360x2100
SM-A520F Build/MMB29K|UNK|chrome generic for android|UNK,SM-A520F Build/MMB29K,,chrome generic for android,
Windows|Windows 10|chrome generic|2048x1152,Windows,Windows 10,chrome generic,2048x1152
SAMSUNG SM-J500M Build/MMB29M|UNK|samsung browser 6.4|UNK,SAMSUNG SM-J500M Build/MMB29M,,samsung browser 6.4,
LG-D855|UNK|chrome generic|UNK,LG-D855,,chrome generic,
Lenovo A2016b30 Build/MRA58K|UNK|chrome 56.0 for android|UNK,Lenovo A2016b30 Build/MRA58K,,chrome 56.0 for android,
SM-N920T Build/NRD90M|UNK|chrome generic for android|UNK,SM-N920T Build/NRD90M,,chrome generic for android,
Windows|Windows 7|chrome generic|1600x1200,Windows,Windows 7,chrome generic,1600x1200
RNE-L21 Build/HUAWEIRNE-L21|UNK|chrome generic for android|UNK,RNE-L21 Build/HUAWEIRNE-L21,,chrome generic for android,
LG-K371|UNK|chrome 65.0 for android|UNK,LG-K371,,chrome 65.0 for android,
Lenovo TB3-710F Build/LRX21M|UNK|chrome generic|UNK,Lenovo TB3-710F Build/LRX21M,,chrome generic,
SM-J700M Build/LMY48B|UNK|chrome 53.0 for android|UNK,SM-J700M Build/LMY48B,,chrome 53.0 for android,
MacOS|Mac OS X 10_11_6|chrome generic|1680x1050,MacOS,Mac OS X 10_11_6,chrome generic,1680x1050
Windows|Windows 10|chrome 65.0|3441x1440,Windows,Windows 10,chrome 65.0,3441x1440
RCT6203W46 Build/KOT49H|Android 4.4.2|other|1024x552,RCT6203W46 Build/KOT49H,Android 4.4.2,other,1024x552
P008 Build/NRD90M|Android 7.0|chrome generic for android|2049x1536,P008 Build/NRD90M,Android 7.0,chrome generic for android,2049x1536
Trident/7.0|Windows 10|ie 11.0 for desktop|1919x1200,Trident/7.0,Windows 10,ie 11.0 for desktop,1919x1200
Hisense U963 Build/MRA58K|UNK|chrome generic for android|UNK,Hisense U963 Build/MRA58K,,chrome generic for android,
MacOS|Mac OS X 10_12_2|chrome 65.0|1440x900,MacOS,Mac OS X 10_12_2,chrome 65.0,1440x900
Windows|Windows 10|firefox 59.0|1440x900,Windows,Windows 10,firefox 59.0,1440x900
rv:59.0|Windows 10|firefox|1680x1050,rv:59.0,Windows 10,firefox,1680x1050
MacOS|Mac OS X 10_13_4|chrome generic|1920x1200,MacOS,Mac OS X 10_13_4,chrome generic,1920x1200
UL40|Android 7.1.1|chrome generic for android|801x480,UL40,Android 7.1.1,chrome generic for android,801x480
SM-N950U Build/R16NW|Android 8.0.0|chrome 63.0 for android|2220x1081,SM-N950U Build/R16NW,Android 8.0.0,chrome 63.0 for android,2220x1081
SAMSUNG SM-G890A Build/NRD90M|Android 7.0|samsung browser 6.4|2560x1440,SAMSUNG SM-G890A Build/NRD90M,Android 7.0,samsung browser 6.4,2560x1440
vivo|UNK|android webview 4.0|UNK,vivo,,android webview 4.0,
MacOS|Mac OS X 10_10_5|chrome generic|1440x900,MacOS,Mac OS X 10_10_5,chrome generic,1440x900
SGH-M919V|UNK|chrome generic|UNK,SGH-M919V,,chrome generic,
LGMS631|UNK|chrome generic|UNK,LGMS631,,chrome generic,
MacOS|Mac OS X 10_12_6|chrome 65.0|4096x2304,MacOS,Mac OS X 10_12_6,chrome 65.0,4096x2304
Lenovo YT3-850M Build/MMB29M|UNK|android webview 4.0|UNK,Lenovo YT3-850M Build/MMB29M,,android webview 4.0,
SAMSUNG SM-A730F Build/NMF26X|UNK|samsung browser 6.4|UNK,SAMSUNG SM-A730F Build/NMF26X,,samsung browser 6.4,
ONE TOUCH 4016A Build/JDQ39|UNK|chrome generic|UNK,ONE TOUCH 4016A Build/JDQ39,,chrome generic,
LG-K530 Build/MMB29M|UNK|chrome 60.0 for android|UNK,LG-K530 Build/MMB29M,,chrome 60.0 for android,
Windows|Windows 10|edge 17.0|1600x900,Windows,Windows 10,edge 17.0,1600x900
SM-A300M Build/KTU84P|UNK|chrome generic|UNK,SM-A300M Build/KTU84P,,chrome generic,
SM-G928T Build/NRD90M|Android 7.0|chrome generic for android|1921x1081,SM-G928T Build/NRD90M,Android 7.0,chrome generic for android,1921x1081
F8332|UNK|chrome generic for android|UNK,F8332,,chrome generic for android,
SM-T580 Build/NRD90M|Android 7.0|chrome generic for android|1920x1200,SM-T580 Build/NRD90M,Android 7.0,chrome generic for android,1920x1200
Windows|Windows 8.1|ie 11.0 for desktop|1919x1079,Windows,Windows 8.1,ie 11.0 for desktop,1919x1079
Alcatel_4060O Build/MMB29M|Android 6.0.1|chrome generic for android|855x480,Alcatel_4060O Build/MMB29M,Android 6.0.1,chrome generic for android,855x480
rv:46.0|Windows 7|firefox|1920x1080,rv:46.0,Windows 7,firefox,1920x1080
LG-K220 Build/MXB48T|UNK|chrome generic for android|UNK,LG-K220 Build/MXB48T,,chrome generic for android,
Windows|Windows 8.1|chrome 65.0|2880x1620,Windows,Windows 8.1,chrome 65.0,2880x1620
Windows|Windows 8.1|chrome generic|1680x1050,Windows,Windows 8.1,chrome generic,1680x1050
ZTE BLADE V8 MINI Build/NRD90M|UNK|chrome generic for android|UNK,ZTE BLADE V8 MINI Build/NRD90M,,chrome generic for android,
EML-L29 Build/HUAWEIEML-L29|UNK|chrome generic for android|UNK,EML-L29 Build/HUAWEIEML-L29,,chrome generic for android,
Pixel 2 XL Build/OPM2.171019.029|Android 8.1.0|chrome generic for android|2880x1440,Pixel 2 XL Build/OPM2.171019.029,Android 8.1.0,chrome generic for android,2880x1440
RS988|Android 7.0|chrome generic for android|2560x1440,RS988,Android 7.0,chrome generic for android,2560x1440
Trident/7.0|Windows 7|ie 11.0 for desktop|1440x899,Trident/7.0,Windows 7,ie 11.0 for desktop,1440x899
MacOS|Mac OS X 10_12_3|safari generic|3360x2100,MacOS,Mac OS X 10_12_3,safari generic,3360x2100
Hisense L675 Build/MRA58K|UNK|chrome generic for android|UNK,Hisense L675 Build/MRA58K,,chrome generic for android,
iOS Device|iOS 11.3.1|mobile safari generic|2001x1125,iOS Device,iOS 11.3.1,mobile safari generic,2001x1125
XT1254 Build/MCG24.251-5-5|Android 6.0.1|chrome generic for android|2560x1440,XT1254 Build/MCG24.251-5-5,Android 6.0.1,chrome generic for android,2560x1440
E5823|UNK|chrome generic for android|UNK,E5823,,chrome generic for android,
SM-N950U Build/NMF26X|UNK|chrome generic for android|UNK,SM-N950U Build/NMF26X,,chrome generic for android,
Ilium X710 Build/MRA58K|UNK|chrome generic for android|UNK,Ilium X710 Build/MRA58K,,chrome generic for android,
Moto C Build/NRD90M.057|UNK|chrome generic for android|UNK,Moto C Build/NRD90M.057,,chrome generic for android,
SM-A500M Build/KTU84P|UNK|chrome generic|UNK,SM-A500M Build/KTU84P,,chrome generic,
Hisense F32 Build/NMF26F|UNK|chrome generic for android|UNK,Hisense F32 Build/NMF26F,,chrome generic for android,
SAMSUNG SM-N950U Build/R16NW|Android 8.0.0|samsung browser 7.0|2220x1080,SAMSUNG SM-N950U Build/R16NW,Android 8.0.0,samsung browser 7.0,2220x1080
GT-P5210 Build/KOT49H|UNK|chrome 53.0 for android|UNK,GT-P5210 Build/KOT49H,,chrome 53.0 for android,
Moto C Build/NRD90M.054|UNK|chrome generic for android|UNK,Moto C Build/NRD90M.054,,chrome generic for android,
MacOS|Mac OS X 10_11_5|chrome 65.0|1440x900,MacOS,Mac OS X 10_11_5,chrome 65.0,1440x900
MacOS|Mac OS X 10_13_4|chrome generic|2560x1600,MacOS,Mac OS X 10_13_4,chrome generic,2560x1600
MacOS|Mac OS X 10_12_6|chrome|1280x800,MacOS,Mac OS X 10_12_6,chrome,1280x800
F3113 Build/33.3.A.1.97|UNK|chrome generic for android|UNK,F3113 Build/33.3.A.1.97,,chrome generic for android,
LG-H540|UNK|chrome 56.0 for android|UNK,LG-H540,,chrome 56.0 for android,
SM-G892A|Android 8.0.0|chrome generic for android|2220x1080,SM-G892A,Android 8.0.0,chrome generic for android,2220x1080
MacOS|Mac OS X 10_13_4|chrome generic|3840x2400,MacOS,Mac OS X 10_13_4,chrome generic,3840x2400
iOS Device|iOS 11.3.1|mobile safari generic|2208x1242,iOS Device,iOS 11.3.1,mobile safari generic,2208x1242
Windows|Windows 7|firefox 59.0|1360x768,Windows,Windows 7,firefox 59.0,1360x768
SM-G930F Build/NRD90M|Android 7.0|chrome generic for android|1281x721,SM-G930F Build/NRD90M,Android 7.0,chrome generic for android,1281x721
Windows|Windows 10|edge 15.0|2255x1503,Windows,Windows 10,edge 15.0,2255x1503
MacOS|Mac OS X 10_12_6|chrome generic|1920x1080,MacOS,Mac OS X 10_12_6,chrome generic,1920x1080
LG-M400 Build/NRD90U|UNK|chrome 60.0 for android|UNK,LG-M400 Build/NRD90U,,chrome 60.0 for android,
Northwell|Windows 7|ie 11.0 for desktop|1280x720,Northwell,Windows 7,ie 11.0 for desktop,1280x720
rv:52.0|Linux|firefox 52.0|2560x1440,rv:52.0,Linux,firefox 52.0,2560x1440
XT1635-02|Android 7.1.1|chrome generic for android|1920x1080,XT1635-02,Android 7.1.1,chrome generic for android,1920x1080
MacOS|Mac OS X 10_10_5|chrome generic|2560x1600,MacOS,Mac OS X 10_10_5,chrome generic,2560x1600
LG-H815 Build/MRA58K|UNK|chrome 65.0 for android|UNK,LG-H815 Build/MRA58K,,chrome 65.0 for android,
MacOS|Mac OS X 10_12_4|chrome generic|2560x1440,MacOS,Mac OS X 10_12_4,chrome generic,2560x1440
LG-TP260 Build/NRD90U|Android 7.0|chrome generic for android|1280x720,LG-TP260 Build/NRD90U,Android 7.0,chrome generic for android,1280x720
SM-G930T Build/NRD90M|Android 7.0|chrome generic for android|1920x1080,SM-G930T Build/NRD90M,Android 7.0,chrome generic for android,1920x1080
Hisense F23 Build/NRD90M|UNK|chrome generic for android|UNK,Hisense F23 Build/NRD90M,,chrome generic for android,
Hisense F24 Build/NRD90M|UNK|chrome generic for android|UNK,Hisense F24 Build/NRD90M,,chrome generic for android,
SM-G532M Build/MMB29T|UNK|chrome 56.0 for android|UNK,SM-G532M Build/MMB29T,,chrome 56.0 for android,
LG-H840 Build/MMB29M|UNK|chrome generic for android|UNK,LG-H840 Build/MMB29M,,chrome generic for android,
Windows|Windows 10|chrome generic|2737x1825,Windows,Windows 10,chrome generic,2737x1825
UNK|Android|chrome generic|801x480,,Android,chrome generic,801x480
SAMSUNG SM-N920T Build/NRD90M|Android 7.0|samsung browser 6.4|1921x1081,SAMSUNG SM-N920T Build/NRD90M,Android 7.0,samsung browser 6.4,1921x1081
8050G Build/LMY47I|UNK|chrome generic|UNK,8050G Build/LMY47I,,chrome generic,
Windows|Windows 10|chrome generic|3200x1800,Windows,Windows 10,chrome generic,3200x1800
VKY-L09 Build/HUAWEIVKY-L09|UNK|chrome generic for android|UNK,VKY-L09 Build/HUAWEIVKY-L09,,chrome generic for android,
SAMSUNG SM-G965U1 Build/R16NW|Android 8.0.0|other|2220x1081,SAMSUNG SM-G965U1 Build/R16NW,Android 8.0.0,other,2220x1081
SM-G930V Build/NRD90M|Android 7.0|chrome generic for android|2560x1440,SM-G930V Build/NRD90M,Android 7.0,chrome generic for android,2560x1440
LG-K410 Build/LRX22G|UNK|chrome generic|UNK,LG-K410 Build/LRX22G,,chrome generic,
rv:59.0|Windows 10|firefox|1366x768,rv:59.0,Windows 10,firefox,1366x768
SM-J327P Build/MMB29M|UNK|chrome generic for android|UNK,SM-J327P Build/MMB29M,,chrome generic for android,
F8331|UNK|chrome generic for android|UNK,F8331,,chrome generic for android,
Windows|Windows 7|chrome generic|1025x768,Windows,Windows 7,chrome generic,1025x768
SM-J105B Build/LMY47V|UNK|chrome generic|UNK,SM-J105B Build/LMY47V,,chrome generic,
MacOS|Mac OS X 10_10_5|chrome generic|1366x768,MacOS,Mac OS X 10_10_5,chrome generic,1366x768
Android 4.4.2|Android 4.4.2|chrome generic|1280x732,Android 4.4.2,Android 4.4.2,chrome generic,1280x732
Blade L5 Build/LMY47I|UNK|chrome generic|UNK,Blade L5 Build/LMY47I,,chrome generic,
R831L|UNK|chrome generic|UNK,R831L,,chrome generic,
MacOS|Mac OS X 10_13_4|chrome generic|2560x1440,MacOS,Mac OS X 10_13_4,chrome generic,2560x1440
Energy X 2 Build/E050L|UNK|chrome 50.0 for android|UNK,Energy X 2 Build/E050L,,chrome 50.0 for android,
Moto Z2 Play Build/NPS26.118-19|UNK|chrome generic for android|UNK,Moto Z2 Play Build/NPS26.118-19,,chrome generic for android,
iOS Device|iOS 11.3.1|mobile safari generic|1334x750,iOS Device,iOS 11.3.1,mobile safari generic,1334x750
iOS Device|iOS 11.3.1|mobile safari generic|2436x1125,iOS Device,iOS 11.3.1,mobile safari generic,2436x1125
F3111 Build/33.3.A.1.97|UNK|chrome generic for android|UNK,F3111 Build/33.3.A.1.97,,chrome generic for android,
moto g(6) play Build/OPP27.61-14-4|UNK|chrome generic|UNK,moto g(6) play Build/OPP27.61-14-4,,chrome generic,
Blade L2 Plus Build/KOT49H|UNK|chrome 62.0 for android|UNK,Blade L2 Plus Build/KOT49H,,chrome 62.0 for android,
SM-G965F Build/R16NW|UNK|chrome generic for android|UNK,SM-G965F Build/R16NW,,chrome generic for android,
SAMSUNG SM-G930R4 Build/NRD90M|Android 7.0|samsung browser 6.4|1920x1080,SAMSUNG SM-G930R4 Build/NRD90M,Android 7.0,samsung browser 6.4,1920x1080
SM-T713 Build/NRD90M|UNK|chrome generic for android|UNK,SM-T713 Build/NRD90M,,chrome generic for android,
SAMSUNG SM-G950F Build/R16NW|UNK|samsung browser 5.2|UNK,SAMSUNG SM-G950F Build/R16NW,,samsung browser 5.2,
Linux x86_64|Linux|firefox 59.0|1366x768,Linux x86_64,Linux,firefox 59.0,1366x768
Moto Z (2|Android 8.0.0|android webview 4.0|2560x1440,Moto Z (2,Android 8.0.0,android webview 4.0,2560x1440
Windows|Windows 10|edge 16.0|3839x2159,Windows,Windows 10,edge 16.0,3839x2159
Windows|Windows 8.1|chrome generic|1280x720,Windows,Windows 8.1,chrome generic,1280x720
SM-G610F Build/NRD90M|UNK|chrome generic for android|UNK,SM-G610F Build/NRD90M,,chrome generic for android,
S57 Build/KTU84P|UNK|chrome generic|UNK,S57 Build/KTU84P,,chrome generic,
Redmi 5 Plus Build/N2G47H|UNK|chrome generic for android|UNK,Redmi 5 Plus Build/N2G47H,,chrome generic for android,
SM-T310 Build/KOT49H|UNK|chrome generic|UNK,SM-T310 Build/KOT49H,,chrome generic,
Windows|Windows 7|chrome generic|1502x844,Windows,Windows 7,chrome generic,1502x844
MacOS|Mac OS X 10_12_6|chrome generic|2304x1440,MacOS,Mac OS X 10_12_6,chrome generic,2304x1440
MacOS|Mac OS X 10_11_6|chrome generic|1366x768,MacOS,Mac OS X 10_11_6,chrome generic,1366x768
G3123 Build/40.0.A.6.189|UNK|chrome generic for android|UNK,G3123 Build/40.0.A.6.189,,chrome generic for android,
SM-G955F Build/NRD90M|UNK|android webview 4.0|UNK,SM-G955F Build/NRD90M,,android webview 4.0,
SM-N910V Build/MMB29M|Android 6.0.1|chrome generic for android|2560x1440,SM-N910V Build/MMB29M,Android 6.0.1,chrome generic for android,2560x1440
G3313 Build/43.0.A.5.79|UNK|chrome generic for android|UNK,G3313 Build/43.0.A.5.79,,chrome generic for android,
SM-G960F Build/R16NW|UNK|chrome generic for android|UNK,SM-G960F Build/R16NW,,chrome generic for android,
RCT6203W46 Build/KOT49H|Android 4.4.2|android browser 4.0|1024x552,RCT6203W46 Build/KOT49H,Android 4.4.2,android browser 4.0,1024x552
Windows|UNK|chrome 66.0|UNK,Windows,,chrome 66.0,
SM-G930U Build/NRD90M|UNK|chrome 66.0 for android|UNK,SM-G930U Build/NRD90M,,chrome 66.0 for android,
SM-G950U Build/R16NW|Android 8.0.0|chrome 66.0 for android|2960x1440,SM-G950U Build/R16NW,Android 8.0.0,chrome 66.0 for android,2960x1440
Moto G Play Build/MPIS24.241-15.3-7|UNK|chrome 66.0 for android|UNK,Moto G Play Build/MPIS24.241-15.3-7,,chrome 66.0 for android,
SM-N950F Build/NMF26X|UNK|chrome 66.0 for android|UNK,SM-N950F Build/NMF26X,,chrome 66.0 for android,
MacOS|Mac OS X 10_13_4|safari 11.0|2880x1800,MacOS,Mac OS X 10_13_4,safari 11.0,2880x1800
UNK|UNK|chrome 66.0|UNK,,,chrome 66.0,
SM-G960U Build/R16NW|Android 8.0.0|chrome 66.0 for android|2220x1080,SM-G960U Build/R16NW,Android 8.0.0,chrome 66.0 for android,2220x1080
Windows|Windows 10|chrome 66.0|1920x1080,Windows,Windows 10,chrome 66.0,1920x1080
SM-T377P Build/NMF26X|Android 7.1.1|chrome 66.0 for android|1280x800,SM-T377P Build/NMF26X,Android 7.1.1,chrome 66.0 for android,1280x800
SM-T700 Build/MMB29K|UNK|chrome 66.0 for android|UNK,SM-T700 Build/MMB29K,,chrome 66.0 for android,
Windows|Windows 10|chrome 66.0|1366x768,Windows,Windows 10,chrome 66.0,1366x768
LG-X230 Build/MRA58K|UNK|chrome 66.0 for android|UNK,LG-X230 Build/MRA58K,,chrome 66.0 for android,
Windows|Windows 7|chrome 66.0|1440x900,Windows,Windows 7,chrome 66.0,1440x900
Windows|Windows 7|chrome 66.0|1920x1080,Windows,Windows 7,chrome 66.0,1920x1080
Windows|Windows 10|chrome 66.0|1920x1281,Windows,Windows 10,chrome 66.0,1920x1281
MacOS|Mac OS X 10_13_1|chrome 66.0|1440x900,MacOS,Mac OS X 10_13_1,chrome 66.0,1440x900
iOS Device|iOS 11.3.0|mobile safari 11.0|1334x750,iOS Device,iOS 11.3.0,mobile safari 11.0,1334x750
MacOS|Mac OS X 10_13_4|safari 11.0|5120x2880,MacOS,Mac OS X 10_13_4,safari 11.0,5120x2880
Windows|Windows 10|chrome 66.0|1280x1024,Windows,Windows 10,chrome 66.0,1280x1024
SM-G935F Build/NRD90M|UNK|chrome 66.0 for android|UNK,SM-G935F Build/NRD90M,,chrome 66.0 for android,
Windows|Windows 8.1|chrome 66.0|1600x900,Windows,Windows 8.1,chrome 66.0,1600x900
SM-G730W8 Build/KOT49H|UNK|chrome 66.0 for android|UNK,SM-G730W8 Build/KOT49H,,chrome 66.0 for android,
XT1650 Build/NPLS26.118-20-5-3|UNK|chrome 66.0 for android|UNK,XT1650 Build/NPLS26.118-20-5-3,,chrome 66.0 for android,
moto x4 Build/OPW27.57-40|UNK|chrome 66.0 for android|UNK,moto x4 Build/OPW27.57-40,,chrome 66.0 for android,
iOS Device|iOS 11.3.0|mobile safari 11.0|2048x1536,iOS Device,iOS 11.3.0,mobile safari 11.0,2048x1536
Windows|Windows 7|chrome 66.0|2560x1080,Windows,Windows 7,chrome 66.0,2560x1080
Windows|Windows 8.1|chrome 66.0|1920x1080,Windows,Windows 8.1,chrome 66.0,1920x1080
MacOS|Mac OS X 10_12_6|chrome 66.0|5120x2880,MacOS,Mac OS X 10_12_6,chrome 66.0,5120x2880
Moto G Play Build/NPIS26.48-36-5|UNK|chrome 66.0 for android|UNK,Moto G Play Build/NPIS26.48-36-5,,chrome 66.0 for android,
rv:59.0|Windows 7|firefox 59.0|1920x1080,rv:59.0,Windows 7,firefox 59.0,1920x1080
SM-J727U Build/NRD90M|UNK|chrome 65.0 for android|UNK,SM-J727U Build/NRD90M,,chrome 65.0 for android,
MacOS|Mac OS X 10_11_6|chrome 66.0|1920x1080,MacOS,Mac OS X 10_11_6,chrome 66.0,1920x1080
Windows|Windows 7|chrome 66.0|1280x800,Windows,Windows 7,chrome 66.0,1280x800
Windows|Windows 10|chrome 66.0|3840x2162,Windows,Windows 10,chrome 66.0,3840x2162
MacOS|Mac OS X 10_11_6|chrome 66.0|1440x900,MacOS,Mac OS X 10_11_6,chrome 66.0,1440x900
TA-1032|UNK|chrome 56.0 for android|UNK,TA-1032,,chrome 56.0 for android,
Windows|Windows 10|firefox 59.0|3000x2000,Windows,Windows 10,firefox 59.0,3000x2000
MacOS|Mac OS X 10_9_5|safari 9.0|1440x900,MacOS,Mac OS X 10_9_5,safari 9.0,1440x900
GT-N5110 Build/JDQ39|UNK|chrome 66.0 for android|UNK,GT-N5110 Build/JDQ39,,chrome 66.0 for android,
MacOS|Mac OS X 10_13_4|safari 11.0|1440x900,MacOS,Mac OS X 10_13_4,safari 11.0,1440x900
MOT-A6020l37 Build/LMY47V|UNK|chrome 43.0 for android|UNK,MOT-A6020l37 Build/LMY47V,,chrome 43.0 for android,
iOS Device|iOS 11.2.6|mobile safari 11.0|1136x640,iOS Device,iOS 11.2.6,mobile safari 11.0,1136x640
Moto G (5) Build/NPP25.137-93|UNK|chrome 66.0 for android|UNK,Moto G (5) Build/NPP25.137-93,,chrome 66.0 for android,
UNK|UNK|safari 11.0|UNK,,,safari 11.0,
MacOS|Mac OS X 10_12_6|safari 11.0|1920x1080,MacOS,Mac OS X 10_12_6,safari 11.0,1920x1080
Trident/7.0|Windows 8.1|ie 11.0 for tablet|1366x768,Trident/7.0,Windows 8.1,ie 11.0 for tablet,1366x768
MacOS|Mac OS X 10_13_4|safari 11.0|2560x1440,MacOS,Mac OS X 10_13_4,safari 11.0,2560x1440
F3111 Build/33.3.A.1.97|UNK|chrome 66.0 for android|UNK,F3111 Build/33.3.A.1.97,,chrome 66.0 for android,
Windows|Windows 8.1|chrome 66.0|1366x768,Windows,Windows 8.1,chrome 66.0,1366x768
rv:59.0|Mac OS X 10.11|firefox 59.0|1920x1200,rv:59.0,Mac OS X 10.11,firefox 59.0,1920x1200
Windows|Windows 7|chrome 66.0|1680x1050,Windows,Windows 7,chrome 66.0,1680x1050
MacOS|Mac OS X 10_13_4|safari 11.0|3360x2100,MacOS,Mac OS X 10_13_4,safari 11.0,3360x2100
SM-G930V Build/NRD90M|UNK|chrome 66.0 for android|UNK,SM-G930V Build/NRD90M,,chrome 66.0 for android,
Windows|Windows 10|chrome 66.0|2560x1440,Windows,Windows 10,chrome 66.0,2560x1440
5010G Build/MRA58K|UNK|chrome 66.0 for android|UNK,5010G Build/MRA58K,,chrome 66.0 for android,
Windows|Windows 7|chrome 66.0|1600x900,Windows,Windows 7,chrome 66.0,1600x900
Windows|Windows 10|chrome 66.0|1280x800,Windows,Windows 10,chrome 66.0,1280x800
SM-J701M Build/NRD90M|UNK|chrome 66.0 for android|UNK,SM-J701M Build/NRD90M,,chrome 66.0 for android,
MacOS|Mac OS X 10_10_5|safari 10.0|2560x1600,MacOS,Mac OS X 10_10_5,safari 10.0,2560x1600
SM-J700M Build/LMY48B|UNK|chrome 43.0 for android|UNK,SM-J700M Build/LMY48B,,chrome 43.0 for android,
G3223 Build/42.0.A.4.167|UNK|chrome 66.0 for android|UNK,G3223 Build/42.0.A.4.167,,chrome 66.0 for android,
LG-K200 Build/MXB48T|UNK|chrome 66.0 for android|UNK,LG-K200 Build/MXB48T,,chrome 66.0 for android,
UNK|Linux|chrome 66.0|2560x1440,,Linux,chrome 66.0,2560x1440
SM-G965F Build/R16NW|UNK|chrome 66.0 for android|UNK,SM-G965F Build/R16NW,,chrome 66.0 for android,
MacOS|Mac OS X 10_13_4|safari 11.0|1920x1080,MacOS,Mac OS X 10_13_4,safari 11.0,1920x1080
iOS Device|iOS 11.2.6|google|2048x1536,iOS Device,iOS 11.2.6,google,2048x1536
UNK|UNK|chrome 66.0 for ios|UNK,,,chrome 66.0 for ios,
Windows|Windows 7|chrome 66.0|1024x768,Windows,Windows 7,chrome 66.0,1024x768
SM-T580 Build/NRD90M|UNK|chrome 66.0 for android|UNK,SM-T580 Build/NRD90M,,chrome 66.0 for android,
Windows|Windows 7|chrome 66.0|1280x1024,Windows,Windows 7,chrome 66.0,1280x1024
MacOS|Mac OS X 10_12_6|safari 11.0|2560x1440,MacOS,Mac OS X 10_12_6,safari 11.0,2560x1440
SM-G930F Build/NRD90M|UNK|chrome 66.0 for android|UNK,SM-G930F Build/NRD90M,,chrome 66.0 for android,
SM-G532M Build/MMB29T|UNK|chrome 55.0 for android|UNK,SM-G532M Build/MMB29T,,chrome 55.0 for android,
Moto Z2 Play Build/NPSS26.118-19-14|UNK|chrome 66.0 for android|UNK,Moto Z2 Play Build/NPSS26.118-19-14,,chrome 66.0 for android,
MacOS|Mac OS X 10_13_3|chrome 66.0|1600x900,MacOS,Mac OS X 10_13_3,chrome 66.0,1600x900
XT1650|UNK|chrome 66.0 for android|UNK,XT1650,,chrome 66.0 for android,
MacOS|Mac OS X 10_13_2|chrome 66.0|2560x1600,MacOS,Mac OS X 10_13_2,chrome 66.0,2560x1600
Redmi 4A Build/MMB29M|UNK|chrome 66.0 for android|UNK,Redmi 4A Build/MMB29M,,chrome 66.0 for android,
Trident/7.0|Windows 8.1|ie|1920x1080,Trident/7.0,Windows 8.1,ie,1920x1080
MacOS|Mac OS X 10_12_6|safari 11.0|1440x900,MacOS,Mac OS X 10_12_6,safari 11.0,1440x900
iOS Device|iOS 11.3.0|mobile safari 11.0|2436x1125,iOS Device,iOS 11.3.0,mobile safari 11.0,2436x1125
SM-G610M Build/MMB29K|UNK|chrome 66.0 for android|UNK,SM-G610M Build/MMB29K,,chrome 66.0 for android,
UNK|Linux|chrome 66.0|2961x1442,,Linux,chrome 66.0,2961x1442
MacOS|Mac OS X 10_13_3|chrome 66.0|1440x900,MacOS,Mac OS X 10_13_3,chrome 66.0,1440x900
MacOS|Mac OS X 10_13_4|chrome 66.0|1920x1080,MacOS,Mac OS X 10_13_4,chrome 66.0,1920x1080
Windows|Windows 10|chrome 66.0|1600x900,Windows,Windows 10,chrome 66.0,1600x900
UNK|Linux|chrome 66.0|1920x1080,,Linux,chrome 66.0,1920x1080
F5121 Build/34.4.A.2.19|UNK|chrome 66.0 for android|UNK,F5121 Build/34.4.A.2.19,,chrome 66.0 for android,
Moto G (5) Build/NPP25.137-82|UNK|chrome 66.0 for android|UNK,Moto G (5) Build/NPP25.137-82,,chrome 66.0 for android,
UNK|Android|chrome 66.0|1280x720,,Android,chrome 66.0,1280x720
Windows|Windows 10|chrome 66.0|3440x1440,Windows,Windows 10,chrome 66.0,3440x1440
MacOS|Mac OS X 10_12_6|safari 11.0|3360x2100,MacOS,Mac OS X 10_12_6,safari 11.0,3360x2100
MacOS|Mac OS X 10_13_4|chrome 66.0|2560x1440,MacOS,Mac OS X 10_13_4,chrome 66.0,2560x1440
MacOS|Mac OS X 10_13_2|safari 11.0|1440x900,MacOS,Mac OS X 10_13_2,safari 11.0,1440x900
5012G Build/MRA58K|UNK|chrome 66.0 for android|UNK,5012G Build/MRA58K,,chrome 66.0 for android,
Hisense F23 Build/NRD90M|UNK|chrome 66.0 for android|UNK,Hisense F23 Build/NRD90M,,chrome 66.0 for android,
iOS Device|iOS 11.3.0|mobile safari 11.0|2732x2048,iOS Device,iOS 11.3.0,mobile safari 11.0,2732x2048
SM-J327VPP Build/NRD90M|UNK|chrome 64.0 for android|UNK,SM-J327VPP Build/NRD90M,,chrome 64.0 for android,
Nexus|UNK|chrome 66.0 for android|UNK,Nexus,,chrome 66.0 for android,
MacOS|Mac OS X 10_10_5|chrome 66.0|1280x800,MacOS,Mac OS X 10_10_5,chrome 66.0,1280x800
RNE-L03 Build/HUAWEIRNE-L03|UNK|chrome 66.0 for android|UNK,RNE-L03 Build/HUAWEIRNE-L03,,chrome 66.0 for android,
Moto G (4) Build/NPJ25.93-14|UNK|chrome 66.0 for android|UNK,Moto G (4) Build/NPJ25.93-14,,chrome 66.0 for android,
LG-M250 Build/NRD90U|UNK|chrome 66.0 for android|UNK,LG-M250 Build/NRD90U,,chrome 66.0 for android,
MacOS|Mac OS X 10_10_5|chrome 66.0|2560x1440,MacOS,Mac OS X 10_10_5,chrome 66.0,2560x1440
iOS Device|iOS 11.3.1|google search application 48.0|1334x750,iOS Device,iOS 11.3.1,google search application 48.0,1334x750
MacOS|Mac OS X 10_10_5|safari 10.0|2560x1440,MacOS,Mac OS X 10_10_5,safari 10.0,2560x1440
MacOS|Mac OS X 10_9_5|chrome 65.0|1680x1050,MacOS,Mac OS X 10_9_5,chrome 65.0,1680x1050
Moto G (5) Plus Build/NPN25.137-92|UNK|chrome 66.0 for android|UNK,Moto G (5) Plus Build/NPN25.137-92,,chrome 66.0 for android,
HUAWEI G7-L03 Build/HuaweiG7-L03|UNK|chrome 66.0 for android|UNK,HUAWEI G7-L03 Build/HuaweiG7-L03,,chrome 66.0 for android,
MacOS|Mac OS X 10_13_4|chrome 66.0|1440x900,MacOS,Mac OS X 10_13_4,chrome 66.0,1440x900
iOS Device|iOS 11.3.1|google|1136x640,iOS Device,iOS 11.3.1,google,1136x640
PSPC550 Build/LMY47D|UNK|samsung browser 6.4|UNK,PSPC550 Build/LMY47D,,samsung browser 6.4,
SM-T813 Build/NRD90M|Android 7.0|chrome 66.0 for android|2048x1536,SM-T813 Build/NRD90M,Android 7.0,chrome 66.0 for android,2048x1536
Blade A510 Build/MRA58K|UNK|chrome 66.0 for android|UNK,Blade A510 Build/MRA58K,,chrome 66.0 for android,
SAMSUNG-SM-G928A Build/NRD90M|Android 7.0|chrome 66.0 for android|1920x1080,SAMSUNG-SM-G928A Build/NRD90M,Android 7.0,chrome 66.0 for android,1920x1080
MacOS|Mac OS X 10_13_3|safari 11.0|1920x1080,MacOS,Mac OS X 10_13_3,safari 11.0,1920x1080
rv:59.0|Mac OS X 10.13|firefox 59.0|1440x810,rv:59.0,Mac OS X 10.13,firefox 59.0,1440x810
SM-G960F Build/R16NW|UNK|chrome 66.0 for android|UNK,SM-G960F Build/R16NW,,chrome 66.0 for android,
SM-J510MN Build/MMB29M|UNK|chrome 66.0 for android|UNK,SM-J510MN Build/MMB29M,,chrome 66.0 for android,
GRANT|UNK|chrome 66.0 for android|UNK,GRANT,,chrome 66.0 for android,
MacOS|Mac OS X 10_12_5|chrome 66.0|1280x800,MacOS,Mac OS X 10_12_5,chrome 66.0,1280x800
Moto G (4) Build/NPJS25.93-14-8|UNK|chrome 65.0 for android|UNK,Moto G (4) Build/NPJS25.93-14-8,,chrome 65.0 for android,
iOS Device|iOS 11.2.6|chrome 66.0 for ios|2436x1125,iOS Device,iOS 11.2.6,chrome 66.0 for ios,2436x1125
G8141|UNK|chrome 66.0 for android|UNK,G8141,,chrome 66.0 for android,
Windows|UNK|opera 52.0|UNK,Windows,,opera 52.0,
MacOS|Mac OS X 10_11_4|safari 9.0|1440x900,MacOS,Mac OS X 10_11_4,safari 9.0,1440x900
HUAWEI|UNK|chrome 66.0 for android|UNK,HUAWEI,,chrome 66.0 for android,
SM-N920P Build/NRD90M|UNK|chrome 66.0 for android|UNK,SM-N920P Build/NRD90M,,chrome 66.0 for android,
VKY-L09 Build/HUAWEIVKY-L09|UNK|chrome 66.0 for android|UNK,VKY-L09 Build/HUAWEIVKY-L09,,chrome 66.0 for android,
TREKKER-X3 Build/MMB29M|UNK|chrome 66.0 for android|UNK,TREKKER-X3 Build/MMB29M,,chrome 66.0 for android,
CAM-L03 Build/HUAWEICAM-L03|UNK|chrome 66.0 for android|UNK,CAM-L03 Build/HUAWEICAM-L03,,chrome 66.0 for android,
UNK|UNK|safari 10.0|UNK,,,safari 10.0,
LG-H500 Build/LRX21Y|UNK|chrome 66.0 for android|UNK,LG-H500 Build/LRX21Y,,chrome 66.0 for android,
MacOS|Mac OS X 10_10_5|chrome 66.0|2560x1600,MacOS,Mac OS X 10_10_5,chrome 66.0,2560x1600
Moto E (4) Build/NMA26.42-19|UNK|chrome 66.0 for android|UNK,Moto E (4) Build/NMA26.42-19,,chrome 66.0 for android,
Windows|Windows 8.1|ie 11.0 for tablet|1920x1080,Windows,Windows 8.1,ie 11.0 for tablet,1920x1080
6039A Build/LRX22G|UNK|chrome 66.0 for android|UNK,6039A Build/LRX22G,,chrome 66.0 for android,
E2306 Build/26.1.A.3.111|UNK|chrome 66.0 for android|UNK,E2306 Build/26.1.A.3.111,,chrome 66.0 for android,
HUAWEI VNS-L53 Build/HUAWEIVNS-L53|UNK|chrome 66.0 for android|UNK,HUAWEI VNS-L53 Build/HUAWEIVNS-L53,,chrome 66.0 for android,
UNK|Linux|chrome 66.0|1280x1024,,Linux,chrome 66.0,1280x1024
SM-G950U1 Build/R16NW|UNK|chrome 66.0 for android|UNK,SM-G950U1 Build/R16NW,,chrome 66.0 for android,
ALE-L23 Build/HuaweiALE-L23|UNK|chrome 66.0 for android|UNK,ALE-L23 Build/HuaweiALE-L23,,chrome 66.0 for android,
iOS Device|iOS 11.2.6|mobile safari 11.0|1334x750,iOS Device,iOS 11.2.6,mobile safari 11.0,1334x750
iOS Device|iOS 11.3.1|chrome 66.0 for ios|2048x1536,iOS Device,iOS 11.3.1,chrome 66.0 for ios,2048x1536
HUAWEI TAG-L13 Build/HUAWEITAG-L13|UNK|chrome 66.0 for android|UNK,HUAWEI TAG-L13 Build/HUAWEITAG-L13,,chrome 66.0 for android,
SM-J700M Build/MMB29K|UNK|chrome 66.0 for android|UNK,SM-J700M Build/MMB29K,,chrome 66.0 for android,
HUAWEI RIO-L03 Build/HUAWEIRIO-L03|UNK|chrome 66.0 for android|UNK,HUAWEI RIO-L03 Build/HUAWEIRIO-L03,,chrome 66.0 for android,
MacOS|Mac OS X 10_13_4|chrome 66.0|2880x1800,MacOS,Mac OS X 10_13_4,chrome 66.0,2880x1800
rv:59.0|Windows 7|firefox 59.0|1280x1024,rv:59.0,Windows 7,firefox 59.0,1280x1024
MotoG3-TE Build/MPD24.65-33|UNK|chrome 66.0 for android|UNK,MotoG3-TE Build/MPD24.65-33,,chrome 66.0 for android,
SM-G955F Build/R16NW|UNK|chrome 66.0 for android|UNK,SM-G955F Build/R16NW,,chrome 66.0 for android,
HTC_Desire_820|UNK|android webview 4.0|UNK,HTC_Desire_820,,android webview 4.0,
ASUS_A001|UNK|chrome 66.0 for android|UNK,ASUS_A001,,chrome 66.0 for android,
TA-1028 Build/O00623|UNK|chrome 66.0 for android|UNK,TA-1028 Build/O00623,,chrome 66.0 for android,
MacOS|Mac OS X 10_13_4|chrome 66.0|3696x2310,MacOS,Mac OS X 10_13_4,chrome 66.0,3696x2310
Windows|UNK|edge 17.0|UNK,Windows,,edge 17.0,
MacOS|Mac OS X 10_12_6|chrome 66.0|2880x1800,MacOS,Mac OS X 10_12_6,chrome 66.0,2880x1800
SM-G892A|Android 8.0.0|chrome 66.0 for android|2220x1080,SM-G892A,Android 8.0.0,chrome 66.0 for android,2220x1080
Windows|Windows 7|chrome 66.0|2560x1440,Windows,Windows 7,chrome 66.0,2560x1440
SM-G955U Build/R16NW|Android 8.0.0|chrome 66.0 for android|2220x1081,SM-G955U Build/R16NW,Android 8.0.0,chrome 66.0 for android,2220x1081
iOS Device|iOS 11.3.0|mobile safari 11.0|1136x640,iOS Device,iOS 11.3.0,mobile safari 11.0,1136x640
MacOS|Mac OS X 10_12_6|safari 10.0|3360x2100,MacOS,Mac OS X 10_12_6,safari 10.0,3360x2100
MacOS|Mac OS X 10_10_5|safari 10.0|1920x1080,MacOS,Mac OS X 10_10_5,safari 10.0,1920x1080
Trident/7.0|Windows 8.1|ie 11.0 for desktop|1024x767,Trident/7.0,Windows 8.1,ie 11.0 for desktop,1024x767
SM-T550 Build/NMF26X|Android 7.1.1|chrome 66.0 for android|1024x768,SM-T550 Build/NMF26X,Android 7.1.1,chrome 66.0 for android,1024x768
SM-G950U Build/R16NW|Android 8.0.0|chrome 66.0 for android|2220x1080,SM-G950U Build/R16NW,Android 8.0.0,chrome 66.0 for android,2220x1080
MacOS|Mac OS X 10_11_6|chrome 66.0|1366x768,MacOS,Mac OS X 10_11_6,chrome 66.0,1366x768
iOS Device|iOS 11.2.6|mobile safari 11.0|2208x1242,iOS Device,iOS 11.2.6,mobile safari 11.0,2208x1242
Windows|Windows 7|chrome 66.0|1366x768,Windows,Windows 7,chrome 66.0,1366x768
MacOS|Mac OS X 10_13_3|safari 11.0|2880x1800,MacOS,Mac OS X 10_13_3,safari 11.0,2880x1800
MotoE2(4G-LTE|UNK|chrome 63.0 for android|UNK,MotoE2(4G-LTE,,chrome 63.0 for android,
SM-G955F Build/NRD90M|UNK|chrome 66.0 for android|UNK,SM-G955F Build/NRD90M,,chrome 66.0 for android,
Windows|Windows 10|chrome 66.0|1680x1050,Windows,Windows 10,chrome 66.0,1680x1050
AX1060|UNK|chrome 65.0 for android|UNK,AX1060,,chrome 65.0 for android,
MacOS|Mac OS X 10_12_4|safari 10.0|2560x1600,MacOS,Mac OS X 10_12_4,safari 10.0,2560x1600
Trident/7.0|Windows 10|ie 11.0 for tablet|2159x1439,Trident/7.0,Windows 10,ie 11.0 for tablet,2159x1439
MacOS|Mac OS X 10_11_6|safari 11.0|2560x1600,MacOS,Mac OS X 10_11_6,safari 11.0,2560x1600
MacOS|Mac OS X 10_11_6|safari 11.0|2560x1440,MacOS,Mac OS X 10_11_6,safari 11.0,2560x1440
MacOS|Mac OS X 10_12_6|safari 11.0|2560x1600,MacOS,Mac OS X 10_12_6,safari 11.0,2560x1600
iOS Device|iOS 11.2.5|chrome 66.0 for ios|2436x1125,iOS Device,iOS 11.2.5,chrome 66.0 for ios,2436x1125
SM-G900V Build/MMB29M|Android 6.0.1|chrome 66.0 for android|1920x1080,SM-G900V Build/MMB29M,Android 6.0.1,chrome 66.0 for android,1920x1080
Windows|Windows 8.1|chrome 64.0|1680x1050,Windows,Windows 8.1,chrome 64.0,1680x1050
SM-T280 Build/LMY47V|Android 5.1.1|chrome 66.0 for android|1280x800,SM-T280 Build/LMY47V,Android 5.1.1,chrome 66.0 for android,1280x800
Windows|Windows 10|chrome 66.0|2400x1350,Windows,Windows 10,chrome 66.0,2400x1350
XT1032 Build/LPBS23.13-56-2|UNK|chrome 66.0 for android|UNK,XT1032 Build/LPBS23.13-56-2,,chrome 66.0 for android,
Windows|Windows 7|chrome 66.0|1920x1200,Windows,Windows 7,chrome 66.0,1920x1200
iOS Device|iOS 11.3.0|mobile safari 11.0|2001x1125,iOS Device,iOS 11.3.0,mobile safari 11.0,2001x1125
SM-G930V Build/NRD90M|Android 7.0|chrome 66.0 for android|1920x1080,SM-G930V Build/NRD90M,Android 7.0,chrome 66.0 for android,1920x1080
CLT-L09|UNK|chrome 66.0 for android|UNK,CLT-L09,,chrome 66.0 for android,
SM-A510F Build/NRD90M|UNK|chrome 66.0 for android|UNK,SM-A510F Build/NRD90M,,chrome 66.0 for android,
SM-A710M Build/NRD90M|UNK|chrome 66.0 for android|UNK,SM-A710M Build/NRD90M,,chrome 66.0 for android,
rv:59.0|Mac OS X 10.11|firefox 59.0|1440x900,rv:59.0,Mac OS X 10.11,firefox 59.0,1440x900
EML-L29 Build/HUAWEIEML-L29|UNK|chrome 66.0 for android|UNK,EML-L29 Build/HUAWEIEML-L29,,chrome 66.0 for android,
SM-P550|UNK|chrome 66.0 for android|UNK,SM-P550,,chrome 66.0 for android,
Windows|Windows 10|chrome 66.0|1512x945,Windows,Windows 10,chrome 66.0,1512x945
LG-H840 Build/NRD90U|UNK|chrome 66.0 for android|UNK,LG-H840 Build/NRD90U,,chrome 66.0 for android,
iOS Device|iOS 11.3.1|google search application 48.0|2208x1242,iOS Device,iOS 11.3.1,google search application 48.0,2208x1242
MacOS|Mac OS X 10_13_4|safari 11.0|2560x1600,MacOS,Mac OS X 10_13_4,safari 11.0,2560x1600
Lenovo A2016b30 Build/MRA58K|UNK|chrome 66.0 for android|UNK,Lenovo A2016b30 Build/MRA58K,,chrome 66.0 for android,
Windows|Windows 10|edge 16.0|2256x1504,Windows,Windows 10,edge 16.0,2256x1504
rv:59.0|Mac OS X 10.9|firefox 59.0|1680x1050,rv:59.0,Mac OS X 10.9,firefox 59.0,1680x1050
SAMSUNG-SM-G930A Build/NRD90M|UNK|chrome 66.0 for android|UNK,SAMSUNG-SM-G930A Build/NRD90M,,chrome 66.0 for android,
Moto E (4) Build/NMA26.42-69|UNK|chrome 66.0 for android|UNK,Moto E (4) Build/NMA26.42-69,,chrome 66.0 for android,
Windows|Windows 10|chrome 66.0|1760x990,Windows,Windows 10,chrome 66.0,1760x990
Windows|Windows 7|chrome 66.0|1280x768,Windows,Windows 7,chrome 66.0,1280x768
MacOS|Mac OS X 10_12_6|safari 11.0|2880x1800,MacOS,Mac OS X 10_12_6,safari 11.0,2880x1800
MacOS|Mac OS X 10_11_6|chrome 66.0|2560x1600,MacOS,Mac OS X 10_11_6,chrome 66.0,2560x1600
MacOS|Mac OS X 10_13_4|chrome 66.0|1536x864,MacOS,Mac OS X 10_13_4,chrome 66.0,1536x864
SM-G930VL Build/NRD90M|Android 7.0|chrome 66.0 for android|2560x1440,SM-G930VL Build/NRD90M,Android 7.0,chrome 66.0 for android,2560x1440
Windows|Windows 10|chrome 66.0|1920x1200,Windows,Windows 10,chrome 66.0,1920x1200
MacOS|Mac OS X 10_11_6|safari 11.0|2880x1800,MacOS,Mac OS X 10_11_6,safari 11.0,2880x1800
iOS Device|iOS 11.2.6|google search application 48.0|1334x750,iOS Device,iOS 11.2.6,google search application 48.0,1334x750
MacOS|Mac OS X 10_9_5|safari 9.0|1920x1080,MacOS,Mac OS X 10_9_5,safari 9.0,1920x1080
iOS Device|iOS 11.2.6|mobile safari 11.0|2048x1536,iOS Device,iOS 11.2.6,mobile safari 11.0,2048x1536
Moto E (4) Plus Build/NMA26.42-69|UNK|chrome 66.0 for android|UNK,Moto E (4) Plus Build/NMA26.42-69,,chrome 66.0 for android,
iOS Device|iOS 11.3.0|google search application 48.0|1136x640,iOS Device,iOS 11.3.0,google search application 48.0,1136x640
SM-J700M Build/LMY48B|UNK|chrome 66.0 for android|UNK,SM-J700M Build/LMY48B,,chrome 66.0 for android,
Moto C Plus Build/NRD90M.05.034|UNK|chrome 66.0 for android|UNK,Moto C Plus Build/NRD90M.05.034,,chrome 66.0 for android,
LG-H320 Build/LRX21Y|UNK|chrome 66.0 for android|UNK,LG-H320 Build/LRX21Y,,chrome 66.0 for android,
MacOS|Mac OS X 10_12_6|chrome 66.0|1440x900,MacOS,Mac OS X 10_12_6,chrome 66.0,1440x900
Windows|Windows 10|edge 16.0|1439x899,Windows,Windows 10,edge 16.0,1439x899
Moto|Android 7.1.1|chrome 66.0 for android|1280x720,Moto,Android 7.1.1,chrome 66.0 for android,1280x720
iOS Device|iOS 11.3.0|chrome 66.0 for ios|2224x1668,iOS Device,iOS 11.3.0,chrome 66.0 for ios,2224x1668
Build/KOT49H|UNK|chrome 66.0 for android|UNK,Build/KOT49H,,chrome 66.0 for android,
Windows|Windows 10|chrome 66.0|1440x900,Windows,Windows 10,chrome 66.0,1440x900
SM-G950F Build/R16NW|UNK|chrome 66.0 for android|UNK,SM-G950F Build/R16NW,,chrome 66.0 for android,
SM-G550T1 Build/MMB29K|UNK|chrome 65.0 for android|UNK,SM-G550T1 Build/MMB29K,,chrome 65.0 for android,
LG-H870 Build/NRD90U|UNK|chrome 66.0 for android|UNK,LG-H870 Build/NRD90U,,chrome 66.0 for android,
Ilium X510 Build/MRA58K|UNK|chrome 66.0 for android|UNK,Ilium X510 Build/MRA58K,,chrome 66.0 for android,
Moto G (4) Build/NPJ25.93-14.7|UNK|chrome 66.0 for android|UNK,Moto G (4) Build/NPJ25.93-14.7,,chrome 66.0 for android,
MacOS|Mac OS X 10_10_5|chrome 66.0|1920x1080,MacOS,Mac OS X 10_10_5,chrome 66.0,1920x1080
Windows|Windows 8|chrome 66.0|1920x1080,Windows,Windows 8,chrome 66.0,1920x1080
Moto G (4) Build/NPJS25.93-14-15|UNK|chrome 66.0 for android|UNK,Moto G (4) Build/NPJS25.93-14-15,,chrome 66.0 for android,
SAMSUNG SM-G532M Build/MMB29T|UNK|samsung browser 4.2|UNK,SAMSUNG SM-G532M Build/MMB29T,,samsung browser 4.2,
SM-A720F Build/NRD90M|UNK|chrome 66.0 for android|UNK,SM-A720F Build/NRD90M,,chrome 66.0 for android,
iOS Device|iOS 9.3.5|google|2048x1536,iOS Device,iOS 9.3.5,google,2048x1536
MacOS|Mac OS X 10_11_5|safari 9.0|2880x1800,MacOS,Mac OS X 10_11_5,safari 9.0,2880x1800
SM-A730F Build/NMF26X|UNK|chrome 66.0 for android|UNK,SM-A730F Build/NMF26X,,chrome 66.0 for android,
WAS-LX3 Build/HUAWEIWAS-LX3|UNK|chrome 66.0 for android|UNK,WAS-LX3 Build/HUAWEIWAS-LX3,,chrome 66.0 for android,
SM-N950U Build/R16NW|Android 8.0.0|chrome 66.0 for android|2220x1081,SM-N950U Build/R16NW,Android 8.0.0,chrome 66.0 for android,2220x1081
iOS Device|iOS 11.3.1|chrome 66.0 for ios|2208x1242,iOS Device,iOS 11.3.1,chrome 66.0 for ios,2208x1242
UNK|UNK|safari 9.0|UNK,,,safari 9.0,
MacOS|Mac OS X 10_13_4|chrome 66.0|3360x2100,MacOS,Mac OS X 10_13_4,chrome 66.0,3360x2100
SM-A520F Build/NRD90M|UNK|chrome 66.0 for android|UNK,SM-A520F Build/NRD90M,,chrome 66.0 for android,
MacOS|Mac OS X 10_10_5|safari 9.0|1440x900,MacOS,Mac OS X 10_10_5,safari 9.0,1440x900
A0001|UNK|chrome 66.0 for android|UNK,A0001,,chrome 66.0 for android,
SM-G935P Build/NRD90M|UNK|chrome 66.0 for android|UNK,SM-G935P Build/NRD90M,,chrome 66.0 for android,
SAMSUNG-SM-G930A Build/NRD90M|Android 7.0|chrome 66.0 for android|1920x1080,SAMSUNG-SM-G930A Build/NRD90M,Android 7.0,chrome 66.0 for android,1920x1080
SM-G531H Build/LMY48B|UNK|chrome 66.0 for android|UNK,SM-G531H Build/LMY48B,,chrome 66.0 for android,
MacOS|Mac OS X 10_13_4|chrome 66.0|1152x720,MacOS,Mac OS X 10_13_4,chrome 66.0,1152x720
Moto G (4) Build/NPJS25.93-14-13|UNK|chrome 66.0 for android|UNK,Moto G (4) Build/NPJS25.93-14-13,,chrome 66.0 for android,
LG-M700 Build/NMF26X|UNK|chrome 66.0 for android|UNK,LG-M700 Build/NMF26X,,chrome 66.0 for android,
MacOS|Mac OS X 10_12_3|chrome 66.0|2880x1800,MacOS,Mac OS X 10_12_3,chrome 66.0,2880x1800
MacOS|Mac OS X 10_10_5|safari 10.0|1280x800,MacOS,Mac OS X 10_10_5,safari 10.0,1280x800
Trident/7.0|Windows 10|ie 11.0 for desktop|1279x1023,Trident/7.0,Windows 10,ie 11.0 for desktop,1279x1023
MacOS|Mac OS X 10_13_4|chrome 66.0|2560x1600,MacOS,Mac OS X 10_13_4,chrome 66.0,2560x1600
SM-J105B Build/LMY47V|UNK|chrome 66.0 for android|UNK,SM-J105B Build/LMY47V,,chrome 66.0 for android,
MacOS|Mac OS X 10_13_3|safari 11.0|1280x800,MacOS,Mac OS X 10_13_3,safari 11.0,1280x800
MacOS|Mac OS X 10_13_2|chrome 66.0|5120x2880,MacOS,Mac OS X 10_13_2,chrome 66.0,5120x2880
MacOS|Mac OS X 10_11_6|safari 11.0|1024x640,MacOS,Mac OS X 10_11_6,safari 11.0,1024x640
iOS Device|iOS 11.3.0|chrome 66.0 for ios|2048x1536,iOS Device,iOS 11.3.0,chrome 66.0 for ios,2048x1536
Windows|Windows 10|chrome 66.0|1024x768,Windows,Windows 10,chrome 66.0,1024x768
SM-G610M Build/NRD90M|UNK|chrome 66.0 for android|UNK,SM-G610M Build/NRD90M,,chrome 66.0 for android,
Windows|Windows 7|chrome 66.0|1600x1200,Windows,Windows 7,chrome 66.0,1600x1200
XT1096|UNK|chrome 66.0 for android|UNK,XT1096,,chrome 66.0 for android,
DLI-L22 Build/HONORDLI-L22|UNK|chrome 66.0 for android|UNK,DLI-L22 Build/HONORDLI-L22,,chrome 66.0 for android,
MacOS|Mac OS X 10_11_6|safari 11.0|5120x2880,MacOS,Mac OS X 10_11_6,safari 11.0,5120x2880
MacOS|Mac OS X 10_13_4|safari 11.0|4096x2304,MacOS,Mac OS X 10_13_4,safari 11.0,4096x2304
SM-G800M Build/KOT49H|UNK|chrome 66.0 for android|UNK,SM-G800M Build/KOT49H,,chrome 66.0 for android,
SM-G930V Build/MMB29M|Android 6.0.1|chrome 65.0 for android|2560x1440,SM-G930V Build/MMB29M,Android 6.0.1,chrome 65.0 for android,2560x1440
iOS Device|iOS 11.3.0|firefox|2001x1125,iOS Device,iOS 11.3.0,firefox,2001x1125
Windows|Windows 10|chrome 66.0|3840x2160,Windows,Windows 10,chrome 66.0,3840x2160
MacOS|Mac OS X 10_11_6|chrome 65.0|1600x900,MacOS,Mac OS X 10_11_6,chrome 65.0,1600x900
ZTE BLADE V8 MINI Build/NRD90M|UNK|chrome 66.0 for android|UNK,ZTE BLADE V8 MINI Build/NRD90M,,chrome 66.0 for android,
SM-G570M Build/MMB29K|UNK|chrome 66.0 for android|UNK,SM-G570M Build/MMB29K,,chrome 66.0 for android,
SM-J727V Build/NRD90M|Android 7.0|chrome 66.0 for android|1280x720,SM-J727V Build/NRD90M,Android 7.0,chrome 66.0 for android,1280x720
iOS Device|iOS 11.4.0|mobile safari 11.0|1334x750,iOS Device,iOS 11.4.0,mobile safari 11.0,1334x750
Redmi 5 Plus Build/N2G47H|UNK|chrome 66.0 for android|UNK,Redmi 5 Plus Build/N2G47H,,chrome 66.0 for android,
SM-G800F Build/MMB29K|UNK|chrome 66.0 for android|UNK,SM-G800F Build/MMB29K,,chrome 66.0 for android,
iOS Device|iOS 11.3.1|google search application 48.0|2224x1668,iOS Device,iOS 11.3.1,google search application 48.0,2224x1668
E6603 Build/32.4.A.1.54|UNK|chrome 66.0 for android|UNK,E6603 Build/32.4.A.1.54,,chrome 66.0 for android,
SM-A530F Build/NMF26X|UNK|chrome 66.0 for android|UNK,SM-A530F Build/NMF26X,,chrome 66.0 for android,
MacOS|Mac OS X 10_13_3|safari 11.0|1440x900,MacOS,Mac OS X 10_13_3,safari 11.0,1440x900
MacOS|Mac OS X 10_13_1|safari 11.0|2880x1800,MacOS,Mac OS X 10_13_1,safari 11.0,2880x1800
MYA-L13 Build/HUAWEIMYA-L13|UNK|chrome 66.0 for android|UNK,MYA-L13 Build/HUAWEIMYA-L13,,chrome 66.0 for android,
SM-G925I Build/NRD90M|UNK|chrome 59.0 for android|UNK,SM-G925I Build/NRD90M,,chrome 59.0 for android,
Lenovo TB3-710F Build/LRX21M|UNK|chrome 66.0 for android|UNK,Lenovo TB3-710F Build/LRX21M,,chrome 66.0 for android,
Windows|Windows 8.1|chrome 66.0|1024x768,Windows,Windows 8.1,chrome 66.0,1024x768
XT1710-02 Build/NDSS26.118-23-19-6|Android 7.1.1|chrome 66.0 for android|1920x1080,XT1710-02 Build/NDSS26.118-23-19-6,Android 7.1.1,chrome 66.0 for android,1920x1080
Lenovo-A6020l36 Build/LMY47V|UNK|chrome 43.0 for android|UNK,Lenovo-A6020l36 Build/LMY47V,,chrome 43.0 for android,
XT1710-02 Build/NDSS26.118-23-19-6|UNK|chrome 66.0 for android|UNK,XT1710-02 Build/NDSS26.118-23-19-6,,chrome 66.0 for android,
Blade V6 Plus Build/MRA58K|UNK|chrome 66.0 for android|UNK,Blade V6 Plus Build/MRA58K,,chrome 66.0 for android,
MacOS|Mac OS X 10_12_5|safari 10.0|2560x1600,MacOS,Mac OS X 10_12_5,safari 10.0,2560x1600
Moto G (5) Build/NPPS25.137-93-4|UNK|chrome 65.0 for android|UNK,Moto G (5) Build/NPPS25.137-93-4,,chrome 65.0 for android,
MacOS|Mac OS X 10_11_6|safari 11.0|1440x900,MacOS,Mac OS X 10_11_6,safari 11.0,1440x900
MacOS|Mac OS X 10_11_6|safari 11.0|1280x800,MacOS,Mac OS X 10_11_6,safari 11.0,1280x800
SM-G965U Build/R16NW|Android 8.0.0|chrome 66.0 for android|2220x1081,SM-G965U Build/R16NW,Android 8.0.0,chrome 66.0 for android,2220x1081
iOS Device|iOS 11.3.1|google|2208x1242,iOS Device,iOS 11.3.1,google,2208x1242
Windows|Windows 10|chrome 66.0|1920x1081,Windows,Windows 10,chrome 66.0,1920x1081
HTC Desire 650 Build/MMB29M|UNK|chrome 66.0 for android|UNK,HTC Desire 650 Build/MMB29M,,chrome 66.0 for android,
SM-G950F Build/NRD90M|UNK|chrome 66.0 for android|UNK,SM-G950F Build/NRD90M,,chrome 66.0 for android,
SAMSUNG-SM-G890A Build/NRD90M|Android 7.0|chrome 65.0 for android|2560x1440,SAMSUNG-SM-G890A Build/NRD90M,Android 7.0,chrome 65.0 for android,2560x1440
UNK|Linux|chrome 66.0|1366x768,,Linux,chrome 66.0,1366x768
SM-J710MN Build/MMB29K|UNK|chrome 66.0 for android|UNK,SM-J710MN Build/MMB29K,,chrome 66.0 for android,
MacOS|Mac OS X 10_12_6|chrome 66.0|2560x1440,MacOS,Mac OS X 10_12_6,chrome 66.0,2560x1440
Pixel|UNK|chrome 66.0 for android|UNK,Pixel,,chrome 66.0 for android,
MacOS|Mac OS X 10_13_4|safari 11.0|1280x800,MacOS,Mac OS X 10_13_4,safari 11.0,1280x800
MacOS|Mac OS X 10_10_5|chrome 65.0|3360x2100,MacOS,Mac OS X 10_10_5,chrome 65.0,3360x2100
MacOS|Mac OS X 10_13_4|chrome 66.0|5120x2880,MacOS,Mac OS X 10_13_4,chrome 66.0,5120x2880
Windows|Windows 10|chrome 66.0|2736x1824,Windows,Windows 10,chrome 66.0,2736x1824
MacOS|Mac OS X 10_10_5|chrome 66.0|1440x900,MacOS,Mac OS X 10_10_5,chrome 66.0,1440x900
LGMP260 Build/NRD90U|Android 7.0|chrome 66.0 for android|1280x720,LGMP260 Build/NRD90U,Android 7.0,chrome 66.0 for android,1280x720
Ilium X210 Build/LMY47I|UNK|chrome 49.0 for android|UNK,Ilium X210 Build/LMY47I,,chrome 49.0 for android,
SM-J730GM Build/NRD90M|UNK|chrome 66.0 for android|UNK,SM-J730GM Build/NRD90M,,chrome 66.0 for android,
SM-T713 Build/NRD90M|UNK|chrome 66.0 for android|UNK,SM-T713 Build/NRD90M,,chrome 66.0 for android,
STF-L09 Build/HUAWEISTF-L09|UNK|chrome 66.0 for android|UNK,STF-L09 Build/HUAWEISTF-L09,,chrome 66.0 for android,
SM-A500M Build/KTU84P|UNK|chrome 66.0 for android|UNK,SM-A500M Build/KTU84P,,chrome 66.0 for android,
SAMSUNG SM-A710M Build/NRD90M|UNK|samsung browser 6.4|UNK,SAMSUNG SM-A710M Build/NRD90M,,samsung browser 6.4,
BLL-L23 Build/HUAWEIBLL-L23|UNK|chrome 66.0 for android|UNK,BLL-L23 Build/HUAWEIBLL-L23,,chrome 66.0 for android,
SM-G950U Build/R16NW|UNK|chrome 66.0 for android|UNK,SM-G950U Build/R16NW,,chrome 66.0 for android,
SAMSUNG SM-G950U1 Build/R16NW|Android 8.0.0|samsung browser 7.0|2220x1080,SAMSUNG SM-G950U1 Build/R16NW,Android 8.0.0,samsung browser 7.0,2220x1080
SM-G935F Build/MMB29K|UNK|chrome 66.0 for android|UNK,SM-G935F Build/MMB29K,,chrome 66.0 for android,
SM-G925I Build/NRD90M|UNK|chrome 66.0 for android|UNK,SM-G925I Build/NRD90M,,chrome 66.0 for android,
MotoG3 Build/MPIS24.65-33.1-2-16|UNK|chrome 66.0 for android|UNK,MotoG3 Build/MPIS24.65-33.1-2-16,,chrome 66.0 for android,
SAMSUNG SM-G965U Build/R16NW|Android 8.0.0|samsung browser 7.0|2961x1442,SAMSUNG SM-G965U Build/R16NW,Android 8.0.0,samsung browser 7.0,2961x1442
Lenovo PB2-650Y Build/MRA58K|UNK|chrome 66.0 for android|UNK,Lenovo PB2-650Y Build/MRA58K,,chrome 66.0 for android,
MacOS|Mac OS X 10_11_6|safari 11.0|1920x1080,MacOS,Mac OS X 10_11_6,safari 11.0,1920x1080
7048A Build/LRX22G|UNK|chrome 66.0 for android|UNK,7048A Build/LRX22G,,chrome 66.0 for android,
MacOS|Mac OS X 10_11_6|safari 9.0|1152x720,MacOS,Mac OS X 10_11_6,safari 9.0,1152x720
MacOS|Mac OS X 10_12_6|chrome 66.0|1366x768,MacOS,Mac OS X 10_12_6,chrome 66.0,1366x768
SLA-L03 Build/HUAWEISLA-L03|UNK|chrome 66.0 for android|UNK,SLA-L03 Build/HUAWEISLA-L03,,chrome 66.0 for android,
G3223 Build/42.0.A.4.101|UNK|chrome 66.0 for android|UNK,G3223 Build/42.0.A.4.101,,chrome 66.0 for android,
SM-G570M Build/NRD90M|UNK|chrome 66.0 for android|UNK,SM-G570M Build/NRD90M,,chrome 66.0 for android,
VTR-L09 Build/HUAWEIVTR-L09|UNK|chrome 66.0 for android|UNK,VTR-L09 Build/HUAWEIVTR-L09,,chrome 66.0 for android,
MacOS|Mac OS X 10_10_5|safari 10.0|1440x900,MacOS,Mac OS X 10_10_5,safari 10.0,1440x900
Hisense L675 PRO Build/NRD90M|UNK|chrome 66.0 for android|UNK,Hisense L675 PRO Build/NRD90M,,chrome 66.0 for android,
SM-G920F Build/NRD90M|UNK|chrome 66.0 for android|UNK,SM-G920F Build/NRD90M,,chrome 66.0 for android,
SM-G935V Build/NRD90M|Android 7.0|chrome 66.0 for android|1920x1080,SM-G935V Build/NRD90M,Android 7.0,chrome 66.0 for android,1920x1080
Trident/7.0|Windows 8.1|ie 11.0 for desktop|3840x2160,Trident/7.0,Windows 8.1,ie 11.0 for desktop,3840x2160
MacOS|Mac OS X 10_11_6|safari 9.0|1440x900,MacOS,Mac OS X 10_11_6,safari 9.0,1440x900
Windows|Windows 7|chrome 66.0|1920x1081,Windows,Windows 7,chrome 66.0,1920x1081
LG-K580 Build/MRA58K|UNK|chrome 66.0 for android|UNK,LG-K580 Build/MRA58K,,chrome 66.0 for android,
MacOS|Mac OS X 10_13_2|safari 11.0|2880x1800,MacOS,Mac OS X 10_13_2,safari 11.0,2880x1800
AKUS|UNK|chrome 66.0 for android|UNK,AKUS,,chrome 66.0 for android,
XT1650 Build/NCLS26.118-23-13-6-5|Android 7.1.1|chrome 66.0 for android|2560x1440,XT1650 Build/NCLS26.118-23-13-6-5,Android 7.1.1,chrome 66.0 for android,2560x1440
N9560 Build/NMF26F|Android 7.1.1|chrome 65.0 for android|1920x1080,N9560 Build/NMF26F,Android 7.1.1,chrome 65.0 for android,1920x1080
SM-A320FL Build/NRD90M|UNK|chrome 66.0 for android|UNK,SM-A320FL Build/NRD90M,,chrome 66.0 for android,
Shift Build/LMY47I|UNK|chrome 46.0 for android|UNK,Shift Build/LMY47I,,chrome 46.0 for android,
EVA-L09 Build/HUAWEIEVA-L09|UNK|chrome 66.0 for android|UNK,EVA-L09 Build/HUAWEIEVA-L09,,chrome 66.0 for android,
Redmi Note 4 Build/NRD90M|UNK|chrome 66.0 for android|UNK,Redmi Note 4 Build/NRD90M,,chrome 66.0 for android,
iOS Device|iOS 10.3.3|google search application 48.0|2048x1536,iOS Device,iOS 10.3.3,google search application 48.0,2048x1536
Windows|Windows 8.1|chrome 66.0|1280x1024,Windows,Windows 8.1,chrome 66.0,1280x1024
PRA-LX3 Build/HUAWEIPRA-LX3|UNK|chrome 66.0 for android|UNK,PRA-LX3 Build/HUAWEIPRA-LX3,,chrome 66.0 for android,
SM-T670|Android 5.1.1|chrome 66.0 for android|1920x1080,SM-T670,Android 5.1.1,chrome 66.0 for android,1920x1080
SAMSUNG SM-A510F Build/NRD90M|UNK|samsung browser 6.4|UNK,SAMSUNG SM-A510F Build/NRD90M,,samsung browser 6.4,
UNK|Linux|chrome 66.0|2220x1081,,Linux,chrome 66.0,2220x1081
MacOS|Mac OS X 10_10_5|chrome 66.0|1280x1024,MacOS,Mac OS X 10_10_5,chrome 66.0,1280x1024
Moto G (4) Build/NPJS25.93-14-15|UNK|chrome 56.0 for android|UNK,Moto G (4) Build/NPJS25.93-14-15,,chrome 56.0 for android,
UNK|UNK|opera 52.0|UNK,,,opera 52.0,
Windows|Windows 7|ie 11.0 for desktop|1400x1050,Windows,Windows 7,ie 11.0 for desktop,1400x1050
TA-1028 Build/NMF26O|UNK|chrome 66.0 for android|UNK,TA-1028 Build/NMF26O,,chrome 66.0 for android,
MacOS|Mac OS X 10_12_6|chrome 66.0|3360x2100,MacOS,Mac OS X 10_12_6,chrome 66.0,3360x2100
iOS Device|iOS 11.4.1|mobile safari 11.0|2208x1242,iOS Device,iOS 11.4.1,mobile safari 11.0,2208x1242
MacOS|Mac OS X 10_13_3|safari 11.0|3840x2160,MacOS,Mac OS X 10_13_3,safari 11.0,3840x2160
Moto E (4) Build/NDQS26.69-23-2-3|Android 7.1.1|chrome 56.0 for android|1280x720,Moto E (4) Build/NDQS26.69-23-2-3,Android 7.1.1,chrome 56.0 for android,1280x720
SM-J320M Build/LMY47V|UNK|chrome 66.0 for android|UNK,SM-J320M Build/LMY47V,,chrome 66.0 for android,
verykoolS5530 Build/LMY47I|UNK|chrome 64.0 for android|UNK,verykoolS5530 Build/LMY47I,,chrome 64.0 for android,
MacOS|Mac OS X 10_11_6|safari 11.0|1920x1200,MacOS,Mac OS X 10_11_6,safari 11.0,1920x1200
iOS Device|iOS 11.3.1|chrome 66.0 for ios|1334x750,iOS Device,iOS 11.3.1,chrome 66.0 for ios,1334x750
iOS Device|iOS 11.2.6|mobile safari 11.0|2224x1668,iOS Device,iOS 11.2.6,mobile safari 11.0,2224x1668
HTC|UNK|chrome 66.0 for android|UNK,HTC,,chrome 66.0 for android,
F3213 Build/36.1.A.1.86|UNK|chrome 66.0 for android|UNK,F3213 Build/36.1.A.1.86,,chrome 66.0 for android,
Trident/7.0|Windows 10|ie 11.0 for tablet|2159x1440,Trident/7.0,Windows 10,ie 11.0 for tablet,2159x1440
Windows|Windows 10|edge 17.0|1919x1079,Windows,Windows 10,edge 17.0,1919x1079
SM-G532M Build/MMB29T|UNK|chrome 66.0 for android|UNK,SM-G532M Build/MMB29T,,chrome 66.0 for android,
SAMSUNG-SM-N920A Build/NRD90M|UNK|chrome 64.0 for android|UNK,SAMSUNG-SM-N920A Build/NRD90M,,chrome 64.0 for android,
Moto G (5) Build/NPPS25.137-15-11|UNK|chrome 66.0 for android|UNK,Moto G (5) Build/NPPS25.137-15-11,,chrome 66.0 for android,
Moto Z (2|UNK|chrome 66.0 for android|UNK,Moto Z (2,,chrome 66.0 for android,
Lenovo A2016b30 Build/MRA58K|UNK|chrome 59.0 for android|UNK,Lenovo A2016b30 Build/MRA58K,,chrome 59.0 for android,
Windows|Windows 10|chrome 66.0|3200x1800,Windows,Windows 10,chrome 66.0,3200x1800
SM-J327P Build/MMB29M|UNK|chrome 66.0 for android|UNK,SM-J327P Build/MMB29M,,chrome 66.0 for android,
SM-T560NU Build/NMF26X|UNK|chrome 66.0 for android|UNK,SM-T560NU Build/NMF26X,,chrome 66.0 for android,
HTC Desire 530 Build/MMB29M|UNK|chrome 66.0 for android|UNK,HTC Desire 530 Build/MMB29M,,chrome 66.0 for android,
MacOS|Mac OS X 10_11_6|chrome 66.0|1280x800,MacOS,Mac OS X 10_11_6,chrome 66.0,1280x800
MotoG3-TE Build/MPDS24.65-33-1-30|UNK|chrome 54.0 for android|UNK,MotoG3-TE Build/MPDS24.65-33-1-30,,chrome 54.0 for android,
LG-D693n Build/LRX22G|UNK|chrome 49.0 for android|UNK,LG-D693n Build/LRX22G,,chrome 49.0 for android,
verykoolS5005|UNK|chrome|UNK,verykoolS5005,,chrome,
Android 5.1.1|UNK|android browser 4.0|UNK,Android 5.1.1,,android browser 4.0,
LG-X180g Build/LMY47I|UNK|chrome 66.0 for android|UNK,LG-X180g Build/LMY47I,,chrome 66.0 for android,
GT-I8190L Build/JZO54K|UNK|chrome 66.0 for android|UNK,GT-I8190L Build/JZO54K,,chrome 66.0 for android,
LG-LS997 Build/NRD90M|Android 7.0|chrome 56.0 for android|2560x1440,LG-LS997 Build/NRD90M,Android 7.0,chrome 56.0 for android,2560x1440
UNK|Linux|chrome 66.0|1280x800,,Linux,chrome 66.0,1280x800
MacOS|Mac OS X 10_13_4|chrome 66.0|1848x1155,MacOS,Mac OS X 10_13_4,chrome 66.0,1848x1155
SAMSUNG|Android|samsung|1920x1080,SAMSUNG,Android,samsung,1920x1080
Moto G (5) Plus Build/NPNS25.137-92-8|UNK|chrome 66.0 for android|UNK,Moto G (5) Plus Build/NPNS25.137-92-8,,chrome 66.0 for android,
SAMSUNG-SM-G890A Build/MMB29K|UNK|chrome 66.0 for android|UNK,SAMSUNG-SM-G890A Build/MMB29K,,chrome 66.0 for android,
iOS Device|iOS 11.2.0|google search application 48.0|1334x750,iOS Device,iOS 11.2.0,google search application 48.0,1334x750
HUAWEI NXT-L09 Build/HUAWEINXT-L09|UNK|chrome 66.0 for android|UNK,HUAWEI NXT-L09 Build/HUAWEINXT-L09,,chrome 66.0 for android,
Windows|Windows 7|firefox 60.0|1366x768,Windows,Windows 7,firefox 60.0,1366x768
Windows|UNK|firefox 60.0|UNK,Windows,,firefox 60.0,
LG-D722|UNK|chrome 66.0 for android|UNK,LG-D722,,chrome 66.0 for android,
SM-G900M Build/LRX21T|UNK|chrome 66.0 for android|UNK,SM-G900M Build/LRX21T,,chrome 66.0 for android,
A3-A20|UNK|chrome 66.0 for android|UNK,A3-A20,,chrome 66.0 for android,
UNK|Android|chrome 66.0|2560x1440,,Android,chrome 66.0,2560x1440
SM-N950U Build/R16NW|Android 8.0.0|chrome 66.0 for android|2220x1080,SM-N950U Build/R16NW,Android 8.0.0,chrome 66.0 for android,2220x1080
Windows|Windows 10|firefox 60.0|1920x1080,Windows,Windows 10,firefox 60.0,1920x1080
rv:59.0|Windows 7|firefox 59.0|0x0,rv:59.0,Windows 7,firefox 59.0,0x0
iOS Device|iOS 11.1.2|google search application 48.0|2048x1536,iOS Device,iOS 11.1.2,google search application 48.0,2048x1536
Windows|Windows 10|chrome 66.0|3000x2000,Windows,Windows 10,chrome 66.0,3000x2000
8050G Build/LMY47I|UNK|chrome 66.0 for android|UNK,8050G Build/LMY47I,,chrome 66.0 for android,
Y635-L03 Build/HuaweiY635-L03|UNK|chrome 66.0 for android|UNK,Y635-L03 Build/HuaweiY635-L03,,chrome 66.0 for android,
LGMS550 Build/MXB48T|Android 6.0.1|chrome 66.0 for android|1280x720,LGMS550 Build/MXB48T,Android 6.0.1,chrome 66.0 for android,1280x720
Trident/7.0|Windows 8.1|ie 11.0 for desktop|1359x768,Trident/7.0,Windows 8.1,ie 11.0 for desktop,1359x768
Pixel|Android 8.1.0|chrome 66.0 for android|1921x1081,Pixel,Android 8.1.0,chrome 66.0 for android,1921x1081
SM-G850M|UNK|chrome 66.0 for android|UNK,SM-G850M,,chrome 66.0 for android,
TRT-L53 Build/HUAWEITRT-L53|UNK|chrome 66.0 for android|UNK,TRT-L53 Build/HUAWEITRT-L53,,chrome 66.0 for android,
MacOS|Mac OS X 10_12_6|safari 11.0|2048x1280,MacOS,Mac OS X 10_12_6,safari 11.0,2048x1280
Windows|Windows 10|chrome 66.0|1092x614,Windows,Windows 10,chrome 66.0,1092x614
MacOS|Mac|chrome 66.0|1920x1080,MacOS,Mac,chrome 66.0,1920x1080
SM-G950F Build/R16NW|Android 8.0.0|chrome 66.0 for android|2220x1080,SM-G950F Build/R16NW,Android 8.0.0,chrome 66.0 for android,2220x1080
HTC Desire 10 lifestyle Build/MMB29M|UNK|chrome 66.0 for android|UNK,HTC Desire 10 lifestyle Build/MMB29M,,chrome 66.0 for android,
iOS Device|iOS 11.2.6|mobile safari 11.0|2436x1125,iOS Device,iOS 11.2.6,mobile safari 11.0,2436x1125
moto x4 Build/NPW26.83-42|UNK|chrome 65.0 for android|UNK,moto x4 Build/NPW26.83-42,,chrome 65.0 for android,
SM-G920V Build/NRD90M|Android 7.0|chrome 66.0 for android|2560x1440,SM-G920V Build/NRD90M,Android 7.0,chrome 66.0 for android,2560x1440
Blade L5 Build/LMY47I|UNK|chrome 66.0 for android|UNK,Blade L5 Build/LMY47I,,chrome 66.0 for android,
SM-J727T1 Build/NRD90M|UNK|chrome 60.0 for android|UNK,SM-J727T1 Build/NRD90M,,chrome 60.0 for android,
SM-T555|UNK|chrome 66.0 for android|UNK,SM-T555,,chrome 66.0 for android,
iOS Device|iOS 10.2.0|google search application 48.0|2048x1536,iOS Device,iOS 10.2.0,google search application 48.0,2048x1536
Windows|Windows 10|chrome 66.0|1502x844,Windows,Windows 10,chrome 66.0,1502x844
iOS Device|iOS 10.3.3|google|2001x1125,iOS Device,iOS 10.3.3,google,2001x1125
MacOS|Mac OS X 10_13_3|safari 11.0|2560x1440,MacOS,Mac OS X 10_13_3,safari 11.0,2560x1440
SM-T350 Build/NMF26X|Android 7.1.1|chrome 66.0 for android|1024x768,SM-T350 Build/NMF26X,Android 7.1.1,chrome 66.0 for android,1024x768
iOS Device|iOS 11.2.6|chrome 66.0 for ios|2048x1536,iOS Device,iOS 11.2.6,chrome 66.0 for ios,2048x1536
Moto G (4) Build/NPJS25.93-14-13|UNK|chrome 63.0 for android|UNK,Moto G (4) Build/NPJS25.93-14-13,,chrome 63.0 for android,
MacOS|Mac OS X 10_13_3|chrome 66.0|3360x2100,MacOS,Mac OS X 10_13_3,chrome 66.0,3360x2100
Linux x86_64|Linux|firefox 60.0|1366x768,Linux x86_64,Linux,firefox 60.0,1366x768
E501|UNK|chrome 64.0 for android|UNK,E501,,chrome 64.0 for android,
HTC6545LVW|Android 8.0.0|chrome 66.0 for android|2560x1440,HTC6545LVW,Android 8.0.0,chrome 66.0 for android,2560x1440
Moto G (5) Build/NPP25.137-93|UNK|chrome 63.0 for android|UNK,Moto G (5) Build/NPP25.137-93,,chrome 63.0 for android,
ALCATEL ONE TOUCH 7047A Build/JDQ39|UNK|chrome 65.0 for android|UNK,ALCATEL ONE TOUCH 7047A Build/JDQ39,,chrome 65.0 for android,
LGL163BL|Android 7.0|chrome 66.0 for android|1280x720,LGL163BL,Android 7.0,chrome 66.0 for android,1280x720
Windows|Windows 10|firefox 60.0|1366x767,Windows,Windows 10,firefox 60.0,1366x767
F3313 Build/37.0.A.2.248|UNK|chrome 66.0 for android|UNK,F3313 Build/37.0.A.2.248,,chrome 66.0 for android,
VS986 Build/MRA58K|Android 6.0|chrome 66.0 for android|2560x1440,VS986 Build/MRA58K,Android 6.0,chrome 66.0 for android,2560x1440
SM-T820 Build/NRD90M|UNK|chrome 66.0 for android|UNK,SM-T820 Build/NRD90M,,chrome 66.0 for android,
iOS Device|iOS 11.3.0|mobile safari 11.0|2224x1668,iOS Device,iOS 11.3.0,mobile safari 11.0,2224x1668
Windows|UNK|opera 53.0|UNK,Windows,,opera 53.0,
LG-X220 Build/LMY47I|UNK|chrome 66.0 for android|UNK,LG-X220 Build/LMY47I,,chrome 66.0 for android,
iOS Device|iOS 10.3.3|google|1136x640,iOS Device,iOS 10.3.3,google,1136x640
verykoolS5524|UNK|chrome 64.0 for android|UNK,verykoolS5524,,chrome 64.0 for android,
SM-G920W8|UNK|chrome 66.0 for android|UNK,SM-G920W8,,chrome 66.0 for android,
SM-G530H Build/LRX22G|UNK|chrome 66.0 for android|UNK,SM-G530H Build/LRX22G,,chrome 66.0 for android,
SM-G955U Build/R16NW|Android 8.0.0|chrome 66.0 for android|2220x1080,SM-G955U Build/R16NW,Android 8.0.0,chrome 66.0 for android,2220x1080
SM-N920V Build/NRD90M|Android 7.0|chrome 66.0 for android|2562x1442,SM-N920V Build/NRD90M,Android 7.0,chrome 66.0 for android,2562x1442
MacOS|Mac OS X 10_13_5|safari 11.0|2560x1600,MacOS,Mac OS X 10_13_5,safari 11.0,2560x1600
Windows|Windows 10|firefox 60.0|1600x900,Windows,Windows 10,firefox 60.0,1600x900
MacOS|Mac OS X 10_13_3|chrome 66.0|1280x800,MacOS,Mac OS X 10_13_3,chrome 66.0,1280x800
SM-G928G Build/NRD90M|UNK|chrome 66.0 for android|UNK,SM-G928G Build/NRD90M,,chrome 66.0 for android,
SAMSUNG|Android 6.0.1|samsung browser 6.4|2562x1442,SAMSUNG,Android 6.0.1,samsung browser 6.4,2562x1442
SM-G935V Build/NRD90M|Android 7.0|chrome 66.0 for android|2560x1440,SM-G935V Build/NRD90M,Android 7.0,chrome 66.0 for android,2560x1440
SM-J710MN Build/NRD90M|UNK|chrome 66.0 for android|UNK,SM-J710MN Build/NRD90M,,chrome 66.0 for android,
MacOS|Mac OS X 10_13_3|chrome 66.0|2880x1800,MacOS,Mac OS X 10_13_3,chrome 66.0,2880x1800
SM-G935P Build/NRD90M|Android 7.0|chrome 66.0 for android|1920x1080,SM-G935P Build/NRD90M,Android 7.0,chrome 66.0 for android,1920x1080
6037B|UNK|chrome 66.0 for android|UNK,6037B,,chrome 66.0 for android,
MacOS|Mac OS X 10_11_6|chrome 66.0|2880x1800,MacOS,Mac OS X 10_11_6,chrome 66.0,2880x1800
MacOS|Mac OS X 10_12_6|chrome 66.0|1280x800,MacOS,Mac OS X 10_12_6,chrome 66.0,1280x800
MacOS|Mac OS X 10_12|safari 10.0|1440x900,MacOS,Mac OS X 10_12,safari 10.0,1440x900
SAMSUNG SM-G965U Build/R16NW|Android 8.0.0|samsung browser 7.0|2220x1081,SAMSUNG SM-G965U Build/R16NW,Android 8.0.0,samsung browser 7.0,2220x1081
iOS Device|iOS 11.3.0|chrome 66.0 for ios|2436x1125,iOS Device,iOS 11.3.0,chrome 66.0 for ios,2436x1125
Windows|Windows 10|chrome 66.0|2048x1152,Windows,Windows 10,chrome 66.0,2048x1152
MacOS|Mac OS X 10_12_5|safari 10.0|1440x900,MacOS,Mac OS X 10_12_5,safari 10.0,1440x900
BLADE V8 SE Build/NRD90M|UNK|chrome 66.0 for android|UNK,BLADE V8 SE Build/NRD90M,,chrome 66.0 for android,
SAMSUNG SM-G531H Build/LMY48B|UNK|samsung browser 6.4|UNK,SAMSUNG SM-G531H Build/LMY48B,,samsung browser 6.4,
Z833|Android 6.0.1|chrome 66.0 for android|855x480,Z833,Android 6.0.1,chrome 66.0 for android,855x480
Windows|Windows 10|chrome 66.0|2112x1188,Windows,Windows 10,chrome 66.0,2112x1188
Windows|Windows 7|chrome 66.0|1025x768,Windows,Windows 7,chrome 66.0,1025x768
SM-N950U Build/NMF26X|Android 7.1.1|chrome 66.0 for android|2220x1081,SM-N950U Build/NMF26X,Android 7.1.1,chrome 66.0 for android,2220x1081
SAMSUNG|UNK|samsung|UNK,SAMSUNG,,samsung,
UNK|UNK|google search application 48.0|UNK,,,google search application 48.0,
iOS Device|iOS 11.2.6|mobile safari 11.0|2001x1125,iOS Device,iOS 11.2.6,mobile safari 11.0,2001x1125
XT1064 Build/MPB24.65-34-3|UNK|chrome 66.0 for android|UNK,XT1064 Build/MPB24.65-34-3,,chrome 66.0 for android,
MacOS|Mac OS X 10_11_6|safari 9.0|1920x1080,MacOS,Mac OS X 10_11_6,safari 9.0,1920x1080
SM-T530NU Build/LRX22G|Android 5.0.2|chrome 66.0 for android|1280x800,SM-T530NU Build/LRX22G,Android 5.0.2,chrome 66.0 for android,1280x800
LG-H990 Build/NRD90M|UNK|chrome 66.0 for android|UNK,LG-H990 Build/NRD90M,,chrome 66.0 for android,
Moto G (4) Build/NPJS25.93-14-10|UNK|chrome 66.0 for android|UNK,Moto G (4) Build/NPJS25.93-14-10,,chrome 66.0 for android,
LG-TP450 Build/NRD90U|Android 7.0|chrome 66.0 for android|1920x1080,LG-TP450 Build/NRD90U,Android 7.0,chrome 66.0 for android,1920x1080
MacOS|Mac OS X 10_10_5|safari 10.0|2880x1800,MacOS,Mac OS X 10_10_5,safari 10.0,2880x1800
Pixel Build/OPM4.171019.016.B1|Android 8.1.0|android webview 4.0|1921x1081,Pixel Build/OPM4.171019.016.B1,Android 8.1.0,android webview 4.0,1921x1081
XT1032|UNK|chrome 65.0 for android|UNK,XT1032,,chrome 65.0 for android,
TA-1044 Build/OPR1.170623.026|UNK|chrome 66.0 for android|UNK,TA-1044 Build/OPR1.170623.026,,chrome 66.0 for android,
Windows|Windows 10|chrome 66.0|3441x1440,Windows,Windows 10,chrome 66.0,3441x1440
iOS Device|iOS 11.3.0|google|2048x1536,iOS Device,iOS 11.3.0,google,2048x1536
F3113 Build/33.3.A.1.97|UNK|chrome 66.0 for android|UNK,F3113 Build/33.3.A.1.97,,chrome 66.0 for android,
Alcatel_5044R Build/NRD90M|Android 7.0|chrome 66.0 for android|855x480,Alcatel_5044R Build/NRD90M,Android 7.0,chrome 66.0 for android,855x480
rv:59.0|Android 8.0.0|firefox|2220x1080,rv:59.0,Android 8.0.0,firefox,2220x1080
SAMSUNG SM-G531H Build/LMY48B|UNK|samsung browser 3.3|UNK,SAMSUNG SM-G531H Build/LMY48B,,samsung browser 3.3,
SM-G920P Build/NRD90M|Android 7.0|chrome 66.0 for android|2560x1440,SM-G920P Build/NRD90M,Android 7.0,chrome 66.0 for android,2560x1440
iOS Device|iOS 11.3.0|google search application 48.0|2048x1536,iOS Device,iOS 11.3.0,google search application 48.0,2048x1536
SM-G920P|Android 6.0.1|chrome 66.0 for android|2560x1440,SM-G920P,Android 6.0.1,chrome 66.0 for android,2560x1440
iOS Device|iOS 11.2.6|chrome 66.0 for ios|2208x1242,iOS Device,iOS 11.2.6,chrome 66.0 for ios,2208x1242
Z983 Build/NMF26F|Android 7.1.1|chrome 55.0 for android|1920x1080,Z983 Build/NMF26F,Android 7.1.1,chrome 55.0 for android,1920x1080
E6790TM|Android 5.1.1|chrome 66.0 for android|1281x720,E6790TM,Android 5.1.1,chrome 66.0 for android,1281x720
FIG-LX3 Build/HUAWEIFIG-LX3|UNK|chrome 66.0 for android|UNK,FIG-LX3 Build/HUAWEIFIG-LX3,,chrome 66.0 for android,
rv:59.0|Windows 7|firefox 59.0|1440x900,rv:59.0,Windows 7,firefox 59.0,1440x900
HTC One A9s Build/MRA58K|UNK|chrome 66.0 for android|UNK,HTC One A9s Build/MRA58K,,chrome 66.0 for android,
CPH1607|UNK|chrome 66.0 for android|UNK,CPH1607,,chrome 66.0 for android,
Hisense F32 Build/NMF26F|UNK|chrome 66.0 for android|UNK,Hisense F32 Build/NMF26F,,chrome 66.0 for android,
SM-G920T|UNK|chrome 66.0 for android|UNK,SM-G920T,,chrome 66.0 for android,
iris 870 Build/MRA58K|UNK|chrome 49.0 for android|UNK,iris 870 Build/MRA58K,,chrome 49.0 for android,
MotoG3 Build/MPI24.65-33.1-2|UNK|chrome 66.0 for android|UNK,MotoG3 Build/MPI24.65-33.1-2,,chrome 66.0 for android,
MacOS|Mac OS X 10_11_6|safari 10.0|1440x900,MacOS,Mac OS X 10_11_6,safari 10.0,1440x900
Windows|Windows 10|firefox 60.0|1366x768,Windows,Windows 10,firefox 60.0,1366x768
MacOS|Mac OS X 10_10_5|chrome 66.0|1920x1200,MacOS,Mac OS X 10_10_5,chrome 66.0,1920x1200
Trident/7.0|Windows 8.1|ie 11.0 for tablet|1366x767,Trident/7.0,Windows 8.1,ie 11.0 for tablet,1366x767
MacOS|Mac OS X 10_11_6|chrome 55.0|2880x1800,MacOS,Mac OS X 10_11_6,chrome 55.0,2880x1800
Windows|Windows 10|edge 17.0|1366x768,Windows,Windows 10,edge 17.0,1366x768
Ilium X710 Build/MRA58K|UNK|chrome 66.0 for android|UNK,Ilium X710 Build/MRA58K,,chrome 66.0 for android,
MacOS|Mac OS X 10_12_6|safari 10.0|2880x1800,MacOS,Mac OS X 10_12_6,safari 10.0,2880x1800
Ilium|UNK|chrome 66.0 for android|UNK,Ilium,,chrome 66.0 for android,
ALP-L09 Build/HUAWEIALP-L09S|UNK|chrome 66.0 for android|UNK,ALP-L09 Build/HUAWEIALP-L09S,,chrome 66.0 for android,
iOS Device|iOS 11.3.1|google search application 48.0|1136x640,iOS Device,iOS 11.3.1,google search application 48.0,1136x640
MacOS|Mac OS X 10_12_6|chrome 66.0|1920x1080,MacOS,Mac OS X 10_12_6,chrome 66.0,1920x1080
MacOS|Mac OS X 10_12_6|safari 10.0|1440x900,MacOS,Mac OS X 10_12_6,safari 10.0,1440x900
HUAWEI VNS-L23 Build/HUAWEIVNS-L23|UNK|chrome 66.0 for android|UNK,HUAWEI VNS-L23 Build/HUAWEIVNS-L23,,chrome 66.0 for android,
MacOS|Mac OS X 10_13_2|safari 11.0|2560x1600,MacOS,Mac OS X 10_13_2,safari 11.0,2560x1600
iOS Device|iOS 11.3.0|google search application 48.0|2436x1125,iOS Device,iOS 11.3.0,google search application 48.0,2436x1125
iOS Device|iOS 11.3.0|google search application 48.0|1334x750,iOS Device,iOS 11.3.0,google search application 48.0,1334x750
Moto G (5) Plus Build/NPNS25.137-92-10|UNK|chrome 66.0 for android|UNK,Moto G (5) Plus Build/NPNS25.137-92-10,,chrome 66.0 for android,
LG-K350|UNK|chrome 66.0 for android|UNK,LG-K350,,chrome 66.0 for android,
ALCATEL ONE TOUCH 7047A Build/JDQ39|UNK|chrome|UNK,ALCATEL ONE TOUCH 7047A Build/JDQ39,,chrome,
GT-I9060M Build/KTU84P|UNK|chrome 66.0 for android|UNK,GT-I9060M Build/KTU84P,,chrome 66.0 for android,
MacOS|Mac OS X 10_13_4|chrome 66.0|1280x800,MacOS,Mac OS X 10_13_4,chrome 66.0,1280x800
SAMSUNG SM-G955U Build/R16NW|Android 8.0.0|samsung browser 7.0|2220x1080,SAMSUNG SM-G955U Build/R16NW,Android 8.0.0,samsung browser 7.0,2220x1080
Bolt|UNK|chrome 66.0 for android|UNK,Bolt,,chrome 66.0 for android,
SM-G930P Build/NRD90M|Android 7.0|chrome 66.0 for android|1920x1080,SM-G930P Build/NRD90M,Android 7.0,chrome 66.0 for android,1920x1080
LG-D373|UNK|chrome 64.0 for android|UNK,LG-D373,,chrome 64.0 for android,
Windows|Windows 10|chrome 66.0|2160x1440,Windows,Windows 10,chrome 66.0,2160x1440
Hisense F20 Build/MMB29M|UNK|chrome 66.0 for android|UNK,Hisense F20 Build/MMB29M,,chrome 66.0 for android,
LG-M200 Build/NRD90U|UNK|chrome 66.0 for android|UNK,LG-M200 Build/NRD90U,,chrome 66.0 for android,
LGLS676 Build/MXB48T|UNK|chrome 66.0 for android|UNK,LGLS676 Build/MXB48T,,chrome 66.0 for android,
Moto|UNK|chrome 66.0 for android|UNK,Moto,,chrome 66.0 for android,
Windows|Windows 7|firefox 59.0|2560x1440,Windows,Windows 7,firefox 59.0,2560x1440
5044A|UNK|chrome 64.0 for android|UNK,5044A,,chrome 64.0 for android,
MacOS|Mac|safari|1366x768,MacOS,Mac,safari,1366x768
G3313 Build/43.0.A.7.25|UNK|android webview 4.0|UNK,G3313 Build/43.0.A.7.25,,android webview 4.0,
iOS Device|iOS 11.3.1|google search application 48.0|2436x1125,iOS Device,iOS 11.3.1,google search application 48.0,2436x1125
Ilium L1120 Build/NRD90M|UNK|chrome 66.0 for android|UNK,Ilium L1120 Build/NRD90M,,chrome 66.0 for android,
HTC|Android 8.0.0|chrome 66.0 for android|1920x1080,HTC,Android 8.0.0,chrome 66.0 for android,1920x1080
Windows|Windows 10|edge 16.0|5760x1080,Windows,Windows 10,edge 16.0,5760x1080
MacOS|Mac OS X 10_12|safari 10.0|1366x768,MacOS,Mac OS X 10_12,safari 10.0,1366x768
SM-G965U Build/R16NW|Android 8.0.0|chrome 66.0 for android|2961x1442,SM-G965U Build/R16NW,Android 8.0.0,chrome 66.0 for android,2961x1442
MacOS|Mac OS X 10_12_1|safari 10.0|2560x1600,MacOS,Mac OS X 10_12_1,safari 10.0,2560x1600
5080A Build/MRA58K|UNK|chrome 66.0 for android|UNK,5080A Build/MRA58K,,chrome 66.0 for android,
KFGIWI Build/LVY48F|Android 5.1.1|chrome 66.0 for android|1280x800,KFGIWI Build/LVY48F,Android 5.1.1,chrome 66.0 for android,1280x800
M4 SS4451 Build/LMY47D|UNK|chrome 66.0 for android|UNK,M4 SS4451 Build/LMY47D,,chrome 66.0 for android,
E5506 Build/29.2.A.0.166|UNK|chrome 66.0 for android|UNK,E5506 Build/29.2.A.0.166,,chrome 66.0 for android,
SAMSUNG SM-G890A Build/NRD90M|UNK|samsung browser 6.4|UNK,SAMSUNG SM-G890A Build/NRD90M,,samsung browser 6.4,
MacOS|Mac OS X 10_12_1|safari 10.0|1280x800,MacOS,Mac OS X 10_12_1,safari 10.0,1280x800
iOS Device|iOS 11.3.0|chrome 63.0 for ios|1334x750,iOS Device,iOS 11.3.0,chrome 63.0 for ios,1334x750
MHA-L29 Build/HUAWEIMHA-L29|Android 8.0.0|chrome 66.0 for android|1920x1080,MHA-L29 Build/HUAWEIMHA-L29,Android 8.0.0,chrome 66.0 for android,1920x1080
M4 SS4456 Build/LMY47V|UNK|chrome 66.0 for android|UNK,M4 SS4456 Build/LMY47V,,chrome 66.0 for android,
MacOS|Mac OS X 10_13_4|chrome 66.0|2048x1152,MacOS,Mac OS X 10_13_4,chrome 66.0,2048x1152
Pixel 2 XL Build/OPM2.171019.029|Android 8.1.0|chrome 66.0 for android|2880x1442,Pixel 2 XL Build/OPM2.171019.029,Android 8.1.0,chrome 66.0 for android,2880x1442
KFSUWI Build/LVY48F|Android 5.1.1|chrome 66.0 for android|1920x1200,KFSUWI Build/LVY48F,Android 5.1.1,chrome 66.0 for android,1920x1200
SM-G930V Build/NRD90M|Android 7.0|chrome 66.0 for android|2560x1440,SM-G930V Build/NRD90M,Android 7.0,chrome 66.0 for android,2560x1440
iOS Device|iOS 11.0.2|chrome 66.0 for ios|1334x750,iOS Device,iOS 11.0.2,chrome 66.0 for ios,1334x750
SAMSUNG SM-G935T Build/NRD90M|Android 7.0|samsung browser 6.4|1920x1080,SAMSUNG SM-G935T Build/NRD90M,Android 7.0,samsung browser 6.4,1920x1080
SM-G900P Build/MMB29M|Android 6.0.1|chrome 66.0 for android|1920x1080,SM-G900P Build/MMB29M,Android 6.0.1,chrome 66.0 for android,1920x1080
rv:56.0|Mac OS X 10.11|firefox 56.0|1152x720,rv:56.0,Mac OS X 10.11,firefox 56.0,1152x720
Windows|Windows 10|UNK|1366x768,Windows,Windows 10,,1366x768
iOS Device|iOS 11.3.1|chrome 66.0 for ios|2436x1125,iOS Device,iOS 11.3.1,chrome 66.0 for ios,2436x1125
UNK|Android|chrome 66.0|1024x600,,Android,chrome 66.0,1024x600
Build/OPR1.170623.032|UNK|chrome 66.0 for android|UNK,Build/OPR1.170623.032,,chrome 66.0 for android,
SM-A710M Build/LMY47X|UNK|chrome 66.0 for android|UNK,SM-A710M Build/LMY47X,,chrome 66.0 for android,
5049W Build/NRD90M|Android 7.0|chrome 66.0 for android|1280x720,5049W Build/NRD90M,Android 7.0,chrome 66.0 for android,1280x720
MacOS|Mac OS X 10_12_1|chrome 64.0|2048x1278,MacOS,Mac OS X 10_12_1,chrome 64.0,2048x1278
SAMSUNG-SM-G920AZ|UNK|chrome 66.0 for android|UNK,SAMSUNG-SM-G920AZ,,chrome 66.0 for android,
Pixel Build/OPM4.171019.016.B1|Android 8.1.0|chrome 66.0 for android|1921x1081,Pixel Build/OPM4.171019.016.B1,Android 8.1.0,chrome 66.0 for android,1921x1081
Windows|Windows 7|firefox 60.0|1920x1080,Windows,Windows 7,firefox 60.0,1920x1080
MacOS|Mac OS X 10_13_3|safari 11.0|2560x1600,MacOS,Mac OS X 10_13_3,safari 11.0,2560x1600
rv:59.0|Mac OS X 10.10|firefox 59.0|2560x1600,rv:59.0,Mac OS X 10.10,firefox 59.0,2560x1600
rv:59.0|Windows 10|firefox 59.0|1366x767,rv:59.0,Windows 10,firefox 59.0,1366x767
Windows|Windows 10|firefox 60.0|1680x1050,Windows,Windows 10,firefox 60.0,1680x1050
rv:50.0|Windows 10|firefox|1366x768,rv:50.0,Windows 10,firefox,1366x768
LGL83BL|UNK|chrome 66.0 for android|UNK,LGL83BL,,chrome 66.0 for android,
Windows|Windows 8.1|chrome 66.0|1368x768,Windows,Windows 8.1,chrome 66.0,1368x768
HUAWEI Y560-L03 Build/HUAWEIY560-L03|UNK|chrome 66.0 for android|UNK,HUAWEI Y560-L03 Build/HUAWEIY560-L03,,chrome 66.0 for android,
Moto G (5) Build/NPP25.137-72|UNK|chrome 66.0 for android|UNK,Moto G (5) Build/NPP25.137-72,,chrome 66.0 for android,
LG-H830|Android 6.0.1|chrome 66.0 for android|2560x1440,LG-H830,Android 6.0.1,chrome 66.0 for android,2560x1440
iOS Device|iOS 10.3.3|chrome 66.0 for ios|2001x1125,iOS Device,iOS 10.3.3,chrome 66.0 for ios,2001x1125
VS988 Build/NRD90U|Android 7.0|chrome 66.0 for android|2672x1440,VS988 Build/NRD90U,Android 7.0,chrome 66.0 for android,2672x1440
MacOS|Mac OS X 10_12_6|safari 10.0|1280x800,MacOS,Mac OS X 10_12_6,safari 10.0,1280x800
SAMSUNG-SM-G920A Build/NRD90M|Android 7.0|chrome 66.0 for android|2560x1440,SAMSUNG-SM-G920A Build/NRD90M,Android 7.0,chrome 66.0 for android,2560x1440
LGMS550 Build/MXB48T|UNK|chrome 55.0 for android|UNK,LGMS550 Build/MXB48T,,chrome 55.0 for android,
Windows|Windows 10|opera 52.0|3200x1800,Windows,Windows 10,opera 52.0,3200x1800
MacOS|Mac|chrome 66.0|2560x1440,MacOS,Mac,chrome 66.0,2560x1440
Windows|Windows 10|edge 17.0|1920x1080,Windows,Windows 10,edge 17.0,1920x1080
iOS Device|iOS 11.3.0|google search application 48.0|2001x1125,iOS Device,iOS 11.3.0,google search application 48.0,2001x1125
SM-G955U Build/NRD90M|Android 7.0|chrome 66.0 for android|2220x1081,SM-G955U Build/NRD90M,Android 7.0,chrome 66.0 for android,2220x1081
SM-A320Y Build/NRD90M|UNK|chrome 66.0 for android|UNK,SM-A320Y Build/NRD90M,,chrome 66.0 for android,
Windows|Windows 10|UNK|1366x767,Windows,Windows 10,,1366x767
Windows|Windows 10|chrome 66.0|2880x1800,Windows,Windows 10,chrome 66.0,2880x1800
MacOS|Mac OS X 10_13_4|chrome 66.0|3840x2400,MacOS,Mac OS X 10_13_4,chrome 66.0,3840x2400
SM-J700T Build/MMB29K|UNK|chrome 66.0 for android|UNK,SM-J700T Build/MMB29K,,chrome 66.0 for android,
SM-G950U Build/NRD90M|Android 7.0|chrome 66.0 for android|2220x1080,SM-G950U Build/NRD90M,Android 7.0,chrome 66.0 for android,2220x1080
Moto G (5S|UNK|chrome 66.0 for android|UNK,Moto G (5S,,chrome 66.0 for android,
MacOS|Mac OS X 10_9_5|safari 9.0|2880x1800,MacOS,Mac OS X 10_9_5,safari 9.0,2880x1800
BLU LIFE XL Build/L050U|UNK|chrome 66.0 for android|UNK,BLU LIFE XL Build/L050U,,chrome 66.0 for android,
MacOS|Mac OS X 10_13_2|chrome 66.0|1920x1080,MacOS,Mac OS X 10_13_2,chrome 66.0,1920x1080
MacOS|Mac OS X 10_13_4|safari 11.0|1366x768,MacOS,Mac OS X 10_13_4,safari 11.0,1366x768
G3123 Build/40.0.A.6.189|UNK|chrome 66.0 for android|UNK,G3123 Build/40.0.A.6.189,,chrome 66.0 for android,
SM-G930T Build/NRD90M|Android 7.0|chrome 66.0 for android|1920x1080,SM-G930T Build/NRD90M,Android 7.0,chrome 66.0 for android,1920x1080
E6553|UNK|chrome 66.0 for android|UNK,E6553,,chrome 66.0 for android,
rv:60.0|Mac OS X 10.13|firefox 60.0|2880x1800,rv:60.0,Mac OS X 10.13,firefox 60.0,2880x1800
MacOS|Mac OS X 10_13_3|chrome 66.0|2560x1600,MacOS,Mac OS X 10_13_3,chrome 66.0,2560x1600
Pixel 2 XL Build/OPM2.171019.029.B1|Android 8.1.0|chrome 66.0 for android|2880x1442,Pixel 2 XL Build/OPM2.171019.029.B1,Android 8.1.0,chrome 66.0 for android,2880x1442
Lenovo TB3-710I Build/LMY47I|UNK|chrome 62.0 for android|UNK,Lenovo TB3-710I Build/LMY47I,,chrome 62.0 for android,
SAMSUNG SM-J327A Build/NRD90M|Android 7.0|samsung browser 6.4|1280x720,SAMSUNG SM-J327A Build/NRD90M,Android 7.0,samsung browser 6.4,1280x720
Moto G (5) Build/NPPS25.137-93-8|UNK|chrome 66.0 for android|UNK,Moto G (5) Build/NPPS25.137-93-8,,chrome 66.0 for android,
rv:60.0|UNK|firefox|UNK,rv:60.0,,firefox,
B1-750|UNK|chrome 60.0 for android|UNK,B1-750,,chrome 60.0 for android,
LG-X240 Build/MRA58K|UNK|chrome 66.0 for android|UNK,LG-X240 Build/MRA58K,,chrome 66.0 for android,
MacOS|Mac OS X 10_13_4|chrome 66.0|2591x1619,MacOS,Mac OS X 10_13_4,chrome 66.0,2591x1619
MacOS|Mac OS X 10_11_6|chrome 66.0|2560x1440,MacOS,Mac OS X 10_11_6,chrome 66.0,2560x1440
Redmi|UNK|chrome 66.0 for android|UNK,Redmi,,chrome 66.0 for android,
Android 4.4.2|UNK|android browser 4.0|UNK,Android 4.4.2,,android browser 4.0,
SM-E700M|UNK|chrome 66.0 for android|UNK,SM-E700M,,chrome 66.0 for android,
Trident/7.0|Windows 10|ie 11.0 for desktop|1600x899,Trident/7.0,Windows 10,ie 11.0 for desktop,1600x899
SM-J327T1 Build/NRD90M|UNK|chrome 66.0 for android|UNK,SM-J327T1 Build/NRD90M,,chrome 66.0 for android,
LG-K410 Build/LRX22G|UNK|chrome 66.0 for android|UNK,LG-K410 Build/LRX22G,,chrome 66.0 for android,
SM-T530 Build/LRX22G|UNK|chrome 66.0 for android|UNK,SM-T530 Build/LRX22G,,chrome 66.0 for android,
SM-G9600 Build/R16NW|UNK|chrome 66.0 for android|UNK,SM-G9600 Build/R16NW,,chrome 66.0 for android,
SM-G530T1|UNK|chrome 66.0 for android|UNK,SM-G530T1,,chrome 66.0 for android,
TA-1025 Build/OPR1.170623.026|UNK|chrome 66.0 for android|UNK,TA-1025 Build/OPR1.170623.026,,chrome 66.0 for android,
SM-N950U Build/NMF26X|UNK|chrome 66.0 for android|UNK,SM-N950U Build/NMF26X,,chrome 66.0 for android,
Pixel|Android 8.1.0|chrome 66.0 for android|2562x1442,Pixel,Android 8.1.0,chrome 66.0 for android,2562x1442
iOS Device|iOS 11.2.6|google search application 48.0|2048x1536,iOS Device,iOS 11.2.6,google search application 48.0,2048x1536
SM-G920P Build/NRD90M|UNK|chrome 66.0 for android|UNK,SM-G920P Build/NRD90M,,chrome 66.0 for android,
Redmi 4X Build/N2G47H|UNK|chrome 66.0 for android|UNK,Redmi 4X Build/N2G47H,,chrome 66.0 for android,
M4 SS4458 Build/MMB29M|UNK|chrome 66.0 for android|UNK,M4 SS4458 Build/MMB29M,,chrome 66.0 for android,
SAMSUNG-SM-N900A Build/LRX21V|UNK|chrome 66.0 for android|UNK,SAMSUNG-SM-N900A Build/LRX21V,,chrome 66.0 for android,
MacOS|Mac OS X 10_12_6|safari 11.0|5120x2880,MacOS,Mac OS X 10_12_6,safari 11.0,5120x2880
S471|UNK|android webview 4.0|UNK,S471,,android webview 4.0,
Linux x86_64|UNK|chrome|UNK,Linux x86_64,,chrome,
SM-N920G Build/NRD90M|UNK|chrome 66.0 for android|UNK,SM-N920G Build/NRD90M,,chrome 66.0 for android,
QTAQZ3 Build/LMY47V|Android 5.1.1|chrome 66.0 for android|1280x800,QTAQZ3 Build/LMY47V,Android 5.1.1,chrome 66.0 for android,1280x800
SM-J500M Build/LMY48B|UNK|chrome 66.0 for android|UNK,SM-J500M Build/LMY48B,,chrome 66.0 for android,
MacOS|Mac OS X 10_12_6|chrome 66.0|4200x2625,MacOS,Mac OS X 10_12_6,chrome 66.0,4200x2625
Moto G (5) Build/NPPS25.137-15-11|UNK|chrome 65.0 for android|UNK,Moto G (5) Build/NPPS25.137-15-11,,chrome 65.0 for android,
LG-H840 Build/MMB29M|UNK|chrome 66.0 for android|UNK,LG-H840 Build/MMB29M,,chrome 66.0 for android,
Windows|Windows 10|edge 14.0|1280x1023,Windows,Windows 10,edge 14.0,1280x1023
MacOS|Mac OS X 10_13_4|chrome 65.0|1680x1050,MacOS,Mac OS X 10_13_4,chrome 65.0,1680x1050
Moto G (5) Plus Build/NPNS25.137-92-8|UNK|chrome 65.0 for android|UNK,Moto G (5) Plus Build/NPNS25.137-92-8,,chrome 65.0 for android,
HUAWEI CAN-L11 Build/HUAWEICAN-L11|UNK|chrome 66.0 for android|UNK,HUAWEI CAN-L11 Build/HUAWEICAN-L11,,chrome 66.0 for android,
Blade A465 Build/LMY47D|UNK|chrome 66.0 for android|UNK,Blade A465 Build/LMY47D,,chrome 66.0 for android,
AX921 Build/MRA58K|UNK|chrome 66.0 for android|UNK,AX921 Build/MRA58K,,chrome 66.0 for android,
Windows|Windows 10|chrome 64.0|1727x971,Windows,Windows 10,chrome 64.0,1727x971
Moto Z (2|Android 8.0.0|chrome 65.0 for android|2560x1440,Moto Z (2,Android 8.0.0,chrome 65.0 for android,2560x1440
MacOS|Mac OS X 10_13_5|safari 11.0|1920x1080,MacOS,Mac OS X 10_13_5,safari 11.0,1920x1080
MacOS|Mac OS X 10_12_6|safari 11.0|4096x2304,MacOS,Mac OS X 10_12_6,safari 11.0,4096x2304
MacOS|Mac OS X 10_11_6|safari 9.0|2560x1600,MacOS,Mac OS X 10_11_6,safari 9.0,2560x1600
Windows|Windows 8|firefox 59.0|1920x1080,Windows,Windows 8,firefox 59.0,1920x1080
MacOS|Mac OS X 10_10_5|safari 10.0|1600x900,MacOS,Mac OS X 10_10_5,safari 10.0,1600x900
Moto C Build/NRD90M.057|UNK|chrome 65.0 for android|UNK,Moto C Build/NRD90M.057,,chrome 65.0 for android,
CRO-L03 Build/HUAWEICRO-L03|UNK|chrome 66.0 for android|UNK,CRO-L03 Build/HUAWEICRO-L03,,chrome 66.0 for android,
LGLS770|UNK|chrome 60.0 for android|UNK,LGLS770,,chrome 60.0 for android,
ONEPLUS A5010 Build/OPM1.171019.011|UNK|android webview 4.0|UNK,ONEPLUS A5010 Build/OPM1.171019.011,,android webview 4.0,
ZTE BLADE A6 Build/NMF26F|UNK|chrome 58.0 for android|UNK,ZTE BLADE A6 Build/NMF26F,,chrome 58.0 for android,
MacOS|Mac OS X 10_12_6|chrome 66.0|4096x2304,MacOS,Mac OS X 10_12_6,chrome 66.0,4096x2304
SM-T280 Build/LMY47V|UNK|chrome 66.0 for android|UNK,SM-T280 Build/LMY47V,,chrome 66.0 for android,
SM-G935V Build/NRD90M|UNK|chrome 66.0 for android|UNK,SM-G935V Build/NRD90M,,chrome 66.0 for android,
G3423|UNK|chrome 66.0 for android|UNK,G3423,,chrome 66.0 for android,
XT1021 Build/KXC21.5-40|UNK|chrome|UNK,XT1021 Build/KXC21.5-40,,chrome,
LG-K530 Build/MMB29M|UNK|chrome 55.0 for android|UNK,LG-K530 Build/MMB29M,,chrome 55.0 for android,
MacOS|Mac OS X 10_13_2|chrome 66.0|3600x2250,MacOS,Mac OS X 10_13_2,chrome 66.0,3600x2250
Windows|Windows 10|UNK|1600x900,Windows,Windows 10,,1600x900
UNK|Android|chrome 66.0|801x480,,Android,chrome 66.0,801x480
LG-D693n Build/LRX22G|UNK|chrome 66.0 for android|UNK,LG-D693n Build/LRX22G,,chrome 66.0 for android,
SM-T827V Build/NRD90M|Android 7.0|chrome 65.0 for android|2048x1536,SM-T827V Build/NRD90M,Android 7.0,chrome 65.0 for android,2048x1536
Moto G (4) Build/NPJS25.93-14-18|UNK|chrome 66.0 for android|UNK,Moto G (4) Build/NPJS25.93-14-18,,chrome 66.0 for android,
rv:59.0|Android 8.1.0|firefox|2710x1440,rv:59.0,Android 8.1.0,firefox,2710x1440
moto x4 Build/OPWS27.57-40-14|UNK|chrome 66.0 for android|UNK,moto x4 Build/OPWS27.57-40-14,,chrome 66.0 for android,
GT-S7582|UNK|chrome 66.0 for android|UNK,GT-S7582,,chrome 66.0 for android,
Build/OPM1.171019.011|UNK|chrome 66.0 for android|UNK,Build/OPM1.171019.011,,chrome 66.0 for android,
SAMSUNG SM-G965F Build/R16NW|Android 8.0.0|samsung browser 7.0|2220x1081,SAMSUNG SM-G965F Build/R16NW,Android 8.0.0,samsung browser 7.0,2220x1081
Lenovo K33b36 Build/MMB29M|UNK|chrome 66.0 for android|UNK,Lenovo K33b36 Build/MMB29M,,chrome 66.0 for android,
Archos|UNK|chrome 66.0 for android|UNK,Archos,,chrome 66.0 for android,
rv:59.0|Mac OS X 10.11|firefox 59.0|1280x800,rv:59.0,Mac OS X 10.11,firefox 59.0,1280x800
Windows|Windows 10|chrome 63.0|3360x2100,Windows,Windows 10,chrome 63.0,3360x2100
iOS Device|iOS 11.2.5|google search application 48.0|1136x640,iOS Device,iOS 11.2.5,google search application 48.0,1136x640
MacOS|Mac OS X 10_10_5|safari 10.0|1366x768,MacOS,Mac OS X 10_10_5,safari 10.0,1366x768
SM-J727T1 Build/NRD90M|Android 7.0|chrome 66.0 for android|1280x720,SM-J727T1 Build/NRD90M,Android 7.0,chrome 66.0 for android,1280x720
MacOS|Mac|chrome 66.0|1280x800,MacOS,Mac,chrome 66.0,1280x800
UNK|Android|chrome 66.0|855x480,,Android,chrome 66.0,855x480
SM-N9005 Build/LRX21V|UNK|chrome 66.0 for android|UNK,SM-N9005 Build/LRX21V,,chrome 66.0 for android,
SM-G900FD|UNK|chrome 63.0 for android|UNK,SM-G900FD,,chrome 63.0 for android,
SM-E500M Build/KTU84P|UNK|chrome 66.0 for android|UNK,SM-E500M Build/KTU84P,,chrome 66.0 for android,
Trident/7.0|Windows 8.1|ie 11.0 for tablet|1600x899,Trident/7.0,Windows 8.1,ie 11.0 for tablet,1600x899
SM-P350 Build/MMB29M|UNK|chrome 66.0 for android|UNK,SM-P350 Build/MMB29M,,chrome 66.0 for android,
Moto G Play Build/NPIS26.48-36-2|UNK|chrome 66.0 for android|UNK,Moto G Play Build/NPIS26.48-36-2,,chrome 66.0 for android,
Windows|Windows 10|edge 17.0|1599x900,Windows,Windows 10,edge 17.0,1599x900
XT1609 Build/NPIS26.48-38-3|UNK|chrome 57.0 for android|UNK,XT1609 Build/NPIS26.48-38-3,,chrome 57.0 for android,
SM-T113 Build/KTU84P|UNK|chrome 66.0 for android|UNK,SM-T113 Build/KTU84P,,chrome 66.0 for android,
SAMSUNG SM-G960U Build/R16NW|UNK|samsung browser 7.0|UNK,SAMSUNG SM-G960U Build/R16NW,,samsung browser 7.0,
Ilium L1000 Build/LRX22G|UNK|chrome 66.0 for android|UNK,Ilium L1000 Build/LRX22G,,chrome 66.0 for android,
Windows|Windows 10|UNK|1502x844,Windows,Windows 10,,1502x844
Linux x86_64|UNK|firefox 47.0|UNK,Linux x86_64,,firefox 47.0,
Windows|Windows 10|chrome 66.0|1280x1025,Windows,Windows 10,chrome 66.0,1280x1025
Windows|Windows 10|chrome 66.0|3360x1890,Windows,Windows 10,chrome 66.0,3360x1890
MacOS|Mac OS X 10_10_5|chrome 65.0|1280x1024,MacOS,Mac OS X 10_10_5,chrome 65.0,1280x1024
UNK|UNK|firefox 60.0|UNK,,,firefox 60.0,
MacOS|Mac OS X 10_11_6|safari 11.0|1366x768,MacOS,Mac OS X 10_11_6,safari 11.0,1366x768
Windows|Windows 10|chrome 66.0|3841x2161,Windows,Windows 10,chrome 66.0,3841x2161
BLADE A602 Build/MRA58K|UNK|chrome 66.0 for android|UNK,BLADE A602 Build/MRA58K,,chrome 66.0 for android,
Windows|Windows 8|chrome 66.0|1366x768,Windows,Windows 8,chrome 66.0,1366x768
SAMSUNG SM-G900A Build/MMB29M|Android 6.0.1|samsung browser 6.4|1920x1080,SAMSUNG SM-G900A Build/MMB29M,Android 6.0.1,samsung browser 6.4,1920x1080
UNK|Android|chrome 58.0|960x540,,Android,chrome 58.0,960x540
Windows|Windows 7|chrome 66.0|1272x960,Windows,Windows 7,chrome 66.0,1272x960
BBB100-1|UNK|chrome 66.0 for android|UNK,BBB100-1,,chrome 66.0 for android,
SM-J710F Build/NRD90M|UNK|chrome 66.0 for android|UNK,SM-J710F Build/NRD90M,,chrome 66.0 for android,
LIMIT|UNK|chrome 66.0 for android|UNK,LIMIT,,chrome 66.0 for android,
iOS Device|iOS 11.3.1|google|2048x1536,iOS Device,iOS 11.3.1,google,2048x1536
iOS Device|iOS 10.3.3|google search application 49.0|1334x750,iOS Device,iOS 10.3.3,google search application 49.0,1334x750
LG-LS777 Build/NRD90U|Android 7.0|chrome 66.0 for android|1280x720,LG-LS777 Build/NRD90U,Android 7.0,chrome 66.0 for android,1280x720
rv:60.0|UNK|firefox 60.0|UNK,rv:60.0,,firefox 60.0,
LG-H542 Build/MRA58K|UNK|chrome 66.0 for android|UNK,LG-H542 Build/MRA58K,,chrome 66.0 for android,
ZA509|UNK|android browser 4.0|UNK,ZA509,,android browser 4.0,
LG-X180g Build/LMY47I|UNK|android browser 4.0|UNK,LG-X180g Build/LMY47I,,android browser 4.0,
SM-G955U Build/R16NW|UNK|chrome 66.0 for android|UNK,SM-G955U Build/R16NW,,chrome 66.0 for android,
HTC U11 Build/NMF26X|UNK|chrome 66.0 for android|UNK,HTC U11 Build/NMF26X,,chrome 66.0 for android,
FEVER|UNK|chrome 63.0 for android|UNK,FEVER,,chrome 63.0 for android,
SM-T560 Build/KTU84P|UNK|chrome|UNK,SM-T560 Build/KTU84P,,chrome,
Windows|Windows 7|chrome 60.0|2112x1188,Windows,Windows 7,chrome 60.0,2112x1188
LG-D320 Build/KOT49I.V10a|UNK|chrome|UNK,LG-D320 Build/KOT49I.V10a,,chrome,
Windows|Windows 10|firefox 57.0|3360x2100,Windows,Windows 10,firefox 57.0,3360x2100
SM-A300H Build/LRX22G|UNK|chrome 66.0 for android|UNK,SM-A300H Build/LRX22G,,chrome 66.0 for android,
Trident/7.0|Windows 7|ie 11.0 for desktop|1365x767,Trident/7.0,Windows 7,ie 11.0 for desktop,1365x767
MacOS|Mac OS X 10_11_6|safari 9.0|1280x800,MacOS,Mac OS X 10_11_6,safari 9.0,1280x800
SAMSUNG-SM-J320A Build/NMF26X|UNK|chrome 66.0 for android|UNK,SAMSUNG-SM-J320A Build/NMF26X,,chrome 66.0 for android,
SAMSUNG-SM-G935A Build/NRD90M|Android 7.0|chrome 66.0 for android|1920x1080,SAMSUNG-SM-G935A Build/NRD90M,Android 7.0,chrome 66.0 for android,1920x1080
XT1635-02 Build/NPN26.118-22-2|UNK|chrome 66.0 for android|UNK,XT1635-02 Build/NPN26.118-22-2,,chrome 66.0 for android,
Linux x86_64|UNK|chrome 66.0|UNK,Linux x86_64,,chrome 66.0,
5010S Build/MRA58K|UNK|chrome 65.0 for android|UNK,5010S Build/MRA58K,,chrome 65.0 for android,
LG-H650 Build/LMY47V|UNK|chrome 51.0 for android|UNK,LG-H650 Build/LMY47V,,chrome 51.0 for android,
LGLS676 Build/MXB48T|UNK|chrome 65.0 for android|UNK,LGLS676 Build/MXB48T,,chrome 65.0 for android,
SAMSUNG SM-G900M Build/LRX21T|UNK|samsung|UNK,SAMSUNG SM-G900M Build/LRX21T,,samsung,
UNK|Linux|chrome 66.0|2220x1080,,Linux,chrome 66.0,2220x1080
LGLS676 Build/MXB48T|Android 6.0.1|chrome 66.0 for android|1280x720,LGLS676 Build/MXB48T,Android 6.0.1,chrome 66.0 for android,1280x720
rv:60.0|Mac OS X 10.13|firefox 60.0|1440x900,rv:60.0,Mac OS X 10.13,firefox 60.0,1440x900
Windows|Windows 10|edge 14.0|1279x1023,Windows,Windows 10,edge 14.0,1279x1023
MacOS|Mac OS X 10_13_1|safari 11.0|1440x900,MacOS,Mac OS X 10_13_1,safari 11.0,1440x900
Moto|Android 7.0|chrome 66.0 for android|1920x1080,Moto,Android 7.0,chrome 66.0 for android,1920x1080
rv:60.0|Android 7.0|firefox|1920x1080,rv:60.0,Android 7.0,firefox,1920x1080
XT1563 Build/MPD24.65-25|UNK|chrome 66.0 for android|UNK,XT1563 Build/MPD24.65-25,,chrome 66.0 for android,
Trident/7.0|Windows 7|ie 11.0 for desktop|1023x768,Trident/7.0,Windows 7,ie 11.0 for desktop,1023x768
MacOS|Mac OS X 10_11_6|chrome 66.0|2560x1080,MacOS,Mac OS X 10_11_6,chrome 66.0,2560x1080
SM-T330|UNK|chrome 65.0 for android|UNK,SM-T330,,chrome 65.0 for android,
iOS Device|iOS 11.3.1|google search application 49.0|1136x640,iOS Device,iOS 11.3.1,google search application 49.0,1136x640
Windows|Windows 8.1|chrome 66.0|1280x720,Windows,Windows 8.1,chrome 66.0,1280x720
TOMMY2|UNK|chrome 65.0 for android|UNK,TOMMY2,,chrome 65.0 for android,
AX820 Build/MRA58K|UNK|chrome 54.0 for android|UNK,AX820 Build/MRA58K,,chrome 54.0 for android,
LG-X210 Build/LMY47I|UNK|chrome 66.0 for android|UNK,LG-X210 Build/LMY47I,,chrome 66.0 for android,
G3123 Build/40.0.A.6.175|UNK|chrome 66.0 for android|UNK,G3123 Build/40.0.A.6.175,,chrome 66.0 for android,
SM-T110 Build/JDQ39|UNK|chrome 66.0 for android|UNK,SM-T110 Build/JDQ39,,chrome 66.0 for android,
AX821 Build/MRA58K|UNK|chrome 66.0 for android|UNK,AX821 Build/MRA58K,,chrome 66.0 for android,
Windows|Windows 10|firefox 60.0|1440x900,Windows,Windows 10,firefox 60.0,1440x900
UNK|UNK|google search application 49.0|UNK,,,google search application 49.0,
BLN-L21 Build/HONORBLN-L21|UNK|chrome 66.0 for android|UNK,BLN-L21 Build/HONORBLN-L21,,chrome 66.0 for android,
SM-J250M Build/NMF26X|UNK|chrome 66.0 for android|UNK,SM-J250M Build/NMF26X,,chrome 66.0 for android,
SAMSUNG SM-G950F Build/R16NW|UNK|samsung browser 6.4|UNK,SAMSUNG SM-G950F Build/R16NW,,samsung browser 6.4,
Blade V6 Build/LRX22G|UNK|chrome 66.0 for android|UNK,Blade V6 Build/LRX22G,,chrome 66.0 for android,
Moto X Play Build/NPD26.48-24-1|UNK|chrome 66.0 for android|UNK,Moto X Play Build/NPD26.48-24-1,,chrome 66.0 for android,
Lenovo K33b36 Build/NRD90N|UNK|chrome 66.0 for android|UNK,Lenovo K33b36 Build/NRD90N,,chrome 66.0 for android,
LG-D850|Android|chrome 66.0 for android|2560x1440,LG-D850,Android,chrome 66.0 for android,2560x1440
B1-750|UNK|chrome 66.0 for android|UNK,B1-750,,chrome 66.0 for android,
SM-J120H Build/LMY47V|UNK|chrome 66.0 for android|UNK,SM-J120H Build/LMY47V,,chrome 66.0 for android,
LGLS990|Android|chrome 66.0 for android|2560x1440,LGLS990,Android,chrome 66.0 for android,2560x1440
KFDOWI Build/LVY48F|Android 5.1.1|chrome 66.0 for android|1280x800,KFDOWI Build/LVY48F,Android 5.1.1,chrome 66.0 for android,1280x800
Z9 PLUS Build/NRD90M|UNK|chrome 66.0 for android|UNK,Z9 PLUS Build/NRD90M,,chrome 66.0 for android,
rv:52.0|Windows XP|firefox 52.0|1920x1080,rv:52.0,Windows XP,firefox 52.0,1920x1080
Gravity Build/NRD90M|UNK|chrome 66.0 for android|UNK,Gravity Build/NRD90M,,chrome 66.0 for android,
LG-K500 Build/MMB29M|UNK|chrome 66.0 for android|UNK,LG-K500 Build/MMB29M,,chrome 66.0 for android,
Windows|Windows 8.1|chrome 66.0|1680x1050,Windows,Windows 8.1,chrome 66.0,1680x1050
WAS-LX1 Build/HUAWEIWAS-LX1|UNK|chrome 66.0 for android|UNK,WAS-LX1 Build/HUAWEIWAS-LX1,,chrome 66.0 for android,
rv:59.0|Mac OS X 10.13|firefox 59.0|1600x900,rv:59.0,Mac OS X 10.13,firefox 59.0,1600x900
Windows|Windows 10|firefox 60.0|1280x1024,Windows,Windows 10,firefox 60.0,1280x1024
Moto G (5) Build/NPP25.137-38|UNK|chrome 66.0 for android|UNK,Moto G (5) Build/NPP25.137-38,,chrome 66.0 for android,
Windows|Windows 10|edge 14.0|1920x1200,Windows,Windows 10,edge 14.0,1920x1200
Alumini3Plus|UNK|chrome 66.0 for android|UNK,Alumini3Plus,,chrome 66.0 for android,
SAMSUNG-SM-G890A Build/NRD90M|Android 7.0|chrome 66.0 for android|2560x1440,SAMSUNG-SM-G890A Build/NRD90M,Android 7.0,chrome 66.0 for android,2560x1440
Windows|Windows 8|firefox 59.0|1366x768,Windows,Windows 8,firefox 59.0,1366x768
MacOS|Mac OS X 10_12_6|chrome 66.0|1920x1200,MacOS,Mac OS X 10_12_6,chrome 66.0,1920x1200
SM-N950F Build/R16NW|UNK|chrome 66.0 for android|UNK,SM-N950F Build/R16NW,,chrome 66.0 for android,
SM-G9650 Build/R16NW|UNK|chrome 66.0 for android|UNK,SM-G9650 Build/R16NW,,chrome 66.0 for android,
HUAWEI Y520-U03 Build/HUAWEIY520-U03|UNK|chrome 65.0 for android|UNK,HUAWEI Y520-U03 Build/HUAWEIY520-U03,,chrome 65.0 for android,
Windows|Windows 10|chrome 65.0|2304x1440,Windows,Windows 10,chrome 65.0,2304x1440
Windows|Windows 7|firefox 60.0|1280x1024,Windows,Windows 7,firefox 60.0,1280x1024
iOS Device|iOS 11.3.1|google search application 49.0|2048x1536,iOS Device,iOS 11.3.1,google search application 49.0,2048x1536
Alumini3Plus|UNK|android webview 4.0|UNK,Alumini3Plus,,android webview 4.0,
SAMSUNG SM-G550T1 Build/MMB29K|UNK|samsung browser 6.4|UNK,SAMSUNG SM-G550T1 Build/MMB29K,,samsung browser 6.4,
5015A Build/LMY47I|UNK|chrome 66.0 for android|UNK,5015A Build/LMY47I,,chrome 66.0 for android,
MYA-L03 Build/HUAWEIMYA-L03|UNK|chrome 66.0 for android|UNK,MYA-L03 Build/HUAWEIMYA-L03,,chrome 66.0 for android,
LG-H420 Build/LRX21Y|UNK|chrome 65.0 for android|UNK,LG-H420 Build/LRX21Y,,chrome 65.0 for android,
iOS Device|iOS 10.2.0|chrome 63.0 for ios|2208x1242,iOS Device,iOS 10.2.0,chrome 63.0 for ios,2208x1242
5011A Build/NRD90M|UNK|chrome 66.0 for android|UNK,5011A Build/NRD90M,,chrome 66.0 for android,
Lenovo YT3-850F Build/MMB29M|UNK|chrome 66.0 for android|UNK,Lenovo YT3-850F Build/MMB29M,,chrome 66.0 for android,
iris50|UNK|chrome 66.0 for android|UNK,iris50,,chrome 66.0 for android,
SAMSUNG SM-G930F/XXU2DRC1 Build/NRD90M|UNK|samsung browser 6.4|UNK,SAMSUNG SM-G930F/XXU2DRC1 Build/NRD90M,,samsung browser 6.4,
Moto G (4) Build/NPJS25.93-14-10|UNK|chrome 63.0 for android|UNK,Moto G (4) Build/NPJS25.93-14-10,,chrome 63.0 for android,
Moto E (4) Plus Build/NMA26.42-142|UNK|chrome 66.0 for android|UNK,Moto E (4) Plus Build/NMA26.42-142,,chrome 66.0 for android,
LG-TP450 Build/NRD90U|UNK|chrome 66.0 for android|UNK,LG-TP450 Build/NRD90U,,chrome 66.0 for android,
LG-H420 Build/LRX21Y|UNK|chrome 66.0 for android|UNK,LG-H420 Build/LRX21Y,,chrome 66.0 for android,
Mi A1 Build/OPR1.170623.026|UNK|chrome 66.0 for android|UNK,Mi A1 Build/OPR1.170623.026,,chrome 66.0 for android,
Redmi Note 4X Build/MRA58K|UNK|chrome 66.0 for android|UNK,Redmi Note 4X Build/MRA58K,,chrome 66.0 for android,
SM-J320FN Build/LMY47V|UNK|chrome 66.0 for android|UNK,SM-J320FN Build/LMY47V,,chrome 66.0 for android,
XT1003|UNK|chrome 65.0 for android|UNK,XT1003,,chrome 65.0 for android,
MacOS|Mac OS X 10_10_5|chrome 66.0|2880x1800,MacOS,Mac OS X 10_10_5,chrome 66.0,2880x1800
SM-J700T Build/MMB29K|UNK|chrome 55.0 for android|UNK,SM-J700T Build/MMB29K,,chrome 55.0 for android,
Windows|Windows 7|ie 11.0 for desktop|1919x1080,Windows,Windows 7,ie 11.0 for desktop,1919x1080
LG-H910 Build/NRD90M|Android 7.0|chrome 66.0 for android|2560x1440,LG-H910 Build/NRD90M,Android 7.0,chrome 66.0 for android,2560x1440
iOS Device|iOS 11.3.0|firefox|1136x640,iOS Device,iOS 11.3.0,firefox,1136x640
Aquaris X5 Plus Build/NMF26F|UNK|chrome 66.0 for android|UNK,Aquaris X5 Plus Build/NMF26F,,chrome 66.0 for android,
SAMSUNG SM-G930T Build/NRD90M|UNK|samsung browser 6.4|UNK,SAMSUNG SM-G930T Build/NRD90M,,samsung browser 6.4,
Hisense F8 MINI Build/NRD90M|UNK|chrome 66.0 for android|UNK,Hisense F8 MINI Build/NRD90M,,chrome 66.0 for android,
SM-G570M Build/NRD90M|UNK|android webview 4.0|UNK,SM-G570M Build/NRD90M,,android webview 4.0,
SM-T560 Build/KTU84P|UNK|chrome 66.0 for android|UNK,SM-T560 Build/KTU84P,,chrome 66.0 for android,
Moto G (5) Plus Build/NPNS25.137-92-4|UNK|chrome 66.0 for android|UNK,Moto G (5) Plus Build/NPNS25.137-92-4,,chrome 66.0 for android,
MacOS|Mac OS X 10_11_6|safari 11.0|1600x900,MacOS,Mac OS X 10_11_6,safari 11.0,1600x900
LG-K530 Build/MMB29M|UNK|chrome 66.0 for android|UNK,LG-K530 Build/MMB29M,,chrome 66.0 for android,
SM-G930F Build/MMB29K|UNK|chrome 66.0 for android|UNK,SM-G930F Build/MMB29K,,chrome 66.0 for android,
SM-J111M Build/LMY47V|UNK|chrome 66.0 for android|UNK,SM-J111M Build/LMY47V,,chrome 66.0 for android,
PRA-LX1 Build/HUAWEIPRA-LX1|UNK|chrome 66.0 for android|UNK,PRA-LX1 Build/HUAWEIPRA-LX1,,chrome 66.0 for android,
FEVER|UNK|chrome 66.0 for android|UNK,FEVER,,chrome 66.0 for android,
rv:55.0|Mac OS X 10.13|firefox 55.0|1920x1080,rv:55.0,Mac OS X 10.13,firefox 55.0,1920x1080
iOS Device|iOS 11.2.5|google search application 49.0|1334x750,iOS Device,iOS 11.2.5,google search application 49.0,1334x750
BAC-L03 Build/HUAWEIBAC-L03|UNK|chrome 66.0 for android|UNK,BAC-L03 Build/HUAWEIBAC-L03,,chrome 66.0 for android,
H3321|UNK|chrome 66.0 for android|UNK,H3321,,chrome 66.0 for android,
STUDIO_G_HD|UNK|chrome 52.0 for android|UNK,STUDIO_G_HD,,chrome 52.0 for android,
Moto E (4) Plus Build/NMA26.42-142|UNK|chrome 56.0 for android|UNK,Moto E (4) Plus Build/NMA26.42-142,,chrome 56.0 for android,
iOS Device|iOS 11.3.1|google search application 49.0|2732x2048,iOS Device,iOS 11.3.1,google search application 49.0,2732x2048
Windows|Windows 7|firefox 60.0|2048x1152,Windows,Windows 7,firefox 60.0,2048x1152
SGH-M919 Build/KTU84P|Android|chrome 66.0 for android|1920x1080,SGH-M919 Build/KTU84P,Android,chrome 66.0 for android,1920x1080
SM-P550 Build/NMF26X|UNK|chrome 66.0 for android|UNK,SM-P550 Build/NMF26X,,chrome 66.0 for android,
BLADE V8Q Build/N2G47H|UNK|chrome 58.0 for android|UNK,BLADE V8Q Build/N2G47H,,chrome 58.0 for android,
SAMSUNG SM-N950U Build/R16NW|UNK|samsung browser 7.0|UNK,SAMSUNG SM-N950U Build/R16NW,,samsung browser 7.0,
Windows|Windows 10|edge 16.0|3838x2160,Windows,Windows 10,edge 16.0,3838x2160
E5823 Build/32.4.A.1.54|UNK|chrome 66.0 for android|UNK,E5823 Build/32.4.A.1.54,,chrome 66.0 for android,
SM-N920T Build/NRD90M|UNK|chrome 66.0 for android|UNK,SM-N920T Build/NRD90M,,chrome 66.0 for android,
iOS Device|iOS 11.3.0|google search application 49.0|2208x1242,iOS Device,iOS 11.3.0,google search application 49.0,2208x1242
Moto G (4) Build/NPJS25.93-14-15|UNK|chrome 63.0 for android|UNK,Moto G (4) Build/NPJS25.93-14-15,,chrome 63.0 for android,
Moto C Build/NRD90M.063|UNK|chrome 66.0 for android|UNK,Moto C Build/NRD90M.063,,chrome 66.0 for android,
Windows|Windows 8.1|firefox 60.0|1440x900,Windows,Windows 8.1,firefox 60.0,1440x900
Azumi_KINZO_A5_QL|UNK|chrome 65.0 for android|UNK,Azumi_KINZO_A5_QL,,chrome 65.0 for android,
iOS Device|iOS 11.3.1|google search application 49.0|1334x750,iOS Device,iOS 11.3.1,google search application 49.0,1334x750
moto g(6) play Build/OPP27.61-14-4|UNK|chrome 66.0 for android|UNK,moto g(6) play Build/OPP27.61-14-4,,chrome 66.0 for android,
SM-A510M Build/MMB29K|UNK|chrome 66.0 for android|UNK,SM-A510M Build/MMB29K,,chrome 66.0 for android,
LG-H420 Build/LRX21Y|UNK|android browser 4.0|UNK,LG-H420 Build/LRX21Y,,android browser 4.0,
Windows|Windows 7|firefox 60.0|1600x900,Windows,Windows 7,firefox 60.0,1600x900
TA-1044 Build/OPR1.170623.026|UNK|chrome 64.0 for android|UNK,TA-1044 Build/OPR1.170623.026,,chrome 64.0 for android,
HUAWEI CUN-L03 Build/HUAWEICUN-L03|UNK|chrome 66.0 for android|UNK,HUAWEI CUN-L03 Build/HUAWEICUN-L03,,chrome 66.0 for android,
gxq6580_weg_l Build/LMY47I|UNK|chrome 59.0 for android|UNK,gxq6580_weg_l Build/LMY47I,,chrome 59.0 for android,
Windows|Windows 8.1|chrome 66.0|1360x768,Windows,Windows 8.1,chrome 66.0,1360x768
RNE-L21 Build/HUAWEIRNE-L21|UNK|chrome 66.0 for android|UNK,RNE-L21 Build/HUAWEIRNE-L21,,chrome 66.0 for android,
Windows|Windows 10|chrome 66.0|1707x960,Windows,Windows 10,chrome 66.0,1707x960
Windows|Windows 7|chrome 66.0|1727x971,Windows,Windows 7,chrome 66.0,1727x971
Windows|Windows 10|edge 17.0|1920x1079,Windows,Windows 10,edge 17.0,1920x1079
MacOS|Mac OS X 10_13_4|chrome 66.0|4096x2304,MacOS,Mac OS X 10_13_4,chrome 66.0,4096x2304
iOS Device|iOS 11.3.1|google search application 49.0|2436x1125,iOS Device,iOS 11.3.1,google search application 49.0,2436x1125
SM-N920V Build/NRD90M|UNK|chrome 66.0 for android|UNK,SM-N920V Build/NRD90M,,chrome 66.0 for android,
MacOS|Mac OS X 10_11_6|chrome 66.0|1680x1050,MacOS,Mac OS X 10_11_6,chrome 66.0,1680x1050
X78|UNK|chrome 66.0 for android|UNK,X78,,chrome 66.0 for android,
UNK|Android|chrome 56.0|1920x1080,,Android,chrome 56.0,1920x1080
LGMP450 Build/NRD90U|Android 7.0|chrome 66.0 for android|1920x1080,LGMP450 Build/NRD90U,Android 7.0,chrome 66.0 for android,1920x1080
Windows|Windows 8.1|chrome 66.0|2049x1152,Windows,Windows 8.1,chrome 66.0,2049x1152
MacOS|Mac OS X 10_11_6|chrome 66.0|1920x1200,MacOS,Mac OS X 10_11_6,chrome 66.0,1920x1200
MacOS|Mac OS X 10_13_1|chrome 66.0|1280x800,MacOS,Mac OS X 10_13_1,chrome 66.0,1280x800
5010S Build/MRA58K|UNK|chrome 66.0 for android|UNK,5010S Build/MRA58K,,chrome 66.0 for android,
Trident/7.0|Windows 8.1|ie 11.0 for tablet|2160x1440,Trident/7.0,Windows 8.1,ie 11.0 for tablet,2160x1440
Android 7.1.2|UNK|android webview 4.0|UNK,Android 7.1.2,,android webview 4.0,
LGLS775 Build/NRD90U|UNK|chrome 66.0 for android|UNK,LGLS775 Build/NRD90U,,chrome 66.0 for android,
Moto C Build/NRD90M.070|UNK|chrome 66.0 for android|UNK,Moto C Build/NRD90M.070,,chrome 66.0 for android,
Y550-L02|UNK|chrome 66.0 for android|UNK,Y550-L02,,chrome 66.0 for android,
iOS Device|iOS 11.3.0|firefox|1334x750,iOS Device,iOS 11.3.0,firefox,1334x750
F8331|UNK|chrome 66.0 for android|UNK,F8331,,chrome 66.0 for android,
LS5|UNK|chrome 65.0 for android|UNK,LS5,,chrome 65.0 for android,
LG-M400 Build/NRD90U|UNK|chrome 66.0 for android|UNK,LG-M400 Build/NRD90U,,chrome 66.0 for android,
Windows|Windows 10|opera 52.0|1920x1080,Windows,Windows 10,opera 52.0,1920x1080
SM-N950U Build/R16NW|UNK|chrome 66.0 for android|UNK,SM-N950U Build/R16NW,,chrome 66.0 for android,
Windows|Windows 10|edge 17.0|1280x1024,Windows,Windows 10,edge 17.0,1280x1024
MacOS|Mac OS X 10_11_6|safari 9.0|1366x768,MacOS,Mac OS X 10_11_6,safari 9.0,1366x768
SAMSUNG SM-A300H Build/LRX22G|UNK|samsung browser 3.3|UNK,SAMSUNG SM-A300H Build/LRX22G,,samsung browser 3.3,
SM-J120W|UNK|chrome 66.0 for android|UNK,SM-J120W,,chrome 66.0 for android,
G3123|Android 8.0.0|chrome 66.0 for android|1280x720,G3123,Android 8.0.0,chrome 66.0 for android,1280x720
QTASUN1 Build/NRD90M|Android 7.0|chrome 66.0 for android|1920x1200,QTASUN1 Build/NRD90M,Android 7.0,chrome 66.0 for android,1920x1200
SM-G930F Build/NRD90M|UNK|android webview 4.0|UNK,SM-G930F Build/NRD90M,,android webview 4.0,
D2306 Build/18.6.A.0.182|UNK|chrome 66.0 for android|UNK,D2306 Build/18.6.A.0.182,,chrome 66.0 for android,
VS425|Android 6.0.1|chrome 66.0 for android|855x480,VS425,Android 6.0.1,chrome 66.0 for android,855x480
MacOS|Mac|safari|1440x900,MacOS,Mac,safari,1440x900
MacOS|Mac OS X 10_9_5|safari 9.0|1366x768,MacOS,Mac OS X 10_9_5,safari 9.0,1366x768
UNK|UNK|facebook|UNK,,,facebook,
iOS Device|iOS 11.2.6|mobile safari 11.0|2732x2048,iOS Device,iOS 11.2.6,mobile safari 11.0,2732x2048
MacOS|Mac OS X 10_13_4|safari 11.0|1680x1050,MacOS,Mac OS X 10_13_4,safari 11.0,1680x1050
7_Plus|UNK|android webview 4.0|UNK,7_Plus,,android webview 4.0,
Moto G (5) Build/NPP25.137-33|UNK|chrome 66.0 for android|UNK,Moto G (5) Build/NPP25.137-33,,chrome 66.0 for android,
SM-J7108|UNK|chrome 66.0 for android|UNK,SM-J7108,,chrome 66.0 for android,
MacOS|Mac OS X 10_11_4|safari 9.0|1920x1080,MacOS,Mac OS X 10_11_4,safari 9.0,1920x1080
LG-X180g Build/LMY47I|UNK|chrome 51.0 for android|UNK,LG-X180g Build/LMY47I,,chrome 51.0 for android,
UNK|UNK|google|UNK,,,google,
4047A Build/NRD90M|UNK|chrome 66.0 for android|UNK,4047A Build/NRD90M,,chrome 66.0 for android,
SM-G935T Build/NRD90M|Android 7.0|chrome 66.0 for android|1921x1081,SM-G935T Build/NRD90M,Android 7.0,chrome 66.0 for android,1921x1081
XT1063 Build/MPB24.65-34-3|UNK|chrome 66.0 for android|UNK,XT1063 Build/MPB24.65-34-3,,chrome 66.0 for android,
E6853 Build/32.4.A.1.54|UNK|chrome 66.0 for android|UNK,E6853 Build/32.4.A.1.54,,chrome 66.0 for android,
SM-G530H Build/LRX22G|UNK|chrome 56.0 for android|UNK,SM-G530H Build/LRX22G,,chrome 56.0 for android,
SAMSUNG SM-G9600 Build/R16NW|UNK|samsung browser 7.0|UNK,SAMSUNG SM-G9600 Build/R16NW,,samsung browser 7.0,
Windows|Windows 10|edge 17.0|1360x768,Windows,Windows 10,edge 17.0,1360x768
SAMSUNG SM-N910V Build/MMB29M|Android 6.0.1|samsung browser 6.4|2560x1440,SAMSUNG SM-N910V Build/MMB29M,Android 6.0.1,samsung browser 6.4,2560x1440
6039A Build/LRX22G|UNK|chrome 43.0 for android|UNK,6039A Build/LRX22G,,chrome 43.0 for android,
Windows NT 6.2|Windows 8|ie|1600x900,Windows NT 6.2,Windows 8,ie,1600x900
Z981 Build/MMB29M|UNK|chrome 66.0 for android|UNK,Z981 Build/MMB29M,,chrome 66.0 for android,
SAMSUNG SM-P580 Build/NRD90M|UNK|samsung browser 5.2|UNK,SAMSUNG SM-P580 Build/NRD90M,,samsung browser 5.2,
SAMSUNG SM-G900I Build/MMB29M|UNK|samsung browser 6.4|UNK,SAMSUNG SM-G900I Build/MMB29M,,samsung browser 6.4,
LG-X165g Build/LRX21M|UNK|chrome 66.0 for android|UNK,LG-X165g Build/LRX21M,,chrome 66.0 for android,
Windows|Windows 10|edge 17.0|1680x1050,Windows,Windows 10,edge 17.0,1680x1050
VS995 Build/NRD90M|UNK|chrome 66.0 for android|UNK,VS995 Build/NRD90M,,chrome 66.0 for android,
Moto E (4) Build/NDQS26.69-64-2|UNK|chrome 66.0 for android|UNK,Moto E (4) Build/NDQS26.69-64-2,,chrome 66.0 for android,
LG-M710 Build/NRD90U|UNK|chrome 63.0 for android|UNK,LG-M710 Build/NRD90U,,chrome 63.0 for android,
ANE-LX3 Build/HUAWEIANE-LX3|UNK|chrome 66.0 for android|UNK,ANE-LX3 Build/HUAWEIANE-LX3,,chrome 66.0 for android,
Lenovo PB1-750M Build/S100|UNK|chrome 66.0 for android|UNK,Lenovo PB1-750M Build/S100,,chrome 66.0 for android,
SM-G935T Build/NRD90M|UNK|chrome 66.0 for android|UNK,SM-G935T Build/NRD90M,,chrome 66.0 for android,
SM-G900T Build/MMB29M|UNK|chrome 66.0 for android|UNK,SM-G900T Build/MMB29M,,chrome 66.0 for android,
G3123|UNK|chrome 66.0 for android|UNK,G3123,,chrome 66.0 for android,
SM-G955U Build/R16NW|Android 8.0.0|chrome 66.0 for android|2961x1442,SM-G955U Build/R16NW,Android 8.0.0,chrome 66.0 for android,2961x1442
Trident/7.0|Windows 10|ie 11.0 for tablet|2100x1312,Trident/7.0,Windows 10,ie 11.0 for tablet,2100x1312
SAMSUNG SM-G955F Build/R16NW|UNK|samsung browser 7.0|UNK,SAMSUNG SM-G955F Build/R16NW,,samsung browser 7.0,
MacOS|Mac OS X 10_12_6|safari 10.0|1920x1080,MacOS,Mac OS X 10_12_6,safari 10.0,1920x1080
Moto G Play Build/MPIS24.241-15.3-26|UNK|chrome 59.0 for android|UNK,Moto G Play Build/MPIS24.241-15.3-26,,chrome 59.0 for android,
YOLO|UNK|android browser 4.0|UNK,YOLO,,android browser 4.0,
MacOS|Mac OS X 10_13_1|safari 11.0|2560x1600,MacOS,Mac OS X 10_13_1,safari 11.0,2560x1600
MacOS|Mac OS X 10_13_4|chrome 66.0|3440x1440,MacOS,Mac OS X 10_13_4,chrome 66.0,3440x1440
Windows|Windows 10|chrome 66.0|1360x768,Windows,Windows 10,chrome 66.0,1360x768
Windows|Windows 7|ie 11.0 for desktop|1279x1023,Windows,Windows 7,ie 11.0 for desktop,1279x1023
Windows|Windows 7|firefox 60.0|1680x1050,Windows,Windows 7,firefox 60.0,1680x1050
SM-G920I Build/NRD90M|UNK|chrome 66.0 for android|UNK,SM-G920I Build/NRD90M,,chrome 66.0 for android,
HTC6535LVW|Android 7.0|chrome 66.0 for android|1920x1080,HTC6535LVW,Android 7.0,chrome 66.0 for android,1920x1080
SAMSUNG SM-G900M Build/LRX21T|UNK|samsung browser 6.4|UNK,SAMSUNG SM-G900M Build/LRX21T,,samsung browser 6.4,
SAMSUNG SM-G955F Build/R16NW|UNK|samsung browser 6.4|UNK,SAMSUNG SM-G955F Build/R16NW,,samsung browser 6.4,
P008 Build/NRD90M|Android 7.0|chrome 66.0 for android|2049x1536,P008 Build/NRD90M,Android 7.0,chrome 66.0 for android,2049x1536
M4 SS4457 Build/MRA58K|UNK|chrome 66.0 for android|UNK,M4 SS4457 Build/MRA58K,,chrome 66.0 for android,
MacOS|Mac OS X 10_11_6|safari 9.0|4096x2304,MacOS,Mac OS X 10_11_6,safari 9.0,4096x2304
iOS Device|iOS 11.3.0|chrome 66.0 for ios|2208x1242,iOS Device,iOS 11.3.0,chrome 66.0 for ios,2208x1242
Trident/7.0|Windows 10|ie 11.0 for tablet|2735x1823,Trident/7.0,Windows 10,ie 11.0 for tablet,2735x1823
Windows|Windows 7|chrome 66.0|2112x1188,Windows,Windows 7,chrome 66.0,2112x1188
iOS Device|iOS 11.2.2|google search application 49.0|2732x2048,iOS Device,iOS 11.2.2,google search application 49.0,2732x2048
MacOS|Mac OS X 10_13_4|chrome 66.0|1680x1050,MacOS,Mac OS X 10_13_4,chrome 66.0,1680x1050
MacOS|Mac OS X 10_9_5|safari 9.0|1280x800,MacOS,Mac OS X 10_9_5,safari 9.0,1280x800
HUAWEI VNS-L31 Build/HUAWEIVNS-L31|UNK|chrome 66.0 for android|UNK,HUAWEI VNS-L31 Build/HUAWEIVNS-L31,,chrome 66.0 for android,
Z812|UNK|chrome 65.0 for android|UNK,Z812,,chrome 65.0 for android,
Moto E (4) Plus Build/NMA26.42-142|UNK|chrome 65.0 for android|UNK,Moto E (4) Plus Build/NMA26.42-142,,chrome 65.0 for android,
EVA-L19 Build/HUAWEIEVA-L19|UNK|chrome 66.0 for android|UNK,EVA-L19 Build/HUAWEIEVA-L19,,chrome 66.0 for android,
SAMSUNG SM-T810 Build/NRD90M|UNK|samsung browser 6.4|UNK,SAMSUNG SM-T810 Build/NRD90M,,samsung browser 6.4,
Blade V580 Build/LMY47D|UNK|chrome 66.0 for android|UNK,Blade V580 Build/LMY47D,,chrome 66.0 for android,
Windows|Windows 10|chrome 66.0|2256x1504,Windows,Windows 10,chrome 66.0,2256x1504
MacOS|Mac OS X 10_13_2|safari 11.0|3360x2100,MacOS,Mac OS X 10_13_2,safari 11.0,3360x2100
UNK|UNK|safari|UNK,,,safari,
M4|UNK|chrome 66.0 for android|UNK,M4,,chrome 66.0 for android,
MacOS|Mac OS X 10_12_6|chrome 66.0|2560x1600,MacOS,Mac OS X 10_12_6,chrome 66.0,2560x1600
RNE-L23 Build/HUAWEIRNE-L23|UNK|chrome 66.0 for android|UNK,RNE-L23 Build/HUAWEIRNE-L23,,chrome 66.0 for android,
LG-D680 Build/KOT49I|UNK|chrome 63.0 for android|UNK,LG-D680 Build/KOT49I,,chrome 63.0 for android,
rv:11.0|Windows 7|ie 11.0 for desktop|1024x767,rv:11.0,Windows 7,ie 11.0 for desktop,1024x767
Nexus|UNK|chrome|UNK,Nexus,,chrome,
MacOS|Mac OS X 10_9_5|chrome 66.0|1280x800,MacOS,Mac OS X 10_9_5,chrome 66.0,1280x800
iOS Device|iOS 11.3.1|chrome 66.0 for ios|2001x1125,iOS Device,iOS 11.3.1,chrome 66.0 for ios,2001x1125
SAMSUNG-SM-N920A Build/NRD90M|Android 7.0|chrome 66.0 for android|1921x1081,SAMSUNG-SM-N920A Build/NRD90M,Android 7.0,chrome 66.0 for android,1921x1081
rv:58.0|Mac OS X 10.13|firefox 58.0|5120x2880,rv:58.0,Mac OS X 10.13,firefox 58.0,5120x2880
MacOS|Mac OS X 10_9_5|safari 9.0|1280x1024,MacOS,Mac OS X 10_9_5,safari 9.0,1280x1024
LGMS631 Build/MRA58K|Android 6.0|chrome 66.0 for android|1280x720,LGMS631 Build/MRA58K,Android 6.0,chrome 66.0 for android,1280x720
MacOS|Mac OS X 10_9_5|safari 9.0|1680x1050,MacOS,Mac OS X 10_9_5,safari 9.0,1680x1050
MacOS|Mac OS X 10_13_4|chrome 66.0|1366x768,MacOS,Mac OS X 10_13_4,chrome 66.0,1366x768
UNK|UNK|android browser 4.0|UNK,,,android browser 4.0,
HUAWEI|UNK|chrome 61.0 for android|UNK,HUAWEI,,chrome 61.0 for android,
Blade A510 Build/MRA58K|UNK|chrome 58.0 for android|UNK,Blade A510 Build/MRA58K,,chrome 58.0 for android,
MacOS|Mac OS X 10_12_6|safari 11.0|1600x900,MacOS,Mac OS X 10_12_6,safari 11.0,1600x900
Windows|Windows 10|firefox 60.0|1360x767,Windows,Windows 10,firefox 60.0,1360x767
SAMSUNG SM-G935A Build/NRD90M|UNK|samsung browser 6.4|UNK,SAMSUNG SM-G935A Build/NRD90M,,samsung browser 6.4,
SAMSUNG-SM-G891A Build/NRD90M|UNK|chrome 66.0 for android|UNK,SAMSUNG-SM-G891A Build/NRD90M,,chrome 66.0 for android,
MacOS|Mac OS X 10_11_5|chrome 66.0|1280x800,MacOS,Mac OS X 10_11_5,chrome 66.0,1280x800
MotoE2(4G-LTE|UNK|chrome 66.0 for android|UNK,MotoE2(4G-LTE,,chrome 66.0 for android,
iOS Device|iOS 11.2.5|google|1334x750,iOS Device,iOS 11.2.5,google,1334x750
Ilium X510 Build/MRA58K|UNK|chrome 55.0 for android|UNK,Ilium X510 Build/MRA58K,,chrome 55.0 for android,
GT-N8010|UNK|chrome 65.0 for android|UNK,GT-N8010,,chrome 65.0 for android,
SM-J530GM Build/NRD90M|UNK|chrome 66.0 for android|UNK,SM-J530GM Build/NRD90M,,chrome 66.0 for android,
ASUS_Z017D|UNK|chrome 66.0 for android|UNK,ASUS_Z017D,,chrome 66.0 for android,
SM-G920W8|UNK|chrome 65.0 for android|UNK,SM-G920W8,,chrome 65.0 for android,
VS501 Build/NRD90U|Android 7.0|chrome 66.0 for android|1280x720,VS501 Build/NRD90U,Android 7.0,chrome 66.0 for android,1280x720
Windows|Windows 10|edge 16.0|1599x899,Windows,Windows 10,edge 16.0,1599x899
iOS Device|iOS 11.3.1|google search application 49.0|2208x1242,iOS Device,iOS 11.3.1,google search application 49.0,2208x1242
LGMS550 Build/NRD90U|UNK|chrome 66.0 for android|UNK,LGMS550 Build/NRD90U,,chrome 66.0 for android,
SGP611|UNK|chrome 54.0 for android|UNK,SGP611,,chrome 54.0 for android,
SAMSUNG-SM-T377A Build/MMB29K|Android 6.0.1|chrome 66.0 for android|1280x800,SAMSUNG-SM-T377A Build/MMB29K,Android 6.0.1,chrome 66.0 for android,1280x800
9008A Build/NRD90M|UNK|chrome 66.0 for android|UNK,9008A Build/NRD90M,,chrome 66.0 for android,
M4 SS4457-R Build/NRD90M|UNK|chrome 66.0 for android|UNK,M4 SS4457-R Build/NRD90M,,chrome 66.0 for android,
Moto G Play Build/MPIS24.241-15.3-26|UNK|chrome 66.0 for android|UNK,Moto G Play Build/MPIS24.241-15.3-26,,chrome 66.0 for android,
GT-I9506|UNK|chrome 66.0 for android|UNK,GT-I9506,,chrome 66.0 for android,
rv:60.0|Mac OS X 10.10|firefox 60.0|1280x800,rv:60.0,Mac OS X 10.10,firefox 60.0,1280x800
rv:47.0|Windows 8.1|firefox 47.0|1366x768,rv:47.0,Windows 8.1,firefox 47.0,1366x768
Windows|Windows 7|firefox 60.0|1920x1200,Windows,Windows 7,firefox 60.0,1920x1200
MacOS|Mac OS X 10_9_5|chrome 66.0|2560x1600,MacOS,Mac OS X 10_9_5,chrome 66.0,2560x1600
rv:52.0|Windows 10|firefox 52.0|1920x1080,rv:52.0,Windows 10,firefox 52.0,1920x1080
SAMSUNG|UNK|samsung browser 3.3|UNK,SAMSUNG,,samsung browser 3.3,
Windows|Windows 10|chrome 66.0|2049x1152,Windows,Windows 10,chrome 66.0,2049x1152
Z965 Build/NMF26V|Android 7.1.1|chrome 58.0 for android|1280x720,Z965 Build/NMF26V,Android 7.1.1,chrome 58.0 for android,1280x720
MacOS|Mac OS X 10_12_5|safari 10.0|2880x1800,MacOS,Mac OS X 10_12_5,safari 10.0,2880x1800
MacOS|Mac OS X 10_13_2|chrome 66.0|1440x900,MacOS,Mac OS X 10_13_2,chrome 66.0,1440x900
Windows|Windows 7|opera 52.0|1280x1024,Windows,Windows 7,opera 52.0,1280x1024
MacOS|Mac OS X 10_12_6|safari 11.0|1280x800,MacOS,Mac OS X 10_12_6,safari 11.0,1280x800
Lenovo|UNK|chrome 66.0 for android|UNK,Lenovo,,chrome 66.0 for android,
HUAWEI VNS-L23 Build/HUAWEIVNS-L23|UNK|facebook|UNK,HUAWEI VNS-L23 Build/HUAWEIVNS-L23,,facebook,
Techpad|UNK|chrome 64.0 for android|UNK,Techpad,,chrome 64.0 for android,
SM-P580 Build/NRD90M|Android 7.0|chrome 66.0 for android|1920x1200,SM-P580 Build/NRD90M,Android 7.0,chrome 66.0 for android,1920x1200
KFSAWI|Android 5.1.1|chrome 65.0 for android|2560x1600,KFSAWI,Android 5.1.1,chrome 65.0 for android,2560x1600
UNK|Android|chrome 66.0|1280x800,,Android,chrome 66.0,1280x800
F3313 Build/37.0.A.2.108|UNK|chrome 65.0 for android|UNK,F3313 Build/37.0.A.2.108,,chrome 65.0 for android,
Windows|Windows 7|chrome 66.0|1024x819,Windows,Windows 7,chrome 66.0,1024x819
D2406|UNK|chrome 43.0 for android|UNK,D2406,,chrome 43.0 for android,
Windows|Windows 7|firefox 60.0|1440x900,Windows,Windows 7,firefox 60.0,1440x900
Trident/7.0|Windows 7|ie 11.0 for desktop|1599x899,Trident/7.0,Windows 7,ie 11.0 for desktop,1599x899
ALP-L09 Build/HUAWEIALP-L09|UNK|chrome 66.0 for android|UNK,ALP-L09 Build/HUAWEIALP-L09,,chrome 66.0 for android,
Windows|Windows 10|edge 17.0|2736x1824,Windows,Windows 10,edge 17.0,2736x1824
Windows|Windows 8.1|firefox 60.0|1920x1080,Windows,Windows 8.1,firefox 60.0,1920x1080
HUAWEI Y360-U23 Build/HUAWEIY360-U23|UNK|chrome|UNK,HUAWEI Y360-U23 Build/HUAWEIY360-U23,,chrome,
Windows|Windows 7|chrome 66.0|1280x1025,Windows,Windows 7,chrome 66.0,1280x1025
D6503|UNK|chrome 66.0 for android|UNK,D6503,,chrome 66.0 for android,
iOS Device|iOS 11.3.1|google|1334x750,iOS Device,iOS 11.3.1,google,1334x750
SM-T310 Build/KOT49H|UNK|chrome 66.0 for android|UNK,SM-T310 Build/KOT49H,,chrome 66.0 for android,
iOS Device|iOS 11.2.6|google search application 49.0|2048x1536,iOS Device,iOS 11.2.6,google search application 49.0,2048x1536
Aquaris|UNK|chrome 66.0 for android|UNK,Aquaris,,chrome 66.0 for android,
SAMSUNG SM-J327AZ Build/NRD90M|UNK|samsung browser 6.4|UNK,SAMSUNG SM-J327AZ Build/NRD90M,,samsung browser 6.4,
LG-H650 Build/MRA58K|UNK|chrome 66.0 for android|UNK,LG-H650 Build/MRA58K,,chrome 66.0 for android,
MacOS|Mac OS X 10_13_3|chrome 66.0|5120x2880,MacOS,Mac OS X 10_13_3,chrome 66.0,5120x2880
MALC|Windows 7|ie 11.0 for desktop|1366x768,MALC,Windows 7,ie 11.0 for desktop,1366x768
Lenovo|Android 6.0|chrome 66.0 for android|1920x1200,Lenovo,Android 6.0,chrome 66.0 for android,1920x1200
iOS Device|iOS 11.4.0|mobile safari 11.0|2208x1242,iOS Device,iOS 11.4.0,mobile safari 11.0,2208x1242
Windows|Windows 10|chrome 66.0|1502x845,Windows,Windows 10,chrome 66.0,1502x845
rv:61.0|UNK|firefox mobile 61.0|UNK,rv:61.0,,firefox mobile 61.0,
iOS Device|iOS 11.3.0|chrome 66.0 for ios|1334x750,iOS Device,iOS 11.3.0,chrome 66.0 for ios,1334x750
SM-G930T Build/NRD90M|Android 7.0|chrome 66.0 for android|2560x1440,SM-G930T Build/NRD90M,Android 7.0,chrome 66.0 for android,2560x1440
Windows|Windows 7|chrome 66.0|1280x960,Windows,Windows 7,chrome 66.0,1280x960
SAMSUNG SM-G935P Build/NRD90M|UNK|samsung browser 6.4|UNK,SAMSUNG SM-G935P Build/NRD90M,,samsung browser 6.4,
MacOS|Mac|chrome 58.0|2880x1800,MacOS,Mac,chrome 58.0,2880x1800
BLADE V8Q Build/N2G47H|UNK|chrome 66.0 for android|UNK,BLADE V8Q Build/N2G47H,,chrome 66.0 for android,
Moto E (4) Plus Build/NMA26.42-152|UNK|chrome 66.0 for android|UNK,Moto E (4) Plus Build/NMA26.42-152,,chrome 66.0 for android,
Pixel XL Build/OPM4.171019.016.B1|Android 8.1.0|chrome 66.0 for android|2561x1442,Pixel XL Build/OPM4.171019.016.B1,Android 8.1.0,chrome 66.0 for android,2561x1442
BLADE A520 Build/NRD90M|UNK|chrome 66.0 for android|UNK,BLADE A520 Build/NRD90M,,chrome 66.0 for android,
XT1080 Build/SU6-7.7|UNK|chrome 66.0 for android|UNK,XT1080 Build/SU6-7.7,,chrome 66.0 for android,
Linux x86_64|Linux|firefox 60.0|1920x1080,Linux x86_64,Linux,firefox 60.0,1920x1080
iOS Device|iOS 11.1.1|mobile safari 9.0|1334x750,iOS Device,iOS 11.1.1,mobile safari 9.0,1334x750
Trident/7.0|Windows 10|ie 11.0 for tablet|2559x1440,Trident/7.0,Windows 10,ie 11.0 for tablet,2559x1440
LG-M210 Build/NRD90U|Android 7.0|chrome 66.0 for android|1280x720,LG-M210 Build/NRD90U,Android 7.0,chrome 66.0 for android,1280x720
FRD-L09 Build/HUAWEIFRD-L09|Android 7.0|chrome 66.0 for android|1920x1080,FRD-L09 Build/HUAWEIFRD-L09,Android 7.0,chrome 66.0 for android,1920x1080
rv:60.0|Mac OS X 10.13|firefox 60.0|2560x1600,rv:60.0,Mac OS X 10.13,firefox 60.0,2560x1600
MacOS|Mac OS X 10_13_4|safari 11.0|1360x768,MacOS,Mac OS X 10_13_4,safari 11.0,1360x768
iOS Device|iOS 11.3.1|chrome 66.0 for ios|1136x640,iOS Device,iOS 11.3.1,chrome 66.0 for ios,1136x640
rv:11.0|Windows 7|ie 11.0 for desktop|1279x1023,rv:11.0,Windows 7,ie 11.0 for desktop,1279x1023
Trident/7.0|Windows 8.1|ie 11.0 for tablet|1919x1079,Trident/7.0,Windows 8.1,ie 11.0 for tablet,1919x1079
MacOS|Mac OS X 10_10_5|safari 10.0|1680x1050,MacOS,Mac OS X 10_10_5,safari 10.0,1680x1050
iOS Device|iOS 11.3.1|google|2001x1125,iOS Device,iOS 11.3.1,google,2001x1125
Techpad|UNK|chrome 66.0 for android|UNK,Techpad,,chrome 66.0 for android,
Linux x86_64|UNK|firefox 60.0|UNK,Linux x86_64,,firefox 60.0,
Windows|UNK|firefox 55.0|UNK,Windows,,firefox 55.0,
Windows|Windows 10|edge 17.0|1920x1200,Windows,Windows 10,edge 17.0,1920x1200
Trident/7.0|Windows 10|ie 11.0 for desktop|1679x1049,Trident/7.0,Windows 10,ie 11.0 for desktop,1679x1049
iOS Device|iOS 11.3.1|chrome 63.0 for ios|1334x750,iOS Device,iOS 11.3.1,chrome 63.0 for ios,1334x750
Redmi Note 3 Build/MMB29M|UNK|chrome 66.0 for android|UNK,Redmi Note 3 Build/MMB29M,,chrome 66.0 for android,
TA-1038 Build/NMF26O|UNK|chrome 66.0 for android|UNK,TA-1038 Build/NMF26O,,chrome 66.0 for android,
TA-1025 Build/OPR1.170623.026|Android 8.1.0|chrome 66.0 for android|1920x1080,TA-1025 Build/OPR1.170623.026,Android 8.1.0,chrome 66.0 for android,1920x1080
ORION|UNK|chrome 66.0 for android|UNK,ORION,,chrome 66.0 for android,
MacOS|Mac OS X 10_10_5|chrome 67.0|1920x1200,MacOS,Mac OS X 10_10_5,chrome 67.0,1920x1200
rv:60.0|Windows 8.1|firefox 60.0|1600x900,rv:60.0,Windows 8.1,firefox 60.0,1600x900
Trident/7.0|Windows 8.1|ie 11.0 for tablet|1920x1080,Trident/7.0,Windows 8.1,ie 11.0 for tablet,1920x1080
Build/OPM1.171019.011|Android 8.1.0|chrome 66.0 for android|2160x1081,Build/OPM1.171019.011,Android 8.1.0,chrome 66.0 for android,2160x1081
BLU ENERGY X PLUS Build/LRX21M|UNK|chrome 66.0 for android|UNK,BLU ENERGY X PLUS Build/LRX21M,,chrome 66.0 for android,
Nexus 5X Build/OPR4.170623.006|UNK|chrome 66.0 for android|UNK,Nexus 5X Build/OPR4.170623.006,,chrome 66.0 for android,
Windows|Windows 10|edge 16.0|1920x1279,Windows,Windows 10,edge 16.0,1920x1279
SAMSUNG SM-G930T Build/NRD90M|Android 7.0|samsung browser 6.4|1920x1080,SAMSUNG SM-G930T Build/NRD90M,Android 7.0,samsung browser 6.4,1920x1080
Ilium X220 Build/MRA58K|UNK|chrome 56.0 for android|UNK,Ilium X220 Build/MRA58K,,chrome 56.0 for android,
CPH1723|Android 7.1.1|chrome 66.0 for android|2160x1080,CPH1723,Android 7.1.1,chrome 66.0 for android,2160x1080
TA-1027 Build/OPR1.170623.026|UNK|chrome 66.0 for android|UNK,TA-1027 Build/OPR1.170623.026,,chrome 66.0 for android,
SM-G928G Build/MMB29K|UNK|chrome 66.0 for android|UNK,SM-G928G Build/MMB29K,,chrome 66.0 for android,
2PYB2|UNK|chrome 66.0 for android|UNK,2PYB2,,chrome 66.0 for android,
Windows|Windows 7|chrome 66.0|1280x720,Windows,Windows 7,chrome 66.0,1280x720
SAMSUNG-SM-J327A Build/NRD90M|Android 7.0|chrome 66.0 for android|1280x720,SAMSUNG-SM-J327A Build/NRD90M,Android 7.0,chrome 66.0 for android,1280x720
UNK|UNK|opera 53.0|UNK,,,opera 53.0,
SM-J530F Build/NRD90M|UNK|chrome 66.0 for android|UNK,SM-J530F Build/NRD90M,,chrome 66.0 for android,
Windows|Windows 10|edge 17.0|1366x767,Windows,Windows 10,edge 17.0,1366x767
gxq6580_weg_l Build/LMY47I|UNK|chrome 66.0 for android|UNK,gxq6580_weg_l Build/LMY47I,,chrome 66.0 for android,
G3313 Build/43.0.A.7.25|UNK|chrome 66.0 for android|UNK,G3313 Build/43.0.A.7.25,,chrome 66.0 for android,
Pixel XL Build/OPM4.171019.016.B1|Android 8.1.0|chrome 66.0 for android|2562x1442,Pixel XL Build/OPM4.171019.016.B1,Android 8.1.0,chrome 66.0 for android,2562x1442
iOS Device|iOS 11.3.1|google|2436x1125,iOS Device,iOS 11.3.1,google,2436x1125
rv:60.0|Mac OS X 10.9|firefox 60.0|1280x800,rv:60.0,Mac OS X 10.9,firefox 60.0,1280x800
SM-P600 Build/LMY47X|Android 5.1.1|chrome 61.0 for android|2560x1600,SM-P600 Build/LMY47X,Android 5.1.1,chrome 61.0 for android,2560x1600
MHA-L09 Build/HUAWEIMHA-L09|UNK|chrome 66.0 for android|UNK,MHA-L09 Build/HUAWEIMHA-L09,,chrome 66.0 for android,
Z982 Build/NMF26V|UNK|chrome 66.0 for android|UNK,Z982 Build/NMF26V,,chrome 66.0 for android,
VK700 Build/LRX22G|Android 5.0.2|chrome 66.0 for android|1280x800,VK700 Build/LRX22G,Android 5.0.2,chrome 66.0 for android,1280x800
SM-G930V Build/NRD90M|Android 7.0|chrome 65.0 for android|2560x1440,SM-G930V Build/NRD90M,Android 7.0,chrome 65.0 for android,2560x1440
Windows|Windows 7|firefox 60.0|1600x1200,Windows,Windows 7,firefox 60.0,1600x1200
rv:60.0|Mac OS X 10.11|firefox 60.0|1366x768,rv:60.0,Mac OS X 10.11,firefox 60.0,1366x768
LGMS330 Build/LMY47V|Android 5.1.1|chrome 51.0 for android|855x480,LGMS330 Build/LMY47V,Android 5.1.1,chrome 51.0 for android,855x480
SM-G955U1 Build/R16NW|UNK|chrome 66.0 for android|UNK,SM-G955U1 Build/R16NW,,chrome 66.0 for android,
RNE-L22 Build/HUAWEIRNE-L22|UNK|chrome 66.0 for android|UNK,RNE-L22 Build/HUAWEIRNE-L22,,chrome 66.0 for android,
iOS Device|iOS 11.2.1|google search application 49.0|2436x1125,iOS Device,iOS 11.2.1,google search application 49.0,2436x1125
Windows|Windows 10|edge 15.0|1280x1023,Windows,Windows 10,edge 15.0,1280x1023
Windows|Windows 10|chrome 66.0|3201x1800,Windows,Windows 10,chrome 66.0,3201x1800
Blade V6 Plus Build/MRA58K|UNK|chrome 50.0 for android|UNK,Blade V6 Plus Build/MRA58K,,chrome 50.0 for android,
XT1053 Build/LPAS23.12-21.7-1|UNK|chrome 66.0 for android|UNK,XT1053 Build/LPAS23.12-21.7-1,,chrome 66.0 for android,
SAMSUNG-SM-J320A Build/MMB29K|UNK|chrome 66.0 for android|UNK,SAMSUNG-SM-J320A Build/MMB29K,,chrome 66.0 for android,
Windows|Windows 10|firefox 60.0|1360x768,Windows,Windows 10,firefox 60.0,1360x768
SM-J700T Build/NMF26X|Android 7.1.1|chrome 66.0 for android|1280x720,SM-J700T Build/NMF26X,Android 7.1.1,chrome 66.0 for android,1280x720
D6603 Build/23.5.A.1.291|UNK|chrome 66.0 for android|UNK,D6603 Build/23.5.A.1.291,,chrome 66.0 for android,
IO|UNK|chrome 65.0 for android|UNK,IO,,chrome 65.0 for android,
moto|UNK|chrome 62.0 for android|UNK,moto,,chrome 62.0 for android,
rv:60.0|Mac OS X 10.12|firefox 60.0|1600x900,rv:60.0,Mac OS X 10.12,firefox 60.0,1600x900
MacOS|Mac OS X 10_12_5|chrome 66.0|2560x1600,MacOS,Mac OS X 10_12_5,chrome 66.0,2560x1600
SM-T560NU Build/MMB29M|Android 6.0.1|chrome 65.0 for android|1280x800,SM-T560NU Build/MMB29M,Android 6.0.1,chrome 65.0 for android,1280x800
UNK|Linux|chrome 66.0|2400x1600,,Linux,chrome 66.0,2400x1600
MacOS|Mac OS X 10_9_5|chrome 66.0|1440x900,MacOS,Mac OS X 10_9_5,chrome 66.0,1440x900
F5321|UNK|chrome 66.0 for android|UNK,F5321,,chrome 66.0 for android,
SM-J320V Build/NMF26X|Android 7.1.1|chrome 66.0 for android|1280x720,SM-J320V Build/NMF26X,Android 7.1.1,chrome 66.0 for android,1280x720
ASUS_X008D Build/NRD90M|UNK|android webview 4.0|UNK,ASUS_X008D Build/NRD90M,,android webview 4.0,
iOS Device|iOS 11.2.6|google|1334x750,iOS Device,iOS 11.2.6,google,1334x750
Hisense F20 Build/MMB29M|UNK|chrome 46.0 for android|UNK,Hisense F20 Build/MMB29M,,chrome 46.0 for android,
XT1635-02 Build/OPN27.76-12-22|UNK|chrome 66.0 for android|UNK,XT1635-02 Build/OPN27.76-12-22,,chrome 66.0 for android,
UNK|Linux|chrome 56.0|2220x1081,,Linux,chrome 56.0,2220x1081
MacOS|Mac OS X 10_12|safari 10.0|1280x800,MacOS,Mac OS X 10_12,safari 10.0,1280x800
AERIAL|UNK|chrome 66.0 for android|UNK,AERIAL,,chrome 66.0 for android,
MacOS|Mac OS X 10_13_3|safari 11.0|3360x2100,MacOS,Mac OS X 10_13_3,safari 11.0,3360x2100
Windows|Windows 7|chrome 66.0|1596x710,Windows,Windows 7,chrome 66.0,1596x710
rv:60.0|Android 8.0.0|firefox|2076x1080,rv:60.0,Android 8.0.0,firefox,2076x1080
Redmi Note 3 Build/MMB29M|UNK|chrome 54.0 for android|UNK,Redmi Note 3 Build/MMB29M,,chrome 54.0 for android,
MacOS|Mac OS X 10_13_2|safari 11.0|1280x800,MacOS,Mac OS X 10_13_2,safari 11.0,1280x800
iOS Device|iOS 11.2.6|google|2208x1242,iOS Device,iOS 11.2.6,google,2208x1242
SM-J110M Build/LMY48B|UNK|chrome 66.0 for android|UNK,SM-J110M Build/LMY48B,,chrome 66.0 for android,
iOS Device|iOS 11.3.1|google|2224x1668,iOS Device,iOS 11.3.1,google,2224x1668
Windows|Windows 10|firefox 60.0|3840x2160,Windows,Windows 10,firefox 60.0,3840x2160
MacOS|Mac OS X 10_12_4|chrome 66.0|1366x768,MacOS,Mac OS X 10_12_4,chrome 66.0,1366x768
Z839|Android 7.1.1|chrome 66.0 for android|855x480,Z839,Android 7.1.1,chrome 66.0 for android,855x480
Pixel XL Build/OPM4.171019.016.B1|Android 8.1.0|chrome 64.0 for android|2562x1442,Pixel XL Build/OPM4.171019.016.B1,Android 8.1.0,chrome 64.0 for android,2562x1442
moto|UNK|chrome 66.0 for android|UNK,moto,,chrome 66.0 for android,
SM-N950U Build/NMF26X|Android 7.1.1|chrome 66.0 for android|2961x1442,SM-N950U Build/NMF26X,Android 7.1.1,chrome 66.0 for android,2961x1442
Hisense U963 Build/MRA58K|UNK|chrome 66.0 for android|UNK,Hisense U963 Build/MRA58K,,chrome 66.0 for android,
rv:52.0|Windows XP|firefox 52.0|1600x900,rv:52.0,Windows XP,firefox 52.0,1600x900
HTC Desire 626s Build/LMY47O|UNK|chrome 66.0 for android|UNK,HTC Desire 626s Build/LMY47O,,chrome 66.0 for android,
D5316 Build/19.4.A.0.182|UNK|chrome 55.0 for android|UNK,D5316 Build/19.4.A.0.182,,chrome 55.0 for android,
5010G Build/MRA58K|UNK|chrome 50.0 for android|UNK,5010G Build/MRA58K,,chrome 50.0 for android,
rv:60.0|Mac OS X 10.11|firefox 60.0|1920x1080,rv:60.0,Mac OS X 10.11,firefox 60.0,1920x1080
Lenovo|Android 6.0.1|chrome 66.0 for android|2560x1600,Lenovo,Android 6.0.1,chrome 66.0 for android,2560x1600
Windows|Windows 10|edge 17.0|3440x1440,Windows,Windows 10,edge 17.0,3440x1440
SM-A520F Build/R16NW|UNK|chrome 66.0 for android|UNK,SM-A520F Build/R16NW,,chrome 66.0 for android,
iOS Device|iOS 11.2.6|chrome 65.0 for ios|2001x1125,iOS Device,iOS 11.2.6,chrome 65.0 for ios,2001x1125
Windows|Windows 10|edge 17.0|2735x1823,Windows,Windows 10,edge 17.0,2735x1823
WAS-LX1A Build/HUAWEIWAS-LX1A|UNK|chrome 66.0 for android|UNK,WAS-LX1A Build/HUAWEIWAS-LX1A,,chrome 66.0 for android,
rv:60.0|Mac OS X 10.12|firefox 60.0|2560x1440,rv:60.0,Mac OS X 10.12,firefox 60.0,2560x1440
LG-H811 Build/MRA58K|Android 6.0|chrome 66.0 for android|2560x1440,LG-H811 Build/MRA58K,Android 6.0,chrome 66.0 for android,2560x1440
E2104 Build/24.0.A.5.14|UNK|chrome 66.0 for android|UNK,E2104 Build/24.0.A.5.14,,chrome 66.0 for android,
MacOS|Mac OS X 10_13_4|chrome 66.0|1584x990,MacOS,Mac OS X 10_13_4,chrome 66.0,1584x990
MacOS|Mac OS X 10_13_4|safari 11.0|3840x2160,MacOS,Mac OS X 10_13_4,safari 11.0,3840x2160
Windows|Windows 10|edge 17.0|1365x768,Windows,Windows 10,edge 17.0,1365x768
rv:60.0|Mac OS X 10.13|firefox 60.0|1920x1080,rv:60.0,Mac OS X 10.13,firefox 60.0,1920x1080
MacOS|Mac OS X 10_12_6|safari 11.0|3840x2400,MacOS,Mac OS X 10_12_6,safari 11.0,3840x2400
Lenovo YT3-850F Build/MMB29M|UNK|chrome 54.0 for android|UNK,Lenovo YT3-850F Build/MMB29M,,chrome 54.0 for android,
Windows|Windows 10|chrome 66.0|1727x971,Windows,Windows 10,chrome 66.0,1727x971
SM-T550 Build/NMF26X|UNK|chrome 60.0 for android|UNK,SM-T550 Build/NMF26X,,chrome 60.0 for android,
LG-D680 Build/KOT49I|UNK|chrome 66.0 for android|UNK,LG-D680 Build/KOT49I,,chrome 66.0 for android,
AERIAL|UNK|chrome 60.0 for android|UNK,AERIAL,,chrome 60.0 for android,
Windows|Windows 7|chrome 67.0|1680x945,Windows,Windows 7,chrome 67.0,1680x945
Ilium Pad T7X Build/LMY47I|UNK|chrome 66.0 for android|UNK,Ilium Pad T7X Build/LMY47I,,chrome 66.0 for android,
Windows|UNK|chrome 67.0|UNK,Windows,,chrome 67.0,
FP2|UNK|chrome 66.0 for android|UNK,FP2,,chrome 66.0 for android,
LG-M700 Build/NMF26X|UNK|android webview 4.0|UNK,LG-M700 Build/NMF26X,,android webview 4.0,
SM-G610M Build/MMB29K|UNK|chrome 56.0 for android|UNK,SM-G610M Build/MMB29K,,chrome 56.0 for android,
SM-T800 Build/MMB29K|UNK|chrome 66.0 for android|UNK,SM-T800 Build/MMB29K,,chrome 66.0 for android,
Windows|Windows 10|chrome 67.0|1920x1080,Windows,Windows 10,chrome 67.0,1920x1080
F5121 Build/34.3.A.0.252|UNK|chrome 66.0 for android|UNK,F5121 Build/34.3.A.0.252,,chrome 66.0 for android,
G8142|UNK|chrome 66.0 for android|UNK,G8142,,chrome 66.0 for android,
G630-U251|UNK|chrome|UNK,G630-U251,,chrome,
rv:60.0|Windows 10|firefox 60.0|1366x768,rv:60.0,Windows 10,firefox 60.0,1366x768
LG-SP320|Android 7.1.1|chrome 66.0 for android|1280x720,LG-SP320,Android 7.1.1,chrome 66.0 for android,1280x720
Windows|Windows 10|chrome 66.0|2000x1125,Windows,Windows 10,chrome 66.0,2000x1125
Windows|Windows 7|firefox 60.0|1280x1023,Windows,Windows 7,firefox 60.0,1280x1023
SAMSUNG-SM-G900A Build/KOT49H|UNK|chrome 66.0 for android|UNK,SAMSUNG-SM-G900A Build/KOT49H,,chrome 66.0 for android,
SM-G900F Build/KOT49H|UNK|android browser 4.0|UNK,SM-G900F Build/KOT49H,,android browser 4.0,
LG-K212|Android 6.0.1|chrome 66.0 for android|1280x720,LG-K212,Android 6.0.1,chrome 66.0 for android,1280x720
Windows|Windows 10|chrome 67.0|1024x768,Windows,Windows 10,chrome 67.0,1024x768
LG-M150|UNK|chrome 66.0 for android|UNK,LG-M150,,chrome 66.0 for android,
Windows|Windows 10|chrome 51.0|1680x1050,Windows,Windows 10,chrome 51.0,1680x1050
Windows|Windows 7|chrome 67.0|1496x844,Windows,Windows 7,chrome 67.0,1496x844
UNK|Android|chrome 66.0|1920x1080,,Android,chrome 66.0,1920x1080
MacOS|Mac OS X 10_9_5|chrome 64.0|2048x1152,MacOS,Mac OS X 10_9_5,chrome 64.0,2048x1152
Windows|Windows 10|edge 17.0|2880x1620,Windows,Windows 10,edge 17.0,2880x1620
UNK|UNK|chrome 67.0|UNK,,,chrome 67.0,
iOS Device|iOS 10.3.3|google search application 49.0|2048x1536,iOS Device,iOS 10.3.3,google search application 49.0,2048x1536
Windows|Windows 7|chrome 66.0|1728x972,Windows,Windows 7,chrome 66.0,1728x972
Windows|Windows 10|chrome 66.0|1280x720,Windows,Windows 10,chrome 66.0,1280x720
SM-N910F Build/MMB29M|UNK|chrome 66.0 for android|UNK,SM-N910F Build/MMB29M,,chrome 66.0 for android,
iOS Device|iOS 11.4.0|mobile safari 11.0|1136x640,iOS Device,iOS 11.4.0,mobile safari 11.0,1136x640
Windows|Windows 7|firefox 60.0|1280x900,Windows,Windows 7,firefox 60.0,1280x900
RCT6303W87M7 Build/MRA58K|Android 6.0|chrome 56.0 for android|1280x800,RCT6303W87M7 Build/MRA58K,Android 6.0,chrome 56.0 for android,1280x800
Moto G (4) Build/NPJ25.93-14.7|UNK|chrome 63.0 for android|UNK,Moto G (4) Build/NPJ25.93-14.7,,chrome 63.0 for android,
SM-S902L|Android 4.4.2|chrome 66.0 for android|1920x1080,SM-S902L,Android 4.4.2,chrome 66.0 for android,1920x1080
SM-G960U Build/R16NW|Android 8.0.0|chrome 66.0 for android|2960x1440,SM-G960U Build/R16NW,Android 8.0.0,chrome 66.0 for android,2960x1440
SM-G930T Build/NRD90M|UNK|chrome 66.0 for android|UNK,SM-G930T Build/NRD90M,,chrome 66.0 for android,
Windows|Windows 7|firefox 60.0|2560x1440,Windows,Windows 7,firefox 60.0,2560x1440
iOS Device|iOS 11.2.6|google|2001x1125,iOS Device,iOS 11.2.6,google,2001x1125
SM-T113NU Build/KTU84P|UNK|chrome 66.0 for android|UNK,SM-T113NU Build/KTU84P,,chrome 66.0 for android,
LDN-LX3 Build/HUAWEILDN-LX3|UNK|chrome 66.0 for android|UNK,LDN-LX3 Build/HUAWEILDN-LX3,,chrome 66.0 for android,
UNK|Linux|chrome 66.0|1280x720,,Linux,chrome 66.0,1280x720
SM-G610F Build/NRD90M|UNK|chrome 66.0 for android|UNK,SM-G610F Build/NRD90M,,chrome 66.0 for android,
rv:60.0|Mac OS X 10.12|firefox 60.0|1280x800,rv:60.0,Mac OS X 10.12,firefox 60.0,1280x800
Windows|Windows 7|chrome 67.0|1366x768,Windows,Windows 7,chrome 67.0,1366x768
Windows|Windows 10|chrome 67.0|2560x1600,Windows,Windows 10,chrome 67.0,2560x1600
Windows|Windows 10|chrome 67.0|1366x768,Windows,Windows 10,chrome 67.0,1366x768
Z955A|UNK|chrome 66.0 for android|UNK,Z955A,,chrome 66.0 for android,
Moto G (5) Plus Build/NPN25.137-92|UNK|android webview 4.0|UNK,Moto G (5) Plus Build/NPN25.137-92,,android webview 4.0,
SM-G935V Build/NRD90M|Android 7.0|chrome 66.0 for android|1280x720,SM-G935V Build/NRD90M,Android 7.0,chrome 66.0 for android,1280x720
MacOS|Mac OS X 10_13_4|chrome 67.0|3360x2100,MacOS,Mac OS X 10_13_4,chrome 67.0,3360x2100
MacOS|Mac OS X 10_12_5|chrome 66.0|1440x900,MacOS,Mac OS X 10_12_5,chrome 66.0,1440x900
Windows|Windows 7|chrome 66.0|1400x1050,Windows,Windows 7,chrome 66.0,1400x1050
MacOS|Mac OS X 10_11_4|chrome|1440x900,MacOS,Mac OS X 10_11_4,chrome,1440x900
Windows|Windows 7|chrome 69.0|1600x900,Windows,Windows 7,chrome 69.0,1600x900
rv:60.0|Mac OS X 10.10|firefox 60.0|1920x1080,rv:60.0,Mac OS X 10.10,firefox 60.0,1920x1080
SM-G900T1|Android 6.0.1|chrome 66.0 for android|1920x1080,SM-G900T1,Android 6.0.1,chrome 66.0 for android,1920x1080
XT1058 Build/LPAS23.12-21.7-1|UNK|chrome 66.0 for android|UNK,XT1058 Build/LPAS23.12-21.7-1,,chrome 66.0 for android,
MacOS|Mac OS X 10_11_6|safari 10.0|1920x1080,MacOS,Mac OS X 10_11_6,safari 10.0,1920x1080
LG-M257|UNK|chrome 66.0 for android|UNK,LG-M257,,chrome 66.0 for android,
SM-A510M Build/NRD90M|UNK|chrome 66.0 for android|UNK,SM-A510M Build/NRD90M,,chrome 66.0 for android,
SM-J700T Build/NMF26X|UNK|chrome 66.0 for android|UNK,SM-J700T Build/NMF26X,,chrome 66.0 for android,
LG-E975|UNK|chrome 57.0 for android|UNK,LG-E975,,chrome 57.0 for android,
RCT6513W87 Build/MRA58K|UNK|chrome 66.0 for android|UNK,RCT6513W87 Build/MRA58K,,chrome 66.0 for android,
iOS Device|iOS 11.3.0|google|2001x1125,iOS Device,iOS 11.3.0,google,2001x1125
SM-G950F Build/R16NW|UNK|chrome 67.0 for android|UNK,SM-G950F Build/R16NW,,chrome 67.0 for android,
Moto E (4) Plus Build/NMA26.42-152|UNK|chrome 65.0 for android|UNK,Moto E (4) Plus Build/NMA26.42-152,,chrome 65.0 for android,
SM-G935F Build/NRD90M|Android 7.0|chrome 62.0 for android|1920x1080,SM-G935F Build/NRD90M,Android 7.0,chrome 62.0 for android,1920x1080
